FPT,20150105,14.3136,14.3732,14.1943,14.258,273550
FPT,20150106,14.1645,14.3434,14.1049,14.3475,364050
FPT,20150107,14.3434,14.6416,14.3434,14.437,405560
FPT,20150108,14.4031,14.4329,14.254,14.2878,227300
FPT,20150109,14.2838,14.4627,14.2838,14.4071,320210
FPT,20150112,14.4031,14.6714,14.4031,14.4966,679050
FPT,20150113,14.4329,14.5522,14.4329,14.5264,242060
FPT,20150114,14.5223,14.582,14.3732,14.4966,421120
FPT,20150115,14.5522,14.5522,14.4329,14.5264,281910
FPT,20150116,14.5522,14.5522,14.4329,14.4668,174340
FPT,20150119,14.4627,14.4627,14.3136,14.3176,367020
FPT,20150120,14.3136,14.3732,14.2838,14.3176,344010
FPT,20150121,14.3732,14.5522,14.3732,14.437,607260
FPT,20150122,14.4925,14.4925,14.3732,14.3773,299200
FPT,20150123,14.4329,14.5223,14.3732,14.437,386280
FPT,20150126,14.4329,14.5223,14.4329,14.437,384170
FPT,20150127,14.4031,14.4925,14.3136,14.3176,424160
FPT,20150128,14.2838,14.4031,14.254,14.2878,260670
FPT,20150129,14.2838,14.3136,14.254,14.2878,224460
FPT,20150130,14.3136,14.3434,14.1645,14.1685,587470
FPT,20150202,14.1943,14.254,14.1049,14.1387,219410
FPT,20150203,14.1347,14.1645,14.0154,14.0194,207170
FPT,20150204,14.1347,14.1347,13.9259,13.9895,307040
FPT,20150205,14.0154,14.1645,13.9856,14.079,182990
FPT,20150206,14.1645,14.1645,14.075,14.1088,114380
FPT,20150209,14.2241,14.2241,14.075,14.079,145540
FPT,20150210,14.075,14.1049,14.0154,14.0492,143310
FPT,20150211,14.1049,14.1645,14.075,14.1685,139400
FPT,20150212,14.2838,14.3732,14.254,14.258,435120
FPT,20150213,14.3136,14.3732,14.254,14.3176,198830
FPT,20150224,14.3732,14.5522,14.3732,14.4966,351850
FPT,20150225,14.5522,14.6118,14.4329,14.4668,520900
FPT,20150226,14.4329,14.6118,14.4329,14.6159,276700
FPT,20150227,14.6416,14.7013,14.5223,14.5563,314940
FPT,20150302,14.6118,14.6118,14.4329,14.4668,471270
FPT,20150303,14.6118,14.582,14.4925,14.5861,214540
FPT,20150304,14.6714,15.0591,14.6714,14.9142,993500
FPT,20150305,15.0591,15.2082,14.91,14.9142,393540
FPT,20150306,14.91,15.0591,14.8802,14.9142,335140
FPT,20150309,14.8802,14.91,14.6714,14.6756,414700
FPT,20150310,14.7609,14.8205,14.7013,14.8247,328390
FPT,20150311,14.8205,14.8205,14.7311,14.7651,293150
FPT,20150312,14.7609,14.7609,14.6416,14.6756,368140
FPT,20150313,14.7609,14.8205,14.6416,14.6756,284450
FPT,20150316,14.6714,14.7311,14.6714,14.7352,214490
FPT,20150317,14.7609,15.0591,14.7609,14.9142,717570
FPT,20150318,14.91,14.91,14.7907,14.7949,228430
FPT,20150319,14.91,14.91,14.7609,14.7651,252430
FPT,20150320,14.8802,14.8802,14.7311,14.8546,284340
FPT,20150323,14.7609,14.8802,14.7311,14.7352,274890
FPT,20150324,14.7609,14.7609,14.5522,14.6458,349040
FPT,20150325,14.7609,14.7609,14.6118,14.6756,221110
FPT,20150326,14.7311,14.7311,14.6714,14.7054,276070
FPT,20150327,14.7907,14.7907,14.6714,14.6756,226880
FPT,20150330,14.7311,14.7311,14.4329,14.437,413070
FPT,20150331,14.4329,14.5223,14.4329,14.437,233260
FPT,20150401,14.4329,14.5223,14.2241,14.2282,270910
FPT,20150402,14.254,14.4627,14.2241,14.3475,168030
FPT,20150403,14.4627,14.5522,14.3434,14.5563,116640
FPT,20150406,14.5522,14.6416,14.4627,14.4668,168170
FPT,20150407,14.4329,14.6118,14.4329,14.5861,150220
FPT,20150408,14.6118,14.6416,14.5522,14.5861,162560
FPT,20150409,14.582,14.6118,14.4627,14.5861,258950
FPT,20150410,14.582,14.7311,14.5522,14.6756,345170
FPT,20150413,14.6714,14.7311,14.6416,14.6756,164060
FPT,20150414,14.6714,14.6714,14.5223,14.5264,224290
FPT,20150415,14.582,14.6118,14.4627,14.5861,223010
FPT,20150416,14.582,14.6714,14.5223,14.5563,152830
FPT,20150417,14.582,15.3573,14.582,15.2125,1497670
FPT,20150420,15.2082,15.2082,14.8802,15.0634,358680
FPT,20150421,15.0591,15.2082,14.91,14.9142,263970
FPT,20150422,14.91,15.2082,14.91,14.9142,539100
FPT,20150423,15.0591,15.2082,14.8504,15.0634,641410
FPT,20150424,15.0591,15.2082,14.91,15.0634,268410
FPT,20150427,15.3573,15.6555,15.2082,15.3616,636760
FPT,20150504,15.3573,15.5064,14.6118,14.7352,818280
FPT,20150505,14.7311,15.0591,14.6714,14.9142,444430
FPT,20150506,14.91,15.0591,14.7907,14.7949,406590
FPT,20150507,14.8504,15.0591,14.7907,14.8844,263570
FPT,20150508,14.8802,15.0591,14.8802,14.8844,241080
FPT,20150511,14.91,14.91,14.7907,14.8247,229310
FPT,20150512,14.8205,14.8205,14.6714,14.6756,253240
FPT,20150513,14.6714,14.7013,14.5223,14.6756,471350
FPT,20150514,14.6118,14.7907,14.6118,14.7054,284980
FPT,20150515,14.7311,14.7907,14.6416,14.6458,222770
FPT,20150518,14.6118,14.6714,14.5522,14.5563,493240
FPT,20150519,14.5223,14.6714,14.5223,14.6756,261290
FPT,20150520,14.7907,15.2082,14.7609,15.2125,1067870
FPT,20150521,15.2082,15.8046,15.0591,15.6599,1966840
FPT,20150522,15.6555,15.8046,15.5064,15.5108,639970
FPT,20150525,15.5064,16.1028,15.5064,16.1073,1194140
FPT,20150526,15.9537,16.1028,15.8046,15.8091,953640
FPT,20150527,15.8046,15.9537,15.5064,15.6599,1216710
FPT,20150528,15.9068,16.0466,15.767,15.8759,1158400
FPT,20150529,15.9068,15.9068,15.697,15.736,357830
FPT,20150601,15.697,15.697,15.4873,15.4912,747720
FPT,20150602,15.4873,15.4873,15.2775,15.2814,790020
FPT,20150603,15.2775,15.6621,15.2426,15.4562,638440
FPT,20150604,15.4523,15.5572,15.4523,15.5262,224510
FPT,20150605,15.5572,15.697,15.4523,15.666,578380
FPT,20150608,15.732,15.767,15.4873,15.4912,698960
FPT,20150609,15.4523,15.8019,15.4523,15.4912,618760
FPT,20150610,15.4873,15.6271,15.4174,15.5961,249790
FPT,20150611,15.5922,15.697,15.5922,15.666,420000
FPT,20150612,15.697,15.8369,15.697,15.7709,753350
FPT,20150615,15.8718,15.8718,15.6621,15.736,341650
FPT,20150616,15.732,15.8019,15.5572,15.5611,479370
FPT,20150617,15.5222,15.5922,15.4873,15.5262,483360
FPT,20150618,15.5222,15.732,15.5222,15.5611,324300
FPT,20150619,15.5572,15.767,15.5572,15.666,524770
FPT,20150622,15.732,16.0117,15.697,15.9458,1273750
FPT,20150623,15.9418,15.9767,15.8718,15.9108,623750
FPT,20150624,15.9418,15.9418,15.8019,15.8059,356850
FPT,20150625,15.767,15.8019,15.732,15.736,585020
FPT,20150626,15.767,16.7458,15.767,16.1906,4210260
FPT,20150629,16.3613,16.6759,16.2564,16.3654,935540
FPT,20150630,16.1865,16.3263,16.1865,16.2255,1048220
FPT,20150701,16.2214,16.4662,16.1166,16.3654,737610
FPT,20150702,16.3263,16.571,16.2914,16.5053,1090220
FPT,20150703,16.571,16.571,16.3962,16.4354,758500
FPT,20150706,16.4662,16.606,16.4312,16.6102,979490
FPT,20150707,16.571,16.9206,16.5011,16.6452,1132850
FPT,20150708,16.641,16.7109,16.2914,16.3304,1420160
FPT,20150709,16.2564,16.3962,16.1515,16.3304,999820
FPT,20150710,16.3263,16.4312,16.2214,16.2955,835670
FPT,20150713,16.2914,16.606,16.2564,16.4004,489440
FPT,20150714,16.3962,16.5011,16.2914,16.4004,395670
FPT,20150715,16.4312,16.4312,16.2214,16.2255,654910
FPT,20150716,16.1515,16.2214,16.0117,16.2255,611060
FPT,20150717,16.1865,16.3962,16.1515,16.2255,315540
FPT,20150720,16.2214,16.2214,16.0466,16.1556,419830
FPT,20150721,16.0816,16.1166,15.8718,15.9458,876450
FPT,20150722,15.9418,16.2564,15.9068,16.2605,455030
FPT,20150723,16.2214,16.7458,16.2214,16.4354,2140450
FPT,20150724,16.5011,16.7109,16.5011,16.6452,1217830
FPT,20150727,16.7458,17.3052,16.7109,17.1347,1865720
FPT,20150728,17.1304,17.1304,16.8507,16.855,634450
FPT,20150729,16.8507,17.0255,16.6759,16.7501,1119080
FPT,20150730,16.7458,16.7808,16.5361,16.5403,938320
FPT,20150731,16.6759,16.7109,16.5361,16.5403,541330
FPT,20150803,16.4312,16.4312,16.2214,16.2605,1136670
FPT,20150804,16.3962,16.571,16.2914,16.4354,526180
FPT,20150805,16.571,16.571,16.3962,16.5752,312920
FPT,20150806,16.571,16.641,16.3613,16.3654,561120
FPT,20150807,16.4312,16.606,16.3263,16.5403,546600
FPT,20150810,16.606,16.9556,16.606,16.9599,1180730
FPT,20150811,16.9556,17.1304,16.7808,16.8899,861370
FPT,20150812,16.7808,16.7808,16.5361,16.6452,1257050
FPT,20150813,16.641,16.641,16.3613,16.4354,1573130
FPT,20150814,16.3962,16.5361,16.2564,16.3654,702440
FPT,20150817,16.3613,16.4662,16.0816,16.1556,816140
FPT,20150818,16.1515,16.3263,16.0816,16.2955,751710
FPT,20150819,16.4001,16.6145,16.2572,16.4748,860750
FPT,20150820,16.5073,16.5073,16.2214,16.2604,384210
FPT,20150821,16.1142,16.15,15.7212,16.1532,1184950
FPT,20150824,15.8641,15.9356,15.1138,15.1526,2107920
FPT,20150825,15.0066,15.5426,15.0066,15.3313,1302560
FPT,20150826,15.3639,15.8999,15.3639,15.7601,960660
FPT,20150827,15.7569,15.9356,15.7212,15.8316,701980
FPT,20150828,15.9356,16.007,15.8284,15.9745,883560
FPT,20150831,15.8999,16.007,15.7569,15.7958,383640
FPT,20150901,15.8641,15.8641,15.6855,15.7601,319590
FPT,20150903,15.6855,15.7569,15.614,15.6171,361300
FPT,20150904,15.614,15.7569,15.5783,15.6529,200160
FPT,20150907,15.7212,15.7212,15.5068,15.5814,143530
FPT,20150908,15.5426,15.7569,15.5426,15.6886,195100
FPT,20150909,15.8284,15.8641,15.7569,15.7601,351700
FPT,20150910,15.7569,15.7927,15.6855,15.7958,228830
FPT,20150911,15.8641,15.8641,15.7212,15.7244,178370
FPT,20150914,15.7212,15.7212,15.614,15.6171,213260
FPT,20150915,15.5783,15.6855,15.5426,15.6171,91140
FPT,20150916,15.614,15.6855,15.5783,15.6171,123720
FPT,20150917,15.614,15.7212,15.614,15.6529,121980
FPT,20150918,15.9356,16.0428,15.7569,15.9388,743610
FPT,20150921,16.2572,16.2572,15.8999,16.2604,548700
FPT,20150922,16.2572,16.2929,16.1142,16.1532,289410
FPT,20150923,16.1142,16.2214,16.0428,16.046,447860
FPT,20150924,16.007,16.1857,16.007,16.1175,287470
FPT,20150925,16.15,16.15,16.007,16.046,259280
FPT,20150928,16.0428,16.0785,15.8999,15.903,267580
FPT,20150929,15.8999,15.8999,15.8284,15.903,260100
FPT,20150930,16.007,16.007,15.8284,15.903,159670
FPT,20151001,15.8999,15.9713,15.8641,15.9388,179470
FPT,20151002,15.9356,16.007,15.8999,15.9388,181780
FPT,20151005,15.9713,16.1142,15.9356,16.0817,382440
FPT,20151006,16.2929,16.5073,16.2214,16.4391,923920
FPT,20151007,16.5073,16.5073,16.0785,16.1532,337650
FPT,20151008,16.15,16.3643,16.15,16.3676,331030
FPT,20151009,16.4358,16.5787,16.3643,16.3676,778950
FPT,20151012,16.3286,16.4001,16.3286,16.3676,414610
FPT,20151013,16.3643,16.3643,16.2214,16.2604,298120
FPT,20151014,16.6859,17.1147,16.6502,16.6893,3076790
FPT,20151015,16.7574,16.7574,16.6145,16.6535,426740
FPT,20151016,16.6859,16.7574,16.6859,16.6893,548620
FPT,20151019,16.6859,17.0789,16.6859,16.8322,1396480
FPT,20151020,16.8288,17.1147,16.7931,16.9037,1968330
FPT,20151021,17.0075,17.0075,16.7931,16.7965,703530
FPT,20151022,16.7216,16.8288,16.7216,16.7607,473620
FPT,20151023,16.8646,16.936,16.7931,16.8322,719680
FPT,20151026,16.9718,17.3291,16.9718,17.0109,2631100
FPT,20151027,16.936,17.2576,16.936,17.1538,1345230
FPT,20151028,17.1861,17.472,17.1861,17.4397,2673100
FPT,20151029,17.6149,17.7578,17.5434,17.6184,1846600
FPT,20151030,17.6506,17.6864,17.472,17.6184,982600
FPT,20151102,17.6506,18.2223,17.6149,17.6899,2790190
FPT,20151103,17.865,18.7583,17.8293,18.762,3798850
FPT,20151104,18.9369,19.1156,18.5796,18.5833,1772170
FPT,20151105,18.401,19.1156,18.401,19.1194,2727690
FPT,20151106,19.1156,19.4729,18.5796,18.762,3164790
FPT,20151109,18.5796,18.7583,18.401,18.4047,2035350
FPT,20151110,18.401,18.5796,18.0437,18.226,2049910
FPT,20151111,18.0437,18.5796,18.0437,18.0473,1790510
FPT,20151112,18.2223,19.1156,18.0437,18.9407,3514400
FPT,20151113,18.9369,19.4729,18.7583,19.4768,2759580
FPT,20151116,19.2942,19.6515,18.9369,19.2981,2413900
FPT,20151117,19.1156,19.2942,18.5796,18.5833,2136990
FPT,20151118,18.401,18.9369,18.401,18.5833,1366870
FPT,20151119,18.5796,18.9369,18.401,18.4047,1096120
FPT,20151120,18.2223,18.5796,18.2223,18.226,1196900
FPT,20151123,18.2223,18.401,17.6864,17.6899,2054830
FPT,20151124,17.7578,17.7578,17.2933,17.547,2817650
FPT,20151125,17.6149,18.0437,17.3291,17.8686,1309410
FPT,20151126,17.7935,17.865,17.5077,17.5112,746390
FPT,20151127,17.5792,17.8293,17.472,17.4755,1520660
FPT,20151130,17.5077,17.5077,17.2576,17.2611,1116850
FPT,20151201,17.3648,17.4362,17.1861,17.2253,623880
FPT,20151202,17.2933,17.4005,17.2219,17.2968,675930
FPT,20151203,17.3291,17.4005,17.2576,17.3325,343540
FPT,20151204,17.3291,17.3291,17.0432,17.1181,861320
FPT,20151207,17.0789,17.1504,16.9718,16.9752,892260
FPT,20151208,16.9003,17.5434,16.8288,17.5112,1117670
FPT,20151209,17.5077,17.6506,17.2219,17.2253,735460
FPT,20151210,17.2219,17.3648,17.0789,17.0824,610110
FPT,20151211,17.0432,17.3291,17.0432,17.1538,558390
FPT,20151214,17.1147,17.2219,17.0789,17.0824,434710
FPT,20151215,17.0789,17.3291,17.0789,17.3325,527780
FPT,20151216,17.4005,17.6149,17.4005,17.4397,1252650
FPT,20151217,17.5792,17.6864,17.5077,17.5827,916420
FPT,20151218,17.5792,17.6149,17.472,17.4755,825670
FPT,20151221,17.472,17.472,17.2576,17.3325,540360
FPT,20151222,17.3291,17.4005,17.1861,17.1896,537270
FPT,20151223,17.2576,17.2933,17.0789,17.1181,606040
FPT,20151224,17.1861,17.2219,17.0789,17.0824,474020
FPT,20151225,17.1504,17.1504,17.0432,17.0824,339400
FPT,20151228,17.1504,17.4005,17.0432,17.1896,767110
FPT,20151229,17.2219,17.3291,17.1861,17.2611,433620
FPT,20151230,17.2576,17.472,17.2576,17.2611,913890
FPT,20151231,17.2576,17.4362,17.2219,17.2611,570340
FPT,20160104,17.0789,17.3291,17.0789,17.0824,602210
FPT,20160105,17.0789,17.1504,17.0432,17.0824,734050
FPT,20160106,17.0789,17.1861,17.0789,17.1181,446810
FPT,20160107,17.1147,17.1147,16.7931,16.7965,1841620
FPT,20160108,16.7216,16.7574,16.4358,16.5463,1773760
FPT,20160111,16.543,16.543,16.4001,16.4034,805440
FPT,20160112,16.4358,16.7574,16.3286,16.7607,582160
FPT,20160113,16.7931,16.9003,16.543,16.5821,542910
FPT,20160114,16.4715,16.5787,16.4358,16.5106,509720
FPT,20160115,16.5073,16.6145,16.4358,16.4748,593280
FPT,20160118,16.3286,16.3286,15.8284,16.046,2255130
FPT,20160119,16.0428,16.1857,15.9713,16.1175,873480
FPT,20160120,16.1142,16.2572,16.0428,16.046,651980
FPT,20160121,16.007,16.1142,15.9356,16.046,647810
FPT,20160122,16.0785,16.1142,15.8284,16.0103,692750
FPT,20160125,16.2572,16.8288,16.0785,16.8322,892040
FPT,20160126,16.6145,16.6502,16.4001,16.4034,661130
FPT,20160127,16.6145,16.6145,16.5073,16.5463,336620
FPT,20160128,16.543,16.5787,16.3643,16.4391,491030
FPT,20160129,16.543,16.6145,16.4001,16.5821,496970
FPT,20160201,16.6145,16.7574,16.4358,16.6535,584110
FPT,20160202,16.543,16.6859,16.5073,16.5106,184210
FPT,20160203,16.5787,16.7574,16.5073,16.6535,641500
FPT,20160204,16.7574,16.7574,16.6145,16.6178,282030
FPT,20160205,16.6859,16.7931,16.6145,16.7607,363780
FPT,20160215,16.6859,16.7216,16.543,16.6893,342070
FPT,20160216,16.7931,16.9718,16.6859,16.9037,346480
FPT,20160217,16.9718,17.2219,16.9718,16.9752,719440
FPT,20160218,17.0432,17.2576,17.0075,17.1896,737190
FPT,20160219,17.1504,17.1504,17.0075,17.0466,530400
FPT,20160222,17.0432,17.2219,17.0432,17.2253,518820
FPT,20160223,17.3291,17.3291,17.0789,17.0824,727180
FPT,20160224,17.0432,17.1504,17.0075,17.0824,655980
FPT,20160225,17.1504,17.2576,17.0075,17.0109,673070
FPT,20160226,17.0789,17.0789,16.936,17.0466,383230
FPT,20160229,17.1147,17.1147,17.0075,17.0824,516250
FPT,20160301,17.0789,17.472,17.0075,17.2253,1215810
FPT,20160302,17.2933,17.4362,17.2576,17.404,811910
FPT,20160303,17.4362,17.6149,17.4362,17.4397,831440
FPT,20160304,17.3648,17.6149,17.3648,17.5112,855930
FPT,20160307,17.3648,17.6506,17.3648,17.3683,731820
FPT,20160308,17.3648,17.4005,17.1504,17.1538,1138510
FPT,20160309,17.0789,17.2219,17.0789,17.1538,406000
FPT,20160310,17.1504,17.2576,17.1147,17.2253,278390
FPT,20160311,17.2933,17.472,17.2933,17.3325,752610
FPT,20160314,17.5077,17.6506,17.4005,17.404,1011740
FPT,20160315,17.472,17.5434,17.3291,17.3325,545350
FPT,20160316,17.3291,17.4005,17.2933,17.3325,492970
FPT,20160317,17.3291,17.472,17.3291,17.3325,630200
FPT,20160318,17.5077,17.8293,17.5077,17.6184,2537440
FPT,20160321,17.6149,17.6864,17.5077,17.5827,708370
FPT,20160322,17.5077,17.5434,17.4005,17.404,630690
FPT,20160323,17.4005,17.5077,17.3291,17.404,573490
FPT,20160324,17.4362,17.472,17.2933,17.2968,831940
FPT,20160325,17.2219,17.2933,17.0075,17.1181,1134790
FPT,20160328,17.2576,17.2576,17.1147,17.1538,402090
FPT,20160329,17.1504,17.1504,16.936,16.9752,731100
FPT,20160330,16.9718,17.1147,16.8646,16.9752,595920
FPT,20160331,16.9718,17.1504,16.8288,16.8322,623130
FPT,20160401,16.8288,16.8646,16.6859,16.725,530180
FPT,20160404,16.6859,16.7931,16.6859,16.725,370410
FPT,20160405,16.7216,16.8646,16.6859,16.7965,286440
FPT,20160406,16.7931,16.936,16.7574,16.9394,288080
FPT,20160407,16.9718,17.1147,16.936,17.0824,485800
FPT,20160408,17.0075,17.1504,17.0075,17.0109,312220
FPT,20160411,17.0789,17.2219,16.9718,17.1181,814800
FPT,20160412,17.1504,17.1504,16.9718,17.0466,393630
FPT,20160413,17.0075,17.0789,16.9718,17.0109,568090
FPT,20160414,16.9718,17.0789,16.9718,16.9752,572360
FPT,20160415,17.0075,17.0432,16.8646,16.868,712110
FPT,20160419,16.8646,16.9718,16.7931,16.7965,545970
FPT,20160420,16.7931,16.8646,16.7574,16.8322,878290
FPT,20160421,16.9003,16.9718,16.8288,16.9037,496340
FPT,20160422,16.9003,17.0789,16.8288,17.0824,829700
FPT,20160425,17.1504,17.2576,17.0789,17.1181,562230
FPT,20160426,17.1147,17.1504,16.9718,17.1181,333520
FPT,20160427,17.1504,17.1861,16.9718,17.0466,593060
FPT,20160428,17.1504,17.6149,17.0432,17.2968,3007080
FPT,20160429,17.2933,17.4005,17.2576,17.3683,614320
FPT,20160504,17.2219,17.2576,17.0432,17.1896,771190
FPT,20160505,17.1147,17.2933,17.0789,17.0824,908780
FPT,20160506,17.0789,17.1504,16.9718,16.9752,693360
FPT,20160509,17.0075,17.0789,16.8646,16.868,605810
FPT,20160510,16.8288,16.9718,16.7931,16.9037,465650
FPT,20160511,17.0432,17.0789,16.9003,17.0466,290200
FPT,20160512,17.1147,17.1147,16.936,16.9394,412430
FPT,20160513,16.9718,17.0075,16.8646,16.9394,393240
FPT,20160516,16.936,16.9718,16.8646,16.9037,310390
FPT,20160517,16.936,17.0789,16.9003,17.0109,354380
FPT,20160518,17.1504,17.2933,17.0432,17.0466,692880
FPT,20160519,17.1504,17.1504,17.0075,17.0466,186020
FPT,20160520,17.0432,17.1147,17.0432,17.1181,485060
FPT,20160523,17.2576,17.2576,17.0789,17.0824,345150
FPT,20160524,17.1147,17.1504,17.0432,17.0466,369180
FPT,20160525,17.0789,17.1147,17.0075,17.0466,598370
FPT,20160526,17.0789,17.1147,16.9718,16.9752,1328870
FPT,20160527,17.1238,17.2497,16.9559,17.2116,543580
FPT,20160530,17.2077,17.3756,17.2077,17.2536,447160
FPT,20160531,17.2916,17.2916,17.1238,17.1277,589350
FPT,20160601,17.2077,17.2077,17.1238,17.1277,519620
FPT,20160602,17.2077,17.2077,17.0818,17.1277,318100
FPT,20160603,17.1657,17.1657,17.0398,17.0857,400290
FPT,20160606,17.0818,17.0818,16.8719,16.9597,754110
FPT,20160607,17.0398,17.0398,16.8719,17.0017,559610
FPT,20160608,16.9979,17.0818,16.9559,17.0857,516630
FPT,20160609,17.0818,17.0818,16.9979,17.0017,325390
FPT,20160610,16.9559,17.0398,16.9559,17.0017,475190
FPT,20160613,16.9979,16.9979,16.9559,16.9597,237230
FPT,20160614,16.9139,16.9979,16.9139,17.0017,242560
FPT,20160615,16.9979,16.9979,16.8719,16.9178,414560
FPT,20160616,16.9979,17.0398,16.9139,16.9597,359320
FPT,20160617,16.9559,16.9979,16.9139,16.9597,206120
FPT,20160620,16.9979,18.0051,16.9559,17.9253,1877120
FPT,20160621,18.0051,18.3829,17.8792,17.9253,1442710
FPT,20160622,17.8373,18.0051,17.7953,17.7993,300480
FPT,20160623,17.7533,17.7953,17.5854,17.5894,826170
FPT,20160624,17.5015,17.5015,16.4103,17.1696,2562810
FPT,20160627,17.1657,17.3756,16.8719,17.2956,587560
FPT,20160628,17.2916,17.3756,17.2077,17.2956,328400
FPT,20160629,17.2497,17.8373,17.2497,17.6314,1250570
FPT,20160630,17.8373,17.8792,17.5435,17.5474,669690
FPT,20160701,17.6274,17.7533,17.5435,17.5894,579110
FPT,20160704,17.6274,17.9212,17.6274,17.8413,863920
FPT,20160705,17.8373,17.9212,17.7113,17.7154,791050
FPT,20160706,17.6694,17.8373,17.5854,17.7573,602040
FPT,20160707,17.9212,18.4248,17.7953,18.1771,1592870
FPT,20160708,18.215,18.6347,18.215,18.3031,1594930
FPT,20160711,18.3409,18.4668,17.8792,17.8833,1035540
FPT,20160712,17.8792,18.0471,17.6274,17.8833,744580
FPT,20160713,17.8792,18.173,17.8792,18.0092,751090
FPT,20160714,18.0471,18.4248,18.0051,18.0512,1880280
FPT,20160715,18.0051,18.131,17.8792,17.8833,730200
FPT,20160718,17.8373,17.9212,17.7113,17.8833,578400
FPT,20160719,17.9212,17.9212,17.5015,17.5894,1148610
FPT,20160720,17.5854,17.6694,17.4595,17.4635,575060
FPT,20160721,17.5015,17.6274,17.4176,17.4635,448120
FPT,20160722,17.4176,17.4176,17.1657,17.3376,958530
FPT,20160725,17.3336,17.3756,17.2497,17.2536,375880
FPT,20160726,17.2497,17.2916,17.1238,17.1696,469520
FPT,20160727,17.3336,17.5015,17.2916,17.3376,554520
FPT,20160728,17.3336,17.5015,17.2916,17.3376,512680
FPT,20160729,17.3336,17.3756,17.2077,17.2116,241530
FPT,20160801,17.2077,17.3336,17.1238,17.2536,419730
FPT,20160802,17.2497,17.2497,16.9979,17.0437,806630
FPT,20160803,17.0398,17.1238,16.9559,17.0017,467420
FPT,20160804,16.9979,17.1238,16.9559,16.9597,340270
FPT,20160805,16.9559,17.0818,16.8719,17.0017,461730
FPT,20160808,17.0818,17.2077,17.0398,17.0437,274690
FPT,20160809,17.1238,17.1657,17.0398,17.1696,271030
FPT,20160810,17.0818,17.2497,17.0818,17.2536,236760
FPT,20160811,17.3336,17.5435,17.2916,17.5474,585310
FPT,20160812,17.6274,17.7953,17.4176,17.4635,527660
FPT,20160815,17.4595,17.5015,17.4176,17.4635,281220
FPT,20160816,17.6274,18.0471,17.4595,17.9253,1933670
FPT,20160817,17.9212,18.257,17.8373,18.1352,1354570
FPT,20160818,18.131,18.4668,18.0471,18.0932,1044090
FPT,20160819,18.173,18.173,17.7953,17.7993,662470
FPT,20160822,18.0558,18.0988,17.8409,17.8426,944470
FPT,20160823,17.9698,18.0128,17.7979,17.9286,443570
FPT,20160824,17.9698,18.2278,17.9698,18.0576,749230
FPT,20160825,18.0988,18.2708,18.0128,18.2295,601280
FPT,20160826,18.2278,18.6577,18.2278,18.4875,2217420
FPT,20160829,18.5717,18.7007,18.3137,18.3155,996310
FPT,20160830,18.2708,18.4427,18.2708,18.3155,529860
FPT,20160831,18.4427,19.0876,18.3567,18.8745,3190540
FPT,20160901,19.0446,19.3455,18.9156,19.1324,2145860
FPT,20160905,19.1306,19.2595,18.9586,19.1324,964870
FPT,20160906,19.0876,19.2595,19.0016,19.0034,1385380
FPT,20160907,18.9586,18.9586,18.7007,18.9604,1332450
FPT,20160908,19.0876,19.8614,19.0016,19.6054,3243480
FPT,20160909,19.7754,19.9904,19.5605,19.6484,1833910
FPT,20160912,19.5605,19.6034,19.3025,19.3474,1220220
FPT,20160913,19.3455,19.496,19.1306,19.4334,1151590
FPT,20160914,19.41,19.7539,19.3455,19.5624,1283090
FPT,20160915,19.5605,19.5605,19.1306,19.2614,1111400
FPT,20160916,19.1306,19.3455,19.0876,19.3474,855440
FPT,20160919,19.5175,19.5605,19.2595,19.4764,944500
FPT,20160920,19.5605,19.7324,19.4315,19.6269,1374570
FPT,20160921,19.6464,19.7324,19.5175,19.5624,872200
FPT,20160922,19.5605,20.3773,19.5605,20.0353,2821740
FPT,20160923,20.1193,20.4632,20.1193,20.3793,2331180
FPT,20160926,20.4632,20.7212,20.4632,20.5512,1938720
FPT,20160927,20.5277,20.5492,20.3343,20.5512,2011410
FPT,20160928,20.4847,20.8502,20.4632,20.5942,1675680
FPT,20160929,20.4632,20.6352,20.2483,20.3578,1885090
FPT,20160930,20.3773,20.3773,20.0548,20.0568,1725770
FPT,20161003,20.0763,20.2913,19.9044,20.0568,1063670
FPT,20161004,20.1623,20.3558,19.7754,20.1213,1945280
FPT,20161005,20.2053,20.2053,20.0548,20.1213,482560
FPT,20161006,20.1193,20.1838,19.8184,19.8203,808750
FPT,20161007,19.8399,19.9044,19.2165,19.3689,2656510
FPT,20161010,19.367,19.367,18.7436,18.7455,2105790
FPT,20161011,18.7436,19.1306,18.5502,19.1324,1576130
FPT,20161012,19.0876,19.1735,18.7866,18.8315,737050
FPT,20161013,18.7866,19.0016,18.6577,18.9175,455610
FPT,20161014,18.8726,18.9586,18.8296,18.853,556120
FPT,20161017,18.8726,18.8726,18.6577,18.6595,799570
FPT,20161018,18.6577,18.8511,18.4857,18.7455,461070
FPT,20161019,18.7007,18.9801,18.7007,18.853,484690
FPT,20161020,18.9586,19.0016,18.6792,18.7025,452160
FPT,20161021,18.7007,18.8081,18.6577,18.6595,368030
FPT,20161024,18.6577,18.7436,18.5287,18.5735,683800
FPT,20161025,18.5717,18.8726,18.3997,18.5735,798790
FPT,20161026,18.5717,18.7436,18.4427,18.4875,498350
FPT,20161027,18.6147,18.6147,18.4857,18.5735,320770
FPT,20161028,18.5717,18.7436,18.5502,18.7455,623240
FPT,20161031,18.7007,18.8726,18.7007,18.7025,366100
FPT,20161101,18.7436,18.7436,18.6147,18.6165,287980
FPT,20161102,18.6147,18.6577,18.3137,18.3155,607470
FPT,20161103,18.2708,18.2708,17.9268,18.0576,819360
FPT,20161104,18.0558,18.2278,18.0558,18.1221,216080
FPT,20161107,18.0988,18.4427,18.0988,18.4015,270420
FPT,20161108,18.3997,18.5932,18.3997,18.423,357870
FPT,20161109,18.4212,18.4212,17.6689,18.1436,1259800
FPT,20161110,18.3137,18.4427,18.2708,18.3585,279210
FPT,20161111,18.4427,18.6792,18.3997,18.4875,549240
FPT,20161114,18.3567,18.4857,18.3137,18.38,357500
FPT,20161115,18.3997,18.5717,18.3567,18.5735,410010
FPT,20161116,18.6147,18.6577,18.3997,18.509,483700
FPT,20161117,18.5072,18.5072,18.3137,18.3155,342390
FPT,20161118,18.2708,18.5502,18.2708,18.5305,272520
FPT,20161121,18.5717,18.6577,18.3997,18.5305,398940
FPT,20161122,18.4857,18.6362,18.4857,18.5305,475660
FPT,20161123,18.6147,18.9586,18.5287,18.896,933400
FPT,20161124,18.8296,19.238,18.8296,19.0679,1109900
FPT,20161125,19.0876,19.0876,18.8726,18.896,523930
FPT,20161128,18.8941,18.8941,18.5717,18.7025,401290
FPT,20161129,18.7007,18.7007,18.3567,18.552,488970
FPT,20161130,18.4857,18.6362,18.4427,18.638,284250
FPT,20161201,18.5717,18.8296,18.5717,18.5735,247450
FPT,20161202,18.5717,18.6362,18.4427,18.466,265850
FPT,20161205,18.4857,18.5717,18.3137,18.3155,320460
FPT,20161206,18.3997,18.4212,18.1848,18.1865,407380
FPT,20161207,18.1848,18.2708,18.0988,18.1006,283670
FPT,20161208,18.2708,18.2708,18.1418,18.1651,145770
FPT,20161209,18.2922,18.7007,18.2708,18.4445,355440
FPT,20161212,18.4857,18.4857,18.1418,18.1436,372110
FPT,20161213,18.1418,18.2063,17.9698,17.9716,359950
FPT,20161214,17.9698,18.1418,17.9483,18.0576,394960
FPT,20161215,18.0558,18.0988,17.9698,17.9931,282950
FPT,20161216,18.0343,18.0988,17.9698,18.1006,298690
FPT,20161219,18.0988,18.3567,18.0988,18.3585,218900
FPT,20161220,18.2922,18.4427,18.2708,18.294,293780
FPT,20161221,18.2922,18.3782,18.2493,18.2725,377770
FPT,20161222,18.3997,18.5717,18.2708,18.294,659310
FPT,20161223,18.4212,18.4212,18.2708,18.337,325140
FPT,20161226,18.3352,18.4427,18.2708,18.3585,243940
FPT,20161227,18.3567,18.7007,18.3567,18.552,789970
FPT,20161228,18.5932,18.8296,18.5932,18.7455,864320
FPT,20161229,18.8296,18.8296,18.6147,18.681,376220
FPT,20161230,18.7436,19.0231,18.6362,18.9175,1643340
FPT,20170103,19.281,19.324,19.0446,19.2829,1013070
FPT,20170104,19.2595,19.6464,19.2165,19.4549,1022560
FPT,20170105,19.4315,19.5175,19.3885,19.3904,613870
FPT,20170106,19.4315,19.5605,19.324,19.3259,799750
FPT,20170109,19.367,19.5175,19.3025,19.4334,501610
FPT,20170110,19.453,19.7754,19.41,19.7773,1045680
FPT,20170111,19.9044,20.0333,19.8184,19.8203,740990
FPT,20170112,19.8184,19.8614,19.7109,19.7558,540350
FPT,20170113,19.8184,19.9474,19.2165,19.3044,1640150
FPT,20170116,19.3025,19.3025,18.9156,18.9175,896110
FPT,20170117,18.9156,19.2595,18.9156,19.0894,521250
FPT,20170118,19.2165,19.2165,18.8296,18.8315,496120
FPT,20170119,18.8296,18.9156,18.6792,18.8315,589210
FPT,20170120,18.8296,19.1306,18.8081,19.0034,662850
FPT,20170123,19.0876,19.1735,19.0016,19.1109,457700
FPT,20170124,19.2165,19.3025,19.0446,19.2184,280500
FPT,20170125,19.3025,19.4745,19.195,19.3904,421770
FPT,20170202,19.4315,19.5175,19.1735,19.3044,487480
FPT,20170203,19.2165,19.3025,19.0876,19.2184,497380
FPT,20170206,19.1306,19.1306,19.0016,19.0464,553780
FPT,20170207,19.0231,19.2165,19.0231,19.1324,919390
FPT,20170208,19.1735,19.324,19.1091,19.1754,580940
FPT,20170209,19.1735,19.2165,19.1306,19.1539,796670
FPT,20170210,19.1306,19.1735,19.0231,19.1109,615430
FPT,20170213,19.1735,19.281,19.0876,19.2614,843490
FPT,20170214,19.3455,19.9474,19.3025,19.9493,1942460
FPT,20170215,19.9904,19.9904,19.6894,19.7773,1155260
FPT,20170216,19.7754,19.8829,19.4745,19.4764,1114930
FPT,20170217,19.4315,19.5605,19.3025,19.4764,816130
FPT,20170220,19.4745,19.5175,19.3455,19.3689,739970
FPT,20170221,19.4745,19.7324,19.367,19.5194,1056640
FPT,20170222,19.6464,19.9044,19.5175,19.6913,1230810
FPT,20170223,19.7324,19.9259,19.6249,19.7773,1042580
FPT,20170224,19.7754,19.8184,19.5605,19.7773,929360
FPT,20170227,20.0118,20.1623,19.7754,20.0138,1791360
FPT,20170228,20.0333,20.1193,19.6894,19.7128,787960
FPT,20170301,19.7109,19.7324,19.496,19.6484,814870
FPT,20170302,19.6464,19.7324,19.5175,19.5409,625140
FPT,20170303,19.539,19.7324,19.41,19.6269,400430
FPT,20170306,19.6249,19.8184,19.6249,19.7558,519090
FPT,20170307,19.7754,19.7754,19.5819,19.6913,474030
FPT,20170308,19.6464,19.7754,19.5819,19.6913,486250
FPT,20170309,19.6894,19.7324,19.5605,19.5624,517110
FPT,20170310,19.7754,19.9474,19.6464,19.7773,1204950
FPT,20170313,19.8184,19.9044,19.6464,19.6698,463260
FPT,20170314,19.6894,19.8614,19.6464,19.6484,600400
FPT,20170315,19.6464,19.7324,19.539,19.5839,632570
FPT,20170316,19.6034,19.7324,19.5605,19.6484,610500
FPT,20170317,19.7324,19.9044,19.6679,19.7343,987600
FPT,20170320,19.7324,20.0763,19.7324,20.0353,1573640
FPT,20170321,20.1193,20.3128,20.0333,20.0353,1881270
FPT,20170322,20.0763,20.0978,19.8184,19.8203,1208130
FPT,20170323,19.7754,20.6352,19.7324,20.6372,2026020
FPT,20170324,20.8072,21.0651,20.3988,20.5082,1937460
FPT,20170327,20.4632,20.6352,20.3128,20.4652,1021940
FPT,20170328,20.4632,20.7427,20.3343,20.3793,1161770
FPT,20170329,20.3773,20.5492,20.2913,20.4222,605170
FPT,20170330,20.4203,20.5707,20.2483,20.2503,752470
FPT,20170331,20.2483,20.5062,20.2053,20.3363,1213360
FPT,20170403,20.3343,20.4203,19.9474,19.9493,1994720
FPT,20170404,19.9259,20.2053,19.9259,20.2073,981010
FPT,20170405,20.2053,20.2053,20.0118,20.0138,598970
FPT,20170407,19.9259,20.2268,19.9259,20.2073,900280
FPT,20170410,20.2053,20.3128,20.1623,20.2073,421960
FPT,20170411,20.2053,20.3343,20.1193,20.1858,405130
FPT,20170412,20.2053,20.5277,20.1838,20.4437,1296510
FPT,20170413,20.3558,20.4632,20.2913,20.3148,518960
FPT,20170414,20.2483,20.2698,19.7324,19.7988,1444000
FPT,20170417,19.7969,19.9904,19.6464,19.6484,1066820
FPT,20170418,19.6464,19.7754,19.496,19.7773,596530
FPT,20170419,19.7754,19.9474,19.7324,19.7773,1132270
FPT,20170420,19.7754,19.9259,19.6894,19.7128,526060
FPT,20170421,19.8614,19.9474,19.7109,19.7128,407700
FPT,20170424,19.7109,19.7969,19.6249,19.6698,465680
FPT,20170425,19.6034,19.7754,19.5605,19.6269,602100
FPT,20170426,19.7324,19.7969,19.6464,19.7773,483590
FPT,20170427,19.8184,20.0763,19.8184,19.9923,1001040
FPT,20170428,19.9474,20.0118,19.7754,19.9708,444560
FPT,20170503,20.0763,20.3343,19.9689,20.2073,806650
FPT,20170504,20.2053,20.3773,20.1623,20.2073,692490
FPT,20170505,20.2053,20.3128,20.1623,20.2503,309370
FPT,20170508,20.1623,20.2698,20.1193,20.2073,367850
FPT,20170509,20.2913,20.7642,20.2913,20.7662,1168370
FPT,20170510,20.8502,21.0436,20.6782,20.6802,1568980
FPT,20170511,20.6782,20.8072,20.4847,20.6802,709020
FPT,20170512,20.6782,20.8072,20.6352,20.6372,528780
FPT,20170515,20.6352,20.6352,20.5277,20.5512,506520
FPT,20170516,20.5492,20.7642,20.3988,20.4222,638370
FPT,20170517,20.4203,20.6352,20.3128,20.5512,553800
FPT,20170518,20.6137,20.9361,20.4847,20.5942,909220
FPT,20170519,20.5922,20.8072,20.5492,20.8092,718260
FPT,20170522,20.8502,21.0866,20.8502,20.8522,1719610
FPT,20170523,20.9146,21.2371,20.8502,21.0027,2066240
FPT,20170524,21.1511,21.1726,21.0006,21.1102,1304860
FPT,20170525,21.6978,21.6978,21.4203,21.4996,1713400
FPT,20170526,21.496,21.496,21.1932,21.2473,868540
FPT,20170529,21.2437,21.5464,21.2437,21.4996,634230
FPT,20170530,21.3446,22.0258,21.3446,21.7015,1868870
FPT,20170531,21.6978,21.9753,21.6978,21.7015,1063000
FPT,20170601,21.7483,21.9501,21.7483,21.9286,787160
FPT,20170602,22.0006,22.051,21.7483,21.8277,809190
FPT,20170605,22.0006,22.0258,21.7735,21.8277,666610
FPT,20170606,21.8492,22.6061,21.8492,22.3576,1481770
FPT,20170607,22.6061,22.6061,22.2276,22.2314,842710
FPT,20170608,22.2024,22.379,22.051,22.3071,630430
FPT,20170609,22.3033,22.9593,22.3033,22.7866,1569640
FPT,20170612,22.707,22.8079,22.5052,22.5595,553000
FPT,20170613,22.707,23.1611,22.707,22.8875,1573850
FPT,20170614,23.1107,23.1107,22.7575,22.8118,780590
FPT,20170615,22.8332,22.9088,22.7322,22.9127,615030
FPT,20170616,22.9593,23.0855,22.8584,23.0642,603990
FPT,20170619,23.2116,23.4134,23.1864,23.367,1192040
FPT,20170620,23.4639,23.4639,23.2116,23.2913,762030
FPT,20170621,23.363,23.9685,23.2368,23.9726,1942410
FPT,20170622,23.8676,24.3722,23.8676,24.0231,1244630
FPT,20170623,24.019,24.1199,23.8171,23.9474,759780
FPT,20170626,24.1451,24.1451,23.4639,23.5688,1375990
FPT,20170627,23.4639,23.5144,22.9341,23.0642,2818290
FPT,20170628,23.1611,23.4134,23.035,23.3922,940300
FPT,20170629,23.363,23.5396,23.363,23.4679,730260
FPT,20170630,23.4639,23.6405,23.1107,23.6445,1117400
FPT,20170703,23.6405,23.6405,23.363,23.4174,662700
FPT,20170704,23.4639,23.5648,23.363,23.5184,922560
FPT,20170705,23.4639,23.5648,23.4387,23.5688,508490
FPT,20170706,23.5901,24.1703,23.5144,24.1745,1924630
FPT,20170707,24.2713,24.9272,24.2208,24.5277,2447400
FPT,20170710,24.3217,24.574,24.019,24.3259,1816570
FPT,20170711,24.1703,24.2713,23.7162,24.0231,1027560
FPT,20170712,24.1703,24.2713,23.7414,24.1997,758630
FPT,20170713,24.1199,24.6497,24.0694,24.6539,972830
FPT,20170714,24.6497,24.7002,24.4226,24.5782,541080
FPT,20170717,24.574,24.574,24.0694,24.2249,905330
FPT,20170718,24.019,24.2208,23.8928,24.124,866850
FPT,20170719,24.1199,24.3722,23.5144,23.6698,984170
FPT,20170720,23.5144,23.6657,23.3125,23.6193,896480
FPT,20170721,23.7162,23.8676,23.3125,23.3165,663330
FPT,20170724,23.3125,23.5144,23.2116,23.4679,596990
FPT,20170725,23.4639,23.6657,23.3125,23.5688,592490
FPT,20170726,23.5648,24.1199,23.5648,24.124,702050
FPT,20170727,24.2208,24.5488,24.0694,24.3259,1244010
FPT,20170728,24.3217,24.5488,24.1703,24.5025,1611740
FPT,20170731,24.4731,24.5236,24.2713,24.4016,663380
FPT,20170801,24.4479,24.9525,24.3217,24.7296,1455870
FPT,20170802,24.8011,25.1795,24.574,24.9315,2150390
FPT,20170803,25.0786,25.7851,24.9777,25.2848,1998770
FPT,20170804,25.3814,25.4318,25.0029,25.2848,827080
FPT,20170807,25.2805,25.2805,25.0786,25.1586,766980
FPT,20170808,25.1543,25.23,24.7002,24.7044,1460460
FPT,20170809,24.6749,24.6749,24.2965,24.4268,1842380
FPT,20170810,24.2208,24.7002,24.2208,24.6791,872820
FPT,20170811,24.7254,24.9777,24.5236,24.9567,548460
FPT,20170814,25.23,25.23,24.8263,24.8306,773240
FPT,20170815,24.8263,24.8263,24.4731,24.6791,820690
FPT,20170816,24.6749,24.6749,24.4479,24.5277,814430
FPT,20170817,24.7344,24.8375,24.4252,24.4253,640030
FPT,20170818,24.4252,24.6313,24.1676,24.4768,363920
FPT,20170821,24.7344,24.7344,24.4768,24.6056,355750
FPT,20170822,24.5798,24.6056,24.2706,24.2707,416720
FPT,20170823,24.2191,24.4768,24.2191,24.3222,517300
FPT,20170824,24.4252,24.6313,24.3222,24.5799,433820
FPT,20170825,24.6313,24.6571,24.4768,24.4768,374570
FPT,20170828,24.3737,24.5283,24.3479,24.5283,569140
FPT,20170829,24.4768,24.7859,24.451,24.6056,828090
FPT,20170830,24.554,24.6829,24.5025,24.6314,322140
FPT,20170831,24.6313,25.1466,24.6313,24.9921,1115030
FPT,20170901,25.0436,25.0693,24.889,25.0436,268680
FPT,20170905,25.0436,25.0436,24.8632,24.9921,447330
FPT,20170906,24.9663,24.9663,24.6313,24.8375,510590
FPT,20170907,24.7344,24.889,24.6829,24.6829,479950
FPT,20170908,24.7344,24.7344,24.5798,24.5799,478140
FPT,20170911,24.5798,24.8375,24.3737,24.3995,843320
FPT,20170912,24.4768,24.7859,24.4252,24.786,853680
FPT,20170913,24.889,25.4558,24.889,25.1209,1944610
FPT,20170914,25.2497,25.2497,24.9148,24.9148,857090
FPT,20170915,24.889,24.9921,24.7344,24.8375,794420
FPT,20170918,24.9148,24.9405,24.7344,24.9148,803430
FPT,20170919,24.9921,25.1724,24.9405,24.9406,869330
FPT,20170920,25.0693,25.1209,24.9148,25.0694,631410
FPT,20170921,25.1982,25.5589,25.1209,25.4559,2667670
FPT,20170922,25.5589,25.7392,25.4558,25.4816,1394280
FPT,20170925,25.6362,25.6362,25.1724,25.1725,745050
FPT,20170926,25.1724,25.2497,24.9921,25.2498,878850
FPT,20170927,25.2497,25.4558,25.0951,25.2498,868830
FPT,20170928,25.2497,25.3785,24.9405,25.224,774370
FPT,20170929,25.1982,25.2497,25.0436,25.1209,395560
FPT,20171002,25.1209,25.2239,24.7602,24.8375,911190
FPT,20171003,24.8375,24.8375,24.554,24.6572,1087970
FPT,20171004,24.6829,24.8375,24.6313,24.7602,518400
FPT,20171005,24.9405,25.2239,24.7344,24.8891,658270
FPT,20171006,24.889,25.1466,24.889,25.1209,569960
FPT,20171009,25.2497,25.2497,25.0436,25.1467,585830
FPT,20171010,25.1209,25.4043,25.1209,25.4044,1234640
FPT,20171011,25.4558,26.0227,25.4043,25.7135,2540980
FPT,20171012,25.765,26.4864,25.765,26.2804,2004500
FPT,20171013,26.3834,26.4349,26.0742,26.3834,1078760
FPT,20171016,26.2803,26.7956,26.2288,26.4865,1249640
FPT,20171017,26.538,26.538,26.2288,26.538,861260
FPT,20171018,26.4864,26.7441,26.0227,26.0227,1237160
FPT,20171019,26.0227,26.3834,25.8165,26.0742,977340
FPT,20171020,25.9196,26.1257,25.765,25.9197,767080
FPT,20171023,25.4043,25.9196,25.4043,25.4044,1116150
FPT,20171024,25.4043,25.6619,25.327,25.4044,879390
FPT,20171025,25.5074,25.6619,25.4043,25.6105,768500
FPT,20171026,25.6619,25.7135,25.2497,25.5589,1089860
FPT,20171027,25.4558,25.8681,25.327,25.8681,734980
FPT,20171030,25.8681,26.1772,25.7135,25.7651,1707190
FPT,20171031,25.765,26.4864,25.5589,25.9712,1618160
FPT,20171101,26.0227,26.2803,25.9711,26.1773,907980
FPT,20171102,26.2288,26.4864,25.6619,26.0227,1244900
FPT,20171103,25.765,26.2803,25.4558,26.2804,1200390
FPT,20171106,26.4864,26.6925,26.2288,26.4865,1608490
FPT,20171107,26.538,26.538,26.2288,26.3834,1141790
FPT,20171108,26.3834,27.3109,26.2803,27.311,3385930
FPT,20171109,27.517,27.5686,27.0017,27.1048,1720600
FPT,20171110,27.0533,27.4655,26.8987,26.8987,1369700
FPT,20171113,26.8987,28.2384,26.7441,27.8263,4769280
FPT,20171114,28.0839,28.5992,27.5686,27.7747,4332100
FPT,20171115,29.3206,29.3721,27.8262,29.3206,4665890
FPT,20171116,29.5782,30.2481,29.166,29.3722,3733760
FPT,20171117,29.5267,29.5267,28.8053,29.2176,3930560
FPT,20171120,28.9083,29.8874,28.8053,29.8359,3802520
FPT,20171121,29.9905,30.2996,29.4752,29.4752,3385720
FPT,20171122,29.3721,29.8874,29.3721,29.8875,2596350
FPT,20171123,29.8874,30.2996,29.4752,29.6814,3536130
FPT,20171124,29.6298,29.8874,29.3721,29.8359,2370820
FPT,20171127,29.8874,30.7634,29.8874,29.9905,2653980
FPT,20171128,29.8874,29.9905,29.4752,29.6298,2292500
FPT,20171129,29.8874,30.7634,29.5782,30.5574,3845300
FPT,20171130,30.8665,30.918,30.0935,30.0936,3002720
FPT,20171201,29.9905,30.1966,29.7328,30.0936,1829280
FPT,20171204,30.1451,30.4542,30.042,30.2997,2204370
FPT,20171205,30.2996,30.5573,29.5267,29.5268,3558740
FPT,20171206,29.3721,29.5267,28.8568,29.2691,3522030
FPT,20171207,29.269,29.6298,28.7537,28.9084,1655580
FPT,20171208,28.8568,29.1145,28.393,28.5992,1924190
FPT,20171211,28.0839,28.4446,27.5686,27.5686,2736380
FPT,20171212,27.8777,28.1869,26.1772,27.6717,3113980
FPT,20171213,27.9808,28.2384,27.6716,28.187,1625860
FPT,20171214,28.0839,28.8053,28.0839,28.8053,1276430
FPT,20171215,28.8568,29.269,28.5992,29.1145,1611640
FPT,20171218,29.3721,29.4752,28.9083,29.0115,1793760
FPT,20171219,29.0114,29.2175,28.29,28.4446,2483570
FPT,20171220,28.4446,29.3721,28.4446,29.0115,1960650
FPT,20171221,29.269,29.5782,28.9083,29.063,1845520
FPT,20171222,29.0629,29.5782,28.9599,29.4237,1738070
FPT,20171225,29.5267,29.9389,29.5267,29.6814,2393910
FPT,20171226,29.8874,29.8874,29.4236,29.4237,1246050
FPT,20171227,29.6298,29.6298,29.166,29.2176,1703070
FPT,20171228,29.2175,29.6813,29.1145,29.4752,1916250
FPT,20171229,29.4752,29.6813,29.3721,29.4237,1559860
FPT,20180102,29.5267,30.8149,29.4752,30.815,5022160
FPT,20180103,31.1757,31.2787,30.6604,30.815,2829930
FPT,20180104,30.918,31.4333,30.8665,31.4334,2784800
FPT,20180105,31.4333,31.4848,30.8665,30.9181,2851450
FPT,20180108,30.7119,31.3818,30.5573,31.3818,2529030
FPT,20180109,31.4333,32.1032,31.0726,32.0002,4010010
FPT,20180110,31.9486,32.4639,31.4848,31.691,2610670
FPT,20180111,31.4848,31.8971,31.2787,31.691,2420150
FPT,20180112,31.8455,31.9486,31.0211,31.0211,2824950
FPT,20180115,30.9695,31.5364,30.7634,31.4334,2296030
FPT,20180116,31.3818,31.691,31.0726,31.4334,1512380
FPT,20180117,31.4333,31.4848,30.4027,30.4028,2259230
FPT,20180118,30.042,30.4027,29.6813,30.4028,3314290
FPT,20180119,30.4027,30.8149,30.3512,30.3512,2002690
FPT,20180122,30.6604,31.691,30.6088,31.3818,2509650
FPT,20180125,31.691,32.2578,31.3818,31.4849,5368250
FPT,20180126,31.9486,31.9486,31.1757,31.3303,1631780
FPT,20180129,31.3818,31.8971,30.8665,31.0727,1335440
FPT,20180130,30.8149,32.9792,30.6604,32.9793,4719350
FPT,20180131,33.3914,33.7522,32.4124,32.4124,3988780
FPT,20180201,32.4124,32.7216,31.7425,31.7426,2086500
FPT,20180202,31.7425,31.8455,31.1757,31.4334,1671290
FPT,20180205,30.9695,31.3302,29.4236,29.4237,3754890
FPT,20180206,27.9293,29.1145,27.414,27.9293,5312890
FPT,20180207,29.3721,29.5267,28.8568,29.1661,1872960
FPT,20180208,28.8568,29.3721,28.3415,28.4446,1709000
FPT,20180209,27.0533,28.3415,27.0533,28.3416,2139970
FPT,20180212,29.0114,29.4236,28.0839,29.4237,1166010
FPT,20180213,29.9905,30.5573,29.7843,30.4028,1448350
FPT,20180221,30.9695,31.0726,30.4027,30.6089,1574450
FPT,20180222,30.5573,30.6604,29.9905,30.0936,1433060
FPT,20180223,30.1451,31.2272,30.1451,31.1757,1607200
FPT,20180226,31.4333,31.8455,31.1241,31.1242,2467750
FPT,20180227,31.2787,31.3302,30.6604,30.815,1415610
FPT,20180228,30.5058,31.1241,30.4542,30.815,1835710
FPT,20180301,30.6088,31.5364,30.4542,31.3303,2114250
FPT,20180302,31.1757,31.5879,30.918,31.4849,1840930
FPT,20180305,31.5879,33.2369,31.5879,31.691,6025340
FPT,20180306,32.2063,32.6185,31.794,32.6186,2577540
FPT,20180307,32.7216,32.8246,31.691,32.0517,2000410
FPT,20180308,31.9486,32.2063,31.5879,32.0517,1316600
FPT,20180309,32.3093,32.5154,31.691,31.7426,2068410
FPT,20180312,31.6394,32.2578,31.6394,31.6395,1611250
FPT,20180313,31.5364,31.5364,30.6088,30.9696,4159670
FPT,20180314,30.9695,31.3302,30.6088,31.3303,2070230
FPT,20180315,31.4333,31.4848,31.0726,31.2273,1189330
FPT,20180316,30.9695,31.3302,30.7634,30.9696,1426890
FPT,20180319,31.0211,31.2272,30.8665,31.1757,1337110
FPT,20180320,31.0211,32.1032,30.918,31.588,2921440
FPT,20180321,31.5879,31.8455,31.4333,31.4334,999470
FPT,20180322,31.4333,31.6394,30.9695,30.9696,1264760
FPT,20180323,30.4027,30.7119,29.8874,30.1967,2833670
FPT,20180326,30.1966,30.6088,30.1966,30.5058,940840
FPT,20180327,30.8665,30.9695,30.4027,30.6604,993260
FPT,20180328,30.4542,30.6088,30.2996,30.3512,660440
FPT,20180329,30.6088,30.7634,30.4027,30.6604,827280
FPT,20180330,30.7119,31.5879,30.6088,31.2788,2434830
FPT,20180402,31.691,31.794,31.4333,31.691,2194820
FPT,20180403,31.5364,31.6394,31.3818,31.5364,1140770
FPT,20180404,31.9486,32.3608,31.7425,31.7941,2297950
FPT,20180405,31.9486,32.8246,31.691,32.464,2874100
FPT,20180406,33.0823,33.1338,32.3093,32.3094,3614250
FPT,20180409,32.2578,32.7731,32.2578,32.6701,1502210
FPT,20180410,32.7731,33.5976,32.7216,33.1854,4490010
FPT,20180411,33.3914,33.7006,32.4639,32.464,3296390
FPT,20180412,32.4639,32.7731,32.0001,32.7732,1321110
FPT,20180413,32.9277,32.9277,31.9486,31.9487,2146710
FPT,20180416,31.9486,32.1547,31.3818,31.4849,1181050
FPT,20180417,31.691,31.9486,31.3818,31.9487,1105060
FPT,20180418,32.1032,32.4124,31.8971,31.9487,1247240
FPT,20180419,31.9486,32.0001,31.2787,31.2788,2377390
FPT,20180420,31.4333,31.691,31.0726,31.588,972550
FPT,20180423,31.5879,31.794,29.4752,29.8875,1461440
FPT,20180424,29.5782,30.1451,28.9083,29.063,1850860
FPT,20180426,29.3206,29.7328,28.3415,28.3416,2031810
FPT,20180427,28.3415,29.5782,28.29,29.3722,1597710
FPT,20180502,29.3721,29.8874,29.269,29.3722,1370180
FPT,20180503,29.269,29.8874,28.7022,29.8875,2162850
FPT,20180504,30.1451,30.4027,29.9905,30.2997,1171180
FPT,20180507,30.2996,30.7119,30.1966,30.712,878040
FPT,20180508,30.5058,30.7119,30.2996,30.4028,1114210
FPT,20180509,30.1966,30.4542,29.9389,30.0936,1004740
FPT,20180510,30.0935,30.6088,29.8874,30.0421,1546130
FPT,20180511,29.8874,30.6604,29.8874,30.6604,1169610
FPT,20180514,30.9695,31.794,30.7119,31.7426,2012550
FPT,20180515,31.9486,31.9486,31.4333,31.6395,910810
FPT,20180516,31.4333,31.6394,31.1757,31.1757,672930
FPT,20180517,31.1241,31.6394,31.1241,31.2273,719700
FPT,20180518,31.2272,31.4333,30.2996,31.3303,979930
FPT,20180521,31.5364,32.1547,31.4333,31.4334,1483830
FPT,20180522,31.4333,31.691,30.6604,30.7635,1101490
FPT,20180523,30.918,31.4333,30.6604,31.2273,1077080
FPT,20180524,31.3818,31.5364,30.6604,30.6604,1035660
FPT,20180525,31.0029,31.0029,29.7263,29.7289,788360
FPT,20180528,28.6929,29.3008,27.6595,27.6619,2034970
FPT,20180529,27.6595,29.3008,27.2643,28.817,2350500
FPT,20180530,28.7537,28.7537,27.5987,27.6315,1590980
FPT,20180531,27.3859,28.3889,27.3555,27.9659,1105040
FPT,20180601,27.9634,28.3889,27.781,28.2394,1291490
FPT,20180604,28.2674,28.8449,28.1762,28.7258,1150670
FPT,20180605,28.8753,29.24,28.6929,29.0602,1347750
FPT,20180606,29.1792,29.4832,28.7537,29.4857,1017540
FPT,20180607,29.7263,29.7263,28.9968,29.0602,1138280
FPT,20180608,29.1184,29.3008,28.8753,29.1514,1050890
FPT,20180611,29.0272,29.1488,28.8753,28.8778,721890
FPT,20180612,28.8753,28.8753,27.781,28.1482,1257200
FPT,20180613,27.9634,28.5105,27.9634,28.4522,452120
FPT,20180614,28.5713,28.7233,28.3281,28.3306,460360
FPT,20180615,28.1458,28.3889,28.1154,28.2698,442100
FPT,20180618,28.5105,28.5105,27.5987,27.6011,693660
FPT,20180619,27.4163,27.4163,25.9573,27.0539,2015520
FPT,20180620,27.2947,27.5987,26.7476,27.6011,650560
FPT,20180621,27.5987,27.5987,26.8084,26.9931,349770
FPT,20180622,26.93,27.3555,26.6868,27.3579,375270
FPT,20180625,27.5987,27.5987,27.2947,27.4187,511540
FPT,20180626,27.0516,27.2339,26.93,27.0539,240850
FPT,20180627,27.2947,27.2947,26.8996,26.9323,256990
FPT,20180628,26.93,26.93,25.8358,25.838,1175250
FPT,20180629,25.8358,26.1397,25.2279,25.2301,759780
FPT,20180702,25.2279,25.471,24.316,24.4397,979030
FPT,20180703,24.4376,24.7111,23.7081,23.7102,1351030
FPT,20180704,23.7385,24.316,23.4042,24.3181,980200
FPT,20180705,24.316,24.3768,23.4042,24.0142,711240
FPT,20180706,23.7081,25.3494,23.6473,24.8045,913260
FPT,20180709,24.9239,25.1367,24.1944,24.4093,583920
FPT,20180710,24.4984,24.7415,24.316,24.5613,249100
FPT,20180711,24.0121,24.316,23.4649,23.8318,801770
FPT,20180712,23.5865,24.1032,23.4042,23.5886,684480
FPT,20180713,24.0121,24.8023,23.8905,24.6829,1060620
FPT,20180716,24.9847,25.2279,24.7111,24.8653,645230
FPT,20180717,24.7415,25.471,24.6503,25.4732,1297460
FPT,20180718,25.5318,26.0789,25.471,26.0812,1096080
FPT,20180719,25.6534,26.0789,25.6534,25.838,753150
FPT,20180720,25.7142,25.7142,25.0759,25.2909,851350
FPT,20180723,25.5318,25.9573,25.4406,25.534,1111700
FPT,20180724,25.5318,25.8054,25.1671,25.6556,1167460
FPT,20180725,25.7142,26.626,25.6534,25.7772,1326030
FPT,20180726,25.9573,26.1397,25.5926,25.8684,717640
FPT,20180727,26.0789,26.6868,25.8661,26.3244,1291840
FPT,20180730,26.3829,26.4437,26.2613,26.3244,1197220
FPT,20180731,26.3221,26.4437,26.0181,26.0204,1591210
FPT,20180801,25.9573,26.1701,25.471,25.534,2431450
FPT,20180802,25.5318,25.9573,25.2886,25.9596,726710
FPT,20180803,26.1397,26.2005,25.775,25.8988,719840
FPT,20180806,25.775,25.9573,25.6838,25.686,350030
FPT,20180807,25.7142,25.7142,25.3798,25.5036,645810
FPT,20180808,25.5014,25.8965,25.471,25.838,764020
FPT,20180809,26.1397,26.2613,25.8661,26.0204,1232720
FPT,20180810,26.0181,26.4133,25.9573,26.2028,797270
FPT,20180813,26.2005,26.5652,26.2005,26.4156,1038760
FPT,20180814,26.5956,26.9604,26.5044,26.9323,1601310
FPT,20180815,26.93,27.1731,26.5652,26.6284,1658080
FPT,20180816,26.6881,26.7503,26.4081,26.7519,1378580
FPT,20180817,26.8747,27.0614,26.7503,27.063,928050
FPT,20180820,27.0614,27.559,26.8436,27.1874,955270
FPT,20180821,27.1236,27.248,26.9991,27.1874,720470
FPT,20180822,27.2169,27.559,27.1858,27.4052,1152700
FPT,20180823,27.4346,27.6835,27.4346,27.6229,1004880
FPT,20180824,27.6212,27.6835,27.3102,27.654,629740
FPT,20180827,27.559,27.6835,27.4968,27.6229,808140
FPT,20180828,27.559,27.6523,27.4035,27.4985,909720
FPT,20180829,27.4657,27.6212,27.3413,27.4985,775370
FPT,20180830,27.4968,27.4968,27.3413,27.4674,632170
FPT,20180831,27.4657,27.9323,27.4346,27.4985,1027280
FPT,20180904,27.4346,27.8079,27.3724,27.4363,634400
FPT,20180905,27.4035,27.4968,26.7503,26.9386,843460
FPT,20180906,26.8125,26.9369,26.3459,26.3475,1206190
FPT,20180907,26.4393,26.7503,26.3459,26.7519,508770
FPT,20180910,26.8747,26.8747,26.4704,26.472,367280
FPT,20180911,26.4704,26.8747,26.4704,26.8453,562280
FPT,20180912,27.0614,27.1858,26.7814,26.783,477500
FPT,20180913,27.1858,27.3102,26.8747,27.0008,646170
FPT,20180914,27.1236,27.8079,27.1236,27.7163,2772660
FPT,20180917,27.6835,27.6835,27.4346,27.4363,564810
FPT,20180918,27.1858,27.8701,27.1858,27.8718,799660
FPT,20180919,27.9945,28.3989,27.8701,28.2762,1352060
FPT,20180920,28.0256,28.741,28.0256,28.5561,1126260
FPT,20180921,28.6477,28.6477,28.1189,28.5561,1327270
FPT,20180924,28.5544,28.9277,28.4922,28.6806,991190
FPT,20180925,28.5544,28.6788,28.4922,28.5561,746530
FPT,20180926,28.6166,29.1143,28.5233,28.6495,1028940
FPT,20180927,28.6477,28.9277,28.6477,28.7428,750790
FPT,20180928,28.9277,28.9277,28.7721,28.805,559790
FPT,20181001,28.8032,28.8965,28.5855,28.6184,519760
FPT,20181002,28.5233,28.6166,28.15,28.1829,854660
FPT,20181003,28.1811,28.43,28.15,28.3073,373060
FPT,20181004,28.3056,28.6166,28.2433,28.525,471280
FPT,20181005,28.5855,28.6166,28.3367,28.3695,508450
FPT,20181008,28.3056,28.3056,27.9945,27.9962,511810
FPT,20181009,27.9945,28.0878,27.8079,27.8096,399440
FPT,20181010,27.8079,28.2433,27.8079,28.1829,695690
FPT,20181011,26.5637,27.6212,26.3148,26.5653,2177930
FPT,20181012,26.4393,27.3724,25.9416,27.2496,1377940
FPT,20181015,27.248,27.3724,26.7503,26.7519,495650
FPT,20181016,27.0614,27.0614,26.5637,26.9075,603710
FPT,20181017,27.248,27.3724,27.0614,27.1252,474320
FPT,20181018,27.1858,27.3724,26.9991,27.1252,710630
FPT,20181019,26.7503,27.0614,26.6881,26.7519,925420
FPT,20181022,26.9991,27.1858,26.8125,26.8453,429360
FPT,20181023,26.8436,26.8436,25.8794,26.2542,1150850
FPT,20181024,26.1593,26.4704,26.0038,26.0054,562380
FPT,20181025,24.884,25.6927,24.884,25.5388,757730
FPT,20181026,25.8172,25.9727,25.3817,25.3832,919770
FPT,20181029,25.1951,25.786,25.1951,25.5077,462380
FPT,20181030,25.5683,26.0038,25.4128,25.5077,452630
FPT,20181031,25.9727,26.1282,25.6927,26.0987,325140
FPT,20181101,26.1593,26.377,26.066,26.0676,469760
FPT,20181102,26.3459,26.7503,26.1593,26.6897,593810
FPT,20181105,26.5015,26.7503,26.2526,26.472,265620
FPT,20181106,26.5637,26.5948,26.1904,26.2231,470930
FPT,20181107,26.2215,26.4393,25.9105,26.0365,495560
FPT,20181108,26.2837,26.377,26.0971,26.2231,352130
FPT,20181109,26.0038,26.1904,25.6305,25.6632,635120
FPT,20181112,25.6305,26.0971,25.5994,26.0987,273110
FPT,20181113,25.6305,25.9727,25.6305,25.9121,438030
FPT,20181114,26.066,26.2837,25.8794,26.2853,752440
FPT,20181115,26.1282,26.377,25.9416,26.2542,498790
FPT,20181116,26.4393,26.6881,26.2837,26.5964,639910
FPT,20181119,26.7503,26.8747,26.6259,26.8453,396020
FPT,20181120,26.8747,26.9991,26.657,27.0008,550140
FPT,20181121,26.6259,26.9991,26.5637,27.0008,513360
FPT,20181122,26.9991,27.1236,26.9058,27.0008,323300
FPT,20181123,26.8125,27.0302,26.7503,26.783,346060
FPT,20181126,26.7814,26.7814,26.4081,26.4098,483470
FPT,20181127,26.6881,26.6881,26.4393,26.5964,341670
FPT,20181128,26.5948,26.657,26.4704,26.6275,256240
FPT,20181129,26.9369,27.0614,26.6881,26.6897,523610
FPT,20181130,26.6881,26.7192,26.5326,26.6897,323780
FPT,20181203,26.8747,27.9323,26.8747,27.934,1136360
FPT,20181204,27.9323,28.3056,27.839,27.9651,1011170
FPT,20181205,27.6523,27.9634,27.6212,27.7474,605880
FPT,20181206,27.6835,27.8701,27.4035,27.6229,484120
FPT,20181207,27.7457,28.2122,27.7457,28.0584,763170
FPT,20181210,27.8701,27.9945,27.4968,27.4985,694990
FPT,20181211,27.559,27.6835,27.3102,27.4052,382700
FPT,20181212,27.4035,27.7146,27.4035,27.654,664120
FPT,20181213,27.9634,28.15,27.6835,27.7474,780570
FPT,20181214,27.7457,27.8701,27.4346,27.4674,787920
FPT,20181217,27.4346,27.4346,26.7503,26.7519,777640
FPT,20181218,26.3459,26.6259,26.0349,26.1298,1125660
FPT,20181219,26.1282,26.5015,26.0349,26.192,471580
FPT,20181220,26.3148,26.377,26.1593,26.1609,461210
FPT,20181221,26.066,26.4393,26.066,26.4409,453810
FPT,20181224,26.5015,26.6259,26.1282,26.1298,212530
FPT,20181225,25.7549,25.8172,25.5061,25.8187,732310
FPT,20181226,25.8172,26.0349,25.7549,25.7565,333590
FPT,20181227,26.1904,26.2837,26.0038,26.0054,454860
FPT,20181228,26.1593,26.2526,26.0038,26.2542,387170
FPT,20190102,25.6305,26.2215,25.5994,25.6321,459120
FPT,20190103,25.786,25.786,25.3195,25.3832,716600
FPT,20190104,25.2573,25.786,25.1951,25.5699,318570
FPT,20190107,26.0038,26.1904,25.8794,26.0054,408470
FPT,20190108,26.0038,26.1282,25.9416,26.1298,295660
FPT,20190109,26.1904,26.5015,26.066,26.3787,309040
FPT,20190110,26.377,26.4704,26.2215,26.2231,207330
FPT,20190111,26.377,26.4704,26.1593,26.2542,596090
FPT,20190114,26.3148,26.5015,26.1282,26.4409,398400
FPT,20190115,26.3148,26.6259,26.3148,26.6275,339480
FPT,20190116,26.4704,26.7503,26.4704,26.472,186590
FPT,20190117,26.4393,26.5948,26.1282,26.1298,379770
FPT,20190118,26.1904,26.4393,26.1282,26.1298,227150
FPT,20190121,26.2526,26.6259,26.2526,26.4409,247800
FPT,20190122,26.4393,26.5948,26.3459,26.3475,141480
FPT,20190123,26.3148,26.377,26.2215,26.3475,193460
FPT,20190124,26.377,26.5015,26.3459,26.4098,234470
FPT,20190125,26.377,26.5015,26.3148,26.3787,213470
FPT,20190128,26.4393,26.4393,26.1904,26.192,216330
FPT,20190129,26.377,26.4393,26.1282,26.4409,430580
FPT,20190130,26.4393,26.9991,26.377,26.8764,689260
FPT,20190131,26.9369,26.9991,26.6881,26.8764,517260
FPT,20190201,26.8747,26.8747,25.8172,26.5031,599890
FPT,20190211,26.7503,27.559,26.5637,27.4674,1000430
FPT,20190212,27.3724,27.7457,27.3102,27.3119,701570
FPT,20190213,27.3724,27.9945,27.3724,27.7163,1125370
FPT,20190214,27.7768,27.9323,27.5279,27.5296,616980
FPT,20190215,27.5279,27.6523,27.3724,27.4985,647230
FPT,20190218,27.6835,27.7457,27.4346,27.6229,306310
FPT,20190219,27.8079,28.0878,27.559,27.6229,1470880
FPT,20190220,27.559,28.0256,27.559,27.9029,499430
FPT,20190221,27.8079,27.9323,27.559,27.8718,749950
FPT,20190222,27.8701,28.2433,27.6212,28.1206,1243720
FPT,20190225,28.3367,28.741,28.2744,28.3073,1023660
FPT,20190226,28.3678,28.3678,27.9945,28.1206,663220
FPT,20190227,28.1189,28.2744,27.9323,28.0584,485650
FPT,20190228,28.0567,28.0567,27.4968,27.4985,1372190
FPT,20190301,27.7146,27.7457,27.4657,27.7474,590780
FPT,20190304,27.7457,28.1189,27.7457,27.9962,806770
FPT,20190305,27.9945,28.1189,27.8701,27.934,824300
FPT,20190306,27.9634,28.0567,27.6523,27.7474,695230
FPT,20190307,27.7457,27.9945,27.7457,27.8407,374340
FPT,20190308,27.8079,27.8701,27.6523,27.7785,693180
FPT,20190311,27.7768,27.9012,27.6523,27.6851,364520
FPT,20190312,27.839,28.9277,27.839,28.9294,1930870
FPT,20190313,28.9277,29.0521,28.741,28.7428,1001890
FPT,20190314,28.741,28.9277,28.6166,28.7739,533480
FPT,20190315,28.7721,28.8032,28.4611,28.6184,1041840
FPT,20190318,28.8032,28.8965,28.5855,28.7428,994080
FPT,20190319,28.741,28.8032,28.43,28.4317,914720
FPT,20190320,28.3678,28.5544,28.15,28.2762,797270
FPT,20190321,28.4922,28.4922,28.0567,28.0584,825740
FPT,20190322,28.0567,28.2433,28.0256,28.0273,687690
FPT,20190325,27.4968,27.9945,27.4968,27.6229,633520
FPT,20190326,27.9945,27.9945,27.6835,27.8407,386120
FPT,20190327,27.8701,28.0567,27.8701,27.9962,589040
FPT,20190328,27.839,28.2122,27.839,28.0895,362360
FPT,20190329,28.3678,28.3678,28.1811,28.3073,446750
FPT,20190401,28.5544,28.5544,28.3056,28.4939,327500
FPT,20190402,28.4922,29.0521,28.4922,28.6184,1354480
FPT,20190403,28.8654,29.3631,28.6166,29.3649,1034100
FPT,20190404,29.5498,29.9852,29.3942,29.7382,1716130
FPT,20190405,29.7364,29.7986,29.5186,29.7382,615200
FPT,20190408,29.6431,29.8608,29.5186,29.7382,452660
FPT,20190409,29.7364,30.1719,29.4253,29.4271,1011680
FPT,20190410,29.2387,29.4253,29.0832,29.1783,731100
FPT,20190411,29.1765,29.5498,29.1454,29.2405,359910
FPT,20190412,29.1454,30.1096,29.1454,29.9871,875090
FPT,20190416,29.5498,29.9852,29.5498,29.8004,907000
FPT,20190417,30.0474,30.794,29.9852,30.1737,1959530
FPT,20190418,30.1719,30.6384,29.8919,30.1737,975930
FPT,20190419,30.2963,30.4207,30.1096,30.1426,453980
FPT,20190422,30.1719,30.1719,29.7364,29.8004,826090
FPT,20190423,29.7986,30.1407,29.5498,29.8004,549400
FPT,20190424,30.1719,30.2652,29.923,30.2048,855130
FPT,20190425,30.1719,30.5762,30.1407,30.3603,970660
FPT,20190426,30.4207,30.9495,30.3585,30.8269,864950
FPT,20190502,30.9806,31.2294,30.8873,31.0136,885020
FPT,20190503,31.0428,31.105,30.8562,31.1069,1059570
FPT,20190506,30.4829,30.7317,30.1407,30.3292,1455140
FPT,20190507,30.5451,30.9184,30.514,30.9203,1094880
FPT,20190508,30.6695,30.9184,30.4829,30.8892,959020
FPT,20190509,30.8562,30.8873,30.2341,30.2359,860940
FPT,20190510,30.4829,30.6384,30.3274,30.4848,1027830
FPT,20190513,30.4829,30.9806,30.4829,30.7958,850540
FPT,20190514,30.7317,31.6027,30.5451,31.2313,1560830
FPT,20190515,31.4161,31.4783,31.1672,31.3558,1539940
FPT,20190516,31.3538,31.5405,30.8873,30.8892,1891290
FPT,20190517,31.428,31.428,30.9391,31.044,1487590
FPT,20190520,31.0788,31.6375,31.0788,31.6028,1792130
FPT,20190521,31.7772,32.1613,31.6724,32.0567,1016530
FPT,20190522,31.6026,32.2312,31.6026,31.6028,1563650
FPT,20190523,31.6026,31.9867,31.5677,31.9171,1267520
FPT,20190524,31.7772,32.0915,31.6026,31.8472,1014750
FPT,20190527,31.6375,31.7423,31.1836,31.6028,1261950
FPT,20190528,31.428,31.7074,31.2534,31.3234,518470
FPT,20190529,31.3232,31.3232,30.7296,30.7996,1505300
FPT,20190530,30.7994,31.2185,30.6598,31.1139,986450
FPT,20190531,31.1486,31.2883,30.7994,30.7996,611860
FPT,20190603,30.7296,30.7994,30.3804,30.3806,881810
FPT,20190604,30.3804,30.5201,30.2058,30.2409,537160
FPT,20190605,30.3804,30.6598,30.3804,30.4504,500100
FPT,20190606,30.5899,31.2185,30.4502,31.079,922740
FPT,20190607,31.2883,31.6026,31.2185,31.5679,1304680
FPT,20190610,31.7772,31.9169,31.2883,31.498,1227340
FPT,20190611,31.4978,31.847,31.3582,31.5679,1296500
FPT,20190612,31.5677,31.847,31.428,31.4631,1284520
FPT,20190613,31.4629,31.4978,31.0788,31.1139,856270
FPT,20190614,31.1486,31.3582,31.009,31.0091,559800
FPT,20190617,30.7994,31.0788,30.6598,30.7647,1013550
FPT,20190618,30.974,31.0439,30.555,30.7647,763680
FPT,20190619,31.1836,31.2185,30.8693,31.1837,530820
FPT,20190620,31.3232,31.7074,31.1836,31.7075,1356030
FPT,20190621,31.7772,31.847,31.6026,31.7075,872460
FPT,20190624,31.7074,31.7423,31.5328,31.5329,726160
FPT,20190625,31.428,32.5105,31.2883,32.4758,3269450
FPT,20190626,32.4756,32.4756,32.1962,32.2313,1014470
FPT,20190627,31.7074,32.1962,31.6375,31.7075,1221860
FPT,20190628,31.7772,32.1264,31.3582,31.7774,2479220
FPT,20190701,32.8946,32.8946,32.0566,32.8948,2551280
FPT,20190702,32.755,33.174,32.5804,32.7551,1600280
FPT,20190703,32.6153,32.755,32.5105,32.6853,1275860
FPT,20190704,32.8248,32.9645,32.6851,32.7901,1275800
FPT,20190705,32.6851,32.8248,32.4058,32.5456,1137770
FPT,20190708,32.4756,32.755,32.1613,32.3361,1303050
FPT,20190709,32.3359,32.72,32.1962,32.6504,992570
FPT,20190710,32.7899,33.1391,32.6851,32.8599,1281980
FPT,20190711,32.9296,32.9994,32.6851,32.825,854140
FPT,20190712,32.8946,33.1391,32.6851,32.825,1241970
FPT,20190715,32.8946,33.2089,32.72,33.0345,1176060
FPT,20190716,33.0692,33.3835,32.9994,33.0345,1160000
FPT,20190717,33.0343,33.174,32.8248,32.8599,1292630
FPT,20190718,32.8248,32.8946,32.6851,32.6853,1035440
FPT,20190719,32.7899,33.7327,32.755,33.6631,2811560
FPT,20190722,33.6629,33.9772,33.4883,33.7678,1755780
FPT,20190723,33.8724,34.0819,33.593,34.0821,948550
FPT,20190724,34.466,34.501,33.9422,33.9424,1952770
FPT,20190725,33.9422,34.1867,33.8724,33.9773,1157100
FPT,20190726,33.8724,34.0819,33.7676,34.0821,1043020
FPT,20190729,34.0819,34.0819,33.6629,33.9424,1130450
FPT,20190730,33.9422,33.9422,33.3137,33.3837,2092220
FPT,20190731,33.3835,33.8026,33.174,33.8027,1111880
FPT,20190801,33.8026,33.9422,33.6629,33.7678,965060
FPT,20190802,33.5581,34.2216,33.4184,34.0821,1451900
FPT,20190805,34.2216,34.7803,34.0819,34.2218,2322100
FPT,20190806,33.6629,34.4311,33.6629,34.1869,1304570
FPT,20190807,33.6629,34.7454,34.1867,34.7456,1246410
FPT,20190808,34.8152,35.339,34.8152,35.1297,2085510
FPT,20190809,35.1295,35.8978,34.92,35.6884,1751680
FPT,20190812,35.6882,36.7358,35.4089,36.5265,1817920
FPT,20190813,36.3866,37.1549,36.1073,36.6662,2237980
FPT,20190814,37.0152,37.5041,36.8755,37.1551,2205370
FPT,20190815,36.9372,37.7201,36.5814,37.7246,2223880
FPT,20190816,37.7201,39.2147,37.0084,37.0128,4531020
FPT,20190819,37.0084,37.5066,36.439,37.2976,2849780
FPT,20190820,37.2931,38.4318,37.2931,38.4364,2277750
FPT,20190821,38.503,38.7877,38.0048,38.1517,1808020
FPT,20190822,38.1471,38.6453,37.6489,37.7246,1892640
FPT,20190823,37.7913,38.7165,37.4354,38.7211,1868200
FPT,20190826,38.076,38.5741,38.076,38.2229,1756160
FPT,20190827,38.4318,38.6453,37.5778,37.5823,1566370
FPT,20190828,37.7201,37.8624,37.0796,37.084,1537860
FPT,20190829,37.1507,37.5778,36.9372,37.5111,972940
FPT,20190830,37.7201,38.0048,37.6489,37.7958,708360
FPT,20190903,37.7201,38.4318,37.7201,38.2229,1360230
FPT,20190904,37.7201,38.5741,37.7201,37.867,1655300
FPT,20190905,38.0048,38.076,37.4354,37.4399,1243680
FPT,20190906,37.6489,37.8624,37.2219,37.6534,1142710
FPT,20190909,37.7201,38.7165,37.3643,38.2941,2507800
FPT,20190910,38.5741,38.7165,38.1471,38.4364,1731610
FPT,20190911,38.4318,38.5741,38.0048,38.5076,1179670
FPT,20190912,38.7165,40.2111,38.7165,40.2159,3799910
FPT,20190913,40.2111,40.8516,40.0687,40.4294,2123900
FPT,20190916,40.2111,41.2786,40.3534,41.07,1339560
FPT,20190917,40.7804,41.3498,40.6381,40.9988,1194690
FPT,20190918,41.2074,41.2074,40.0687,40.1447,2592910
FPT,20190919,40.2822,41.1363,39.9975,41.1412,1432730
FPT,20190920,41.0651,41.848,40.9939,41.4259,1396120
FPT,20190923,41.2786,41.4921,40.2111,40.2159,2313090
FPT,20190924,40.1399,40.5669,39.7129,40.0023,2537600
FPT,20190925,40.0687,40.8516,39.9264,40.8565,1442410
FPT,20190926,41.0651,41.2786,40.7092,41.07,992640
FPT,20190927,40.9939,41.848,40.8516,41.6394,2510520
FPT,20190930,42.2038,42.3462,41.0651,41.07,2199170
FPT,20191001,41.0651,41.6345,40.9939,41.6394,1644130
FPT,20191002,41.6345,41.7056,40.7092,40.7141,2439020
FPT,20191003,40.2822,40.8516,40.1399,40.7141,2804850
FPT,20191004,40.9228,40.9228,40.3534,40.4294,1271210
FPT,20191007,40.4246,40.7092,39.4994,39.5041,2371810
FPT,20191008,39.4994,39.9975,39.2858,39.9312,1337220
FPT,20191009,40.0687,40.5669,39.7129,40.1447,937530
FPT,20191010,40.2822,40.5669,40.1399,40.1447,808000
FPT,20191011,40.3534,40.4957,40.1399,40.2159,794420
FPT,20191014,40.5669,41.4209,40.4246,41.07,2231030
FPT,20191015,41.1363,41.1363,40.8516,40.8565,663910
FPT,20191016,41.1363,41.2786,40.8516,40.9277,829050
FPT,20191017,40.8516,40.9228,40.2822,40.3582,1621590
FPT,20191018,40.4246,40.9939,40.2822,40.6429,1447340
FPT,20191021,40.8516,40.8516,40.0687,40.2159,1260490
FPT,20191022,40.2111,40.2822,39.6417,40.0735,1534380
FPT,20191023,39.8552,40.5669,39.8552,40.1447,747810
FPT,20191024,40.4246,41.4209,40.1399,41.4259,2233890
FPT,20191025,41.4921,41.6345,41.0651,41.2836,1355310
FPT,20191028,41.2786,41.848,41.1363,41.3547,1494820
FPT,20191029,41.4209,41.4921,41.1363,41.2124,953020
FPT,20191030,41.2074,41.3498,40.9939,41.1412,1102070
FPT,20191031,41.2786,41.7768,41.1363,41.2124,1263390
FPT,20191101,41.2786,41.7768,40.9939,41.6394,1732950
FPT,20191104,41.7768,43.0579,41.7768,42.6359,5811560
FPT,20191105,42.7732,42.7732,42.275,42.5648,1239520
FPT,20191106,42.5597,42.9867,42.3462,42.3512,1551610
FPT,20191107,42.3462,42.6308,42.1326,42.3512,1438030
FPT,20191108,42.5597,42.5597,42.1326,42.4224,1219540
FPT,20191111,42.4885,43.129,42.3462,42.7071,2180490
FPT,20191112,42.702,43.6272,42.702,43.4189,2842650
FPT,20191113,43.556,43.6272,43.0579,43.063,1333940
FPT,20191114,43.0579,43.4137,40.9228,41.4971,4799390
FPT,20191115,41.4921,41.848,41.0651,41.7106,2568040
FPT,20191118,41.5633,41.848,40.6381,40.9277,2794920
FPT,20191119,40.9228,41.4921,40.9228,41.4971,1059770
FPT,20191120,41.4209,41.4209,40.2822,40.4294,2291760
FPT,20191121,40.4246,40.6381,39.784,39.86,3303950
FPT,20191122,40.0687,40.6381,39.4994,39.86,1625820
FPT,20191125,39.9264,40.5669,39.7129,40.2871,1087990
FPT,20191126,40.5669,40.7092,40.4246,40.6429,968690
FPT,20191127,40.7092,40.8516,40.4957,40.5718,812280
FPT,20191128,40.4957,40.4957,39.7129,39.86,1370820
FPT,20191129,39.8552,40.4246,39.7129,40.1447,739370
FPT,20191202,40.2111,40.2111,38.8588,38.8635,1992380
FPT,20191203,38.5741,39.2858,37.9336,38.7923,1619120
FPT,20191204,38.7877,39.4994,38.4318,39.4329,932130
FPT,20191205,39.4994,39.7129,39.0012,39.077,1144000
FPT,20191206,39.1435,39.4282,38.93,39.1482,556160
FPT,20191209,39.2858,39.7129,39.1435,39.3617,700960
FPT,20191210,39.357,39.7129,39.0012,39.5041,797100
FPT,20191211,39.4994,40.2822,39.2858,40.2159,877960
FPT,20191212,40.4246,40.7092,40.3534,40.5718,942410
FPT,20191213,40.7092,40.9228,40.4957,40.6429,1681700
FPT,20191216,40.6381,40.6381,40.1399,40.2159,968130
FPT,20191217,39.9975,40.1399,39.2147,39.4329,2211360
FPT,20191218,39.4282,39.8552,39.1435,39.5041,1022490
FPT,20191219,39.4994,39.9975,39.4282,39.7176,817820
FPT,20191220,39.8552,40.3534,39.7129,40.2159,777100
FPT,20191223,40.4957,40.5669,39.8552,39.9312,766000
FPT,20191224,40.1399,40.2111,39.9264,40.1447,692100
FPT,20191225,40.1399,41.2074,40.1399,40.9277,1604350
FPT,20191226,41.1363,41.3498,40.8516,40.8565,1124500
FPT,20191227,40.8516,41.1363,40.4246,40.9988,1004860
FPT,20191230,41.1363,41.9191,40.9939,41.7106,2881060
FPT,20191231,41.7056,41.7768,41.2786,41.4971,689030
FPT,20200102,41.4921,41.9903,41.2786,41.7106,896720
FPT,20200103,41.9191,42.0615,40.8516,40.9988,2047880
FPT,20200106,40.6381,40.9939,40.4246,40.5718,1091660
FPT,20200107,40.7804,41.3498,40.5669,41.3547,837240
FPT,20200108,40.9228,41.0651,40.4246,40.4294,1814290
FPT,20200109,40.7804,41.0651,40.6381,40.9988,967050
FPT,20200110,40.9228,41.1363,40.6381,40.9277,1018650
FPT,20200113,40.8516,40.9939,40.5669,40.6429,786760
FPT,20200114,40.6381,40.8516,40.5669,40.5718,721680
FPT,20200115,40.5669,40.6381,40.4246,40.5718,940870
FPT,20200116,40.5669,41.4209,40.5669,41.2836,1942970
FPT,20200117,41.2786,41.3498,40.5669,40.9988,1388810
FPT,20200120,40.9228,41.2786,40.7092,40.8565,1227100
FPT,20200121,41.1363,41.2786,39.4994,39.5041,4351820
FPT,20200122,39.1435,40.2111,38.93,40.2159,3165650
FPT,20200130,39.357,39.7129,38.3606,38.9347,2638460
FPT,20200131,38.4318,39.0723,37.0084,37.0128,4118150
FPT,20200203,36.6526,37.3643,34.8733,36.6569,3602970
FPT,20200204,37.2931,37.2931,36.2967,36.8705,1651440
FPT,20200205,37.2219,37.5778,37.0084,37.0128,1648620
FPT,20200206,37.3643,38.1471,36.8661,38.1517,1708550
FPT,20200207,37.7201,38.076,37.5778,37.9382,1218660
FPT,20200210,37.2931,37.7201,37.0796,37.4399,738090
FPT,20200211,37.6489,38.2183,37.5066,38.1517,1085380
FPT,20200212,38.2895,38.93,38.2183,38.5076,1104870
FPT,20200213,38.503,38.7877,38.2183,38.6499,1030570
FPT,20200214,38.503,38.7877,38.4318,38.7923,884240
FPT,20200217,38.8588,38.8588,38.4318,38.5788,726390
FPT,20200218,38.7165,39.8552,38.6453,39.86,1760940
FPT,20200219,39.784,39.9975,39.4994,39.6464,681250
FPT,20200220,39.9264,40.1399,39.4994,39.7176,780810
FPT,20200221,39.784,39.784,38.93,38.9347,1458040
FPT,20200224,37.7913,38.3606,37.3643,37.3687,2261990
FPT,20200225,37.0796,38.4318,37.0084,38.4364,1407720
FPT,20200226,38.0048,39.2858,37.7201,39.1482,3221270
FPT,20200227,39.1435,40.2111,38.8588,39.86,2927040
FPT,20200228,39.1435,39.6417,38.8588,39.2194,2132200
FPT,20200302,39.2147,39.9975,39.0012,39.6464,1787060
FPT,20200303,39.9975,40.5669,39.6417,39.7888,1193800
FPT,20200304,39.4994,39.4994,39.0723,39.5041,1660790
FPT,20200305,39.4994,39.784,38.8588,38.8635,1296450
FPT,20200306,38.5741,38.6453,38.076,38.4364,1305030
FPT,20200309,36.439,37.0084,35.7985,35.8028,4735140
FPT,20200310,36.2967,37.0084,35.7985,36.7993,2030340
FPT,20200311,37.0084,37.3643,35.2292,36.1587,2753310
FPT,20200312,34.5886,35.0868,33.6634,34.2369,3981670
FPT,20200313,32.24,35.585,32.1688,34.2725,2919140
FPT,20200316,34.2684,35.3715,33.8058,33.881,1898960
FPT,20200317,34.5175,34.5175,33.0941,34.5216,2474650
FPT,20200318,34.8733,34.9445,34.4107,34.4504,1642800
FPT,20200319,33.8769,34.2328,33.8769,33.9522,1296590
FPT,20200320,34.3039,34.3395,33.699,33.9522,1291360
FPT,20200323,32.8094,33.3787,31.5995,31.6033,2826690
FPT,20200324,32.0265,32.0265,30.959,31.6744,2191500
FPT,20200325,32.7382,33.0229,32.1333,32.7421,2131790
FPT,20200326,32.3824,32.6314,31.4571,31.4609,2358310
FPT,20200327,31.5995,31.5995,30.5319,30.6779,2633750
FPT,20200330,28.8239,29.2509,28.5392,28.7561,2157690
FPT,20200331,29.5356,30.1761,28.5392,29.2544,1663050
FPT,20200401,29.0374,30.7454,29.0374,30.1085,1453030
FPT,20200403,30.6031,31.7774,30.3896,31.7456,2072000
FPT,20200406,32.7382,33.8058,32.3824,33.8098,2718990
FPT,20200407,33.8058,33.9481,33.0941,33.6674,2463810
FPT,20200408,32.8094,33.4855,32.5603,33.3471,1576670
FPT,20200409,33.4499,33.8769,33.0941,33.3471,2142370
FPT,20200410,33.1652,33.4499,32.667,33.0268,1882020
FPT,20200413,33.0229,33.4499,32.8094,33.098,1255360
FPT,20200414,33.8769,35.2292,33.4499,35.2334,4072050
FPT,20200415,35.9409,36.1544,35.4782,35.6604,2205200
FPT,20200416,35.3715,36.1544,35.0868,35.8028,1508480
FPT,20200417,36.439,36.5102,35.7273,36.4434,2631630
FPT,20200420,36.9372,37.0084,36.0832,36.5146,2239780
FPT,20200421,35.9409,36.2255,34.8021,35.091,3737050
FPT,20200422,34.731,36.439,34.6598,36.3722,2445860
FPT,20200423,37.0796,37.1507,36.2967,36.3011,1363410
FPT,20200424,36.2255,36.439,35.6562,36.3011,1411380
FPT,20200427,36.6526,36.6526,35.9409,36.0875,1419750
FPT,20200428,36.0832,36.1544,35.7273,36.0875,974310
FPT,20200429,36.1544,36.5814,35.9409,36.1587,1349230
FPT,20200504,35.7273,36.2255,35.4427,35.9452,895530
FPT,20200505,36.1544,36.2967,35.8697,36.2299,677990
FPT,20200506,36.2967,37.7913,36.2967,37.6534,3470150
FPT,20200507,37.7201,38.076,37.2931,38.0805,2030720
FPT,20200508,38.1471,39.2147,38.1471,38.2229,3585320
FPT,20200511,38.4318,38.7165,37.9336,38.4364,2119430
FPT,20200512,38.4318,38.7165,38.1471,38.7211,2828190
FPT,20200513,39.6055,41.3148,39.5221,41.1511,6853810
FPT,20200514,40.8145,40.9396,40.4393,40.6091,2597400
FPT,20200515,40.2725,40.7728,39.814,40.0254,2430890
FPT,20200518,39.6055,40.3142,39.5221,40.3173,2000950
FPT,20200519,41.023,41.4399,40.5227,41.0677,2879030
FPT,20200520,40.8562,40.8562,40.481,40.7759,1245380
FPT,20200521,40.7728,41.1063,40.7311,41.1094,2007060
FPT,20200522,40.8562,40.8562,40.3976,40.4007,1731720
FPT,20200525,40.4393,40.5227,39.8556,40.4007,2033000
FPT,20200526,40.4393,40.6894,40.3142,40.6925,1615680
FPT,20200527,40.7728,41.1897,40.0224,40.0254,2098580
FPT,20200528,40.1892,40.5227,40.0224,40.0254,1194380
FPT,20200529,40.0224,40.1058,39.6055,39.9837,1346170
FPT,20200601,40.0224,40.3142,40.0224,40.2756,1298150
FPT,20200602,40.2725,40.4393,40.0224,40.0254,1456730
FPT,20200603,40.0224,40.8145,39.939,40.5674,1893060
FPT,20200604,40.7728,40.7728,40.3559,40.359,1260060
FPT,20200605,40.3559,40.6061,40.1475,40.6091,1236200
FPT,20200608,40.8562,41.69,40.8562,41.1511,4113250
FPT,20200609,41.3565,41.3982,40.7728,40.8176,1491540
FPT,20200610,40.8562,40.8562,40.3559,40.6925,1307540
FPT,20200611,40.6894,40.6894,38.3548,38.3577,4278060
FPT,20200612,37.521,39.1886,37.521,39.1916,3145450
FPT,20200615,40.0224,40.0224,38.2714,38.3577,1207500
FPT,20200616,38.8551,39.0218,38.6049,38.858,1100730
FPT,20200617,38.9385,38.9802,38.5633,38.6495,788630
FPT,20200618,38.6049,38.9385,38.4799,38.858,822980
FPT,20200619,38.8551,39.1886,38.8551,39.1916,745470
FPT,20200622,39.1886,39.1886,39.0635,39.1916,787180
FPT,20200623,39.1469,40.3559,38.9802,39.6502,1693730
FPT,20200624,39.939,39.9807,39.2303,39.3583,607000
FPT,20200625,38.8968,39.272,38.8551,39.0248,730810
FPT,20200626,39.0218,39.3137,38.9385,39.0665,602880
FPT,20200629,38.8551,38.8551,38.2297,38.3994,1281220
FPT,20200630,38.4799,38.6883,37.8545,38.0658,1594210
FPT,20200701,38.3548,38.6049,38.188,38.5245,866660
FPT,20200702,38.6049,38.6049,38.3131,38.4828,539160
FPT,20200703,38.7717,38.7717,38.4382,38.5662,529760
FPT,20200706,38.7717,39.1469,38.6049,39.0248,1089910
FPT,20200707,39.1886,39.939,39.1886,39.5668,2739150
FPT,20200708,39.4387,39.939,39.4387,39.7753,1472610
FPT,20200709,39.939,40.3559,39.8556,40.3173,2298900
FPT,20200710,40.1058,40.2309,39.6055,39.8586,1164310
FPT,20200713,40.0224,40.8145,39.814,40.5674,2662490
FPT,20200714,40.2725,40.7311,40.2725,40.484,1549540
FPT,20200715,40.6061,40.8145,40.3559,40.5257,1516540
FPT,20200716,40.481,40.6478,40.3559,40.5257,1060530
FPT,20200717,40.4393,40.4393,40.1058,40.1088,1313100
FPT,20200720,39.5221,40.1892,39.4804,39.5251,2049680
FPT,20200721,39.6055,39.9807,39.3971,39.8586,940230
FPT,20200722,40.0224,40.0224,39.4387,39.5251,817890
FPT,20200723,39.5221,39.814,39.272,39.817,918630
FPT,20200724,39.5221,39.6472,37.8545,38.2743,3170540
FPT,20200727,37.521,38.2714,36.3537,36.4398,3274350
FPT,20200728,37.0207,38.188,36.8123,38.1075,1953510
FPT,20200729,37.0207,37.4376,36.5204,37.1486,1554200
FPT,20200730,37.1875,37.6461,37.1875,37.6489,612240
FPT,20200731,36.6872,37.6878,36.6872,37.1069,1106250
FPT,20200803,37.1041,38.2714,37.1041,38.2743,1392200
FPT,20200804,38.7717,39.0218,38.5216,38.8163,1051310
FPT,20200805,38.7717,39.3137,38.5633,39.1916,1328520
FPT,20200806,39.1886,39.3971,38.9385,39.0248,1153660
FPT,20200807,39.0218,39.8556,39.0218,39.2749,1283690
FPT,20200810,39.4804,39.8556,39.272,39.3583,1160370
FPT,20200811,39.5638,39.5638,39.1886,39.1916,1209690
FPT,20200812,39.272,39.6055,39.1052,39.6085,1233230
FPT,20200813,39.7723,39.9807,39.6055,39.9837,1709100
FPT,20200814,40.1058,40.1892,39.5638,39.8586,1633770
FPT,20200817,40.0252,40.0252,39.5994,40.0281,1048820
FPT,20200818,40.0252,40.1529,39.8549,39.9004,625200
FPT,20200819,39.94,40.0678,39.7271,39.9004,877190
FPT,20200820,39.94,40.4084,39.8975,40.0707,1824430
FPT,20200821,40.2381,40.451,40.1955,40.3688,1260210
FPT,20200824,40.8342,41.3878,40.7491,41.2631,3540210
FPT,20200825,41.3878,41.6858,41.3452,41.6037,3304670
FPT,20200826,41.5581,41.6007,41.0471,41.2205,1328990
FPT,20200827,41.0897,42.6652,41.0897,42.4554,3724990
FPT,20200828,42.7503,43.5168,42.4948,42.498,4009380
FPT,20200831,42.4948,42.8355,42.0265,42.1573,1940640
FPT,20200901,42.1542,43.0058,42.0265,42.498,1757410
FPT,20200903,42.9206,43.0058,42.4948,42.9238,2281510
FPT,20200904,42.1542,42.58,42.1542,42.5831,1538510
FPT,20200907,42.5374,42.58,41.3026,41.3056,2270970
FPT,20200908,41.5155,42.1542,41.3026,42.1573,1628870
FPT,20200909,41.4303,42.1542,41.3878,41.9018,1490820
FPT,20200910,42.1542,42.4097,41.8136,41.9018,1005950
FPT,20200911,41.7284,41.8987,41.6007,41.8592,872160
FPT,20200914,41.9413,42.1542,41.8136,41.987,1127400
FPT,20200915,42.1542,42.58,41.9839,42.5831,1906730
FPT,20200916,42.58,43.2613,42.58,43.009,1918130
FPT,20200917,42.8355,43.0058,42.4948,42.5831,1563010
FPT,20200918,42.6652,43.7722,42.58,43.6051,3306720
FPT,20200921,43.6871,44.0277,43.6019,43.6051,1530250
FPT,20200922,43.2613,43.6871,43.091,43.6903,1630570
FPT,20200923,43.6871,43.8574,43.2613,43.52,1797680
FPT,20200924,43.1761,43.4316,42.7503,43.009,1728380
FPT,20200925,43.1761,43.2613,42.58,43.2645,1205550
FPT,20200928,43.3464,43.6871,43.091,43.52,1312300
FPT,20200929,43.7722,43.7722,42.7503,42.7535,1900490
FPT,20200930,42.7503,42.9206,42.3671,42.5831,2500310
FPT,20201001,42.7503,43.2613,42.7503,43.2645,905510
FPT,20201002,43.2613,43.5168,41.7284,42.8386,1947940
FPT,20201005,42.9206,43.2613,42.4948,43.009,1498360
FPT,20201006,43.2613,43.3464,42.8355,43.009,1520290
FPT,20201007,42.7503,43.1761,42.7503,42.9238,1493710
FPT,20201008,43.0058,43.8574,42.8355,43.52,3062690
FPT,20201009,43.4316,43.6019,43.2613,43.2645,1173500
FPT,20201012,43.3464,43.7722,43.091,43.3496,1550680
FPT,20201013,43.3464,43.4316,43.0058,43.1793,1222200
FPT,20201014,43.2613,43.7722,42.9206,43.4348,2409760
FPT,20201015,43.6019,43.7722,43.1761,43.6051,1925370
FPT,20201016,43.6019,45.9012,43.3464,45.3085,5769540
FPT,20201019,45.6458,45.8161,45.1348,45.3936,2333670
FPT,20201020,45.22,45.3903,44.709,45.3085,1886160
FPT,20201021,45.3051,46.4122,44.9645,44.9678,3305010
FPT,20201022,44.9645,45.9864,44.7942,45.9898,2346540
FPT,20201023,46.1567,46.4122,45.5606,45.9046,2646310
FPT,20201026,45.9012,46.4122,44.9645,44.9678,3852510
FPT,20201027,45.0496,45.3051,44.3684,44.3716,3188810
FPT,20201028,44.2832,44.6238,43.1761,43.1793,3596230
FPT,20201029,42.9206,43.6871,42.7503,43.3496,2719690
FPT,20201030,43.7722,43.8574,43.0058,43.8606,1469970
FPT,20201102,43.8574,44.0277,43.6019,44.031,866110
FPT,20201103,44.198,45.0496,44.0277,44.9678,2562890
FPT,20201104,45.1348,45.3903,44.709,45.1381,1369690
FPT,20201105,44.8793,45.4754,44.2832,44.2865,1305860
FPT,20201106,44.6238,44.9645,44.3684,44.6271,987260
FPT,20201109,44.9645,45.4754,44.8793,45.4788,2011650
FPT,20201110,45.9864,45.9864,45.1348,45.1381,1739340
FPT,20201111,45.4754,45.4754,44.8793,45.1381,1668230
FPT,20201112,45.1348,45.5606,45.0496,45.564,1234540
FPT,20201113,45.8161,45.8161,45.5606,45.8195,1318170
FPT,20201116,45.9864,46.327,45.1348,45.3936,3713690
FPT,20201117,45.6458,46.0716,45.1348,45.9898,2515530
FPT,20201118,46.2419,46.2419,45.7309,45.9898,1757160
FPT,20201119,46.2419,47.6896,45.9864,46.9266,4980430
FPT,20201120,46.9232,47.6044,46.838,47.0118,1837360
FPT,20201123,47.0083,47.8599,46.4974,47.6079,2824640
FPT,20201124,47.0083,47.8599,46.4974,47.6079,2824640
FPT,20201125,47.9451,47.9451,47.0083,47.0118,1835630
FPT,20201126,47.2638,47.6896,46.6677,47.4376,1635130
FPT,20201127,47.6044,47.8599,47.349,47.8634,1986420
FPT,20201130,48.2857,48.2857,47.1786,47.1821,2761700
FPT,20201201,46.838,47.1786,46.6677,47.0118,3427370
FPT,20201202,46.838,47.4341,46.838,47.3524,2108200
FPT,20201203,47.2638,47.4341,46.9232,47.3524,1627980
FPT,20201204,47.1786,47.6044,47.1786,47.4376,1380920
FPT,20201207,47.4341,47.6896,47.2638,47.4376,1455180
FPT,20201208,47.4341,48.2006,47.2638,47.8634,2297110
FPT,20201209,47.9451,49.2225,47.8599,48.9706,3001820
FPT,20201210,48.5412,49.1373,48.1154,48.1189,2112490
FPT,20201211,48.2006,48.5412,47.9451,48.5448,1750270
FPT,20201214,48.5412,49.3928,48.456,48.7151,1443760
FPT,20201215,48.967,49.0522,48.2006,48.2893,2666900
FPT,20201216,48.7115,48.967,48.5412,48.6299,1995530
FPT,20201217,48.456,48.6264,47.6896,48.1189,3594500
FPT,20201218,48.1154,48.6264,48.1154,48.4596,1532820
FPT,20201221,48.7967,49.2225,48.6264,48.9706,2307390
FPT,20201222,48.8818,49.8186,48.6264,49.4816,2576390
FPT,20201223,49.6483,49.9038,48.7115,48.9706,1391420
FPT,20201224,48.967,49.2225,48.0302,48.5448,2386210
FPT,20201225,48.5412,49.0522,48.2006,49.0558,1625110
FPT,20201228,49.3076,49.9038,48.967,49.3113,2197090
FPT,20201229,49.3076,50.0741,49.0522,49.9074,2172950
FPT,20201230,49.478,50.1592,49.478,49.4816,1204180
FPT,20201231,49.478,50.4147,49.3928,50.3333,2036370
FPT,20210104,50.7554,51.2663,50.4999,51.2701,2151300
FPT,20210105,51.096,54.0766,50.9257,53.3992,2332200
FPT,20210106,53.736,54.1618,53.0547,53.1437,1796000
FPT,20210107,53.3102,53.5656,52.714,53.2289,2150200
FPT,20210108,53.6508,54.2469,53.3102,53.9102,2720400
FPT,20210111,54.4172,55.0985,53.9063,55.1026,1972800
FPT,20210112,55.354,56.2056,54.5024,56.0394,2435200
FPT,20210113,56.1204,57.3978,56.1204,56.6356,2612000
FPT,20210114,56.6314,57.0572,55.9501,56.5504,1777500
FPT,20210115,57.0572,57.0572,56.5462,56.7207,1540400
FPT,20210118,57.0572,57.0572,56.3759,56.4652,1209000
FPT,20210119,56.2056,56.2908,52.5437,52.8031,3505600
FPT,20210120,53.3953,54.2469,51.2663,53.9102,3663800
FPT,20210121,54.9282,56.0353,53.9063,55.8691,2313100
FPT,20210122,55.9501,57.483,55.6946,56.9762,2090300
FPT,20210125,56.8869,58.0791,56.3759,57.0614,3111900
FPT,20210126,57.483,57.483,55.7798,56.2097,2597500
FPT,20210127,55.9501,56.2908,53.5656,53.6547,2226800
FPT,20210128,51.096,53.0547,49.9038,49.9074,5092400
FPT,20210129,50.2444,53.3953,50.2444,53.3992,3211900
FPT,20210201,54.843,55.6946,53.0547,54.0806,2017400
FPT,20210202,53.736,56.2056,53.6508,56.2097,3264600
FPT,20210203,57.483,60.123,56.2908,59.6164,4173500
FPT,20210204,59.7823,62.3371,59.7823,61.7455,4398700
FPT,20210205,62.1668,62.5074,61.1449,62.0862,2084900
FPT,20210208,60.7191,62.0816,59.2714,60.7235,4035600
FPT,20210209,60.8042,63.5294,59.612,63.534,4224300
FPT,20210217,64.9771,67.2764,64.6364,66.3445,3139100
FPT,20210218,66.4248,66.6803,65.2326,66.6,2243100
FPT,20210219,65.8287,66.4248,64.7216,65.2374,3722700
FPT,20210222,65.2326,65.999,64.8068,65.4077,2319300
FPT,20210223,64.9771,65.5732,63.5294,64.3005,3369500
FPT,20210224,64.7216,65.1474,63.7848,64.2154,2225200
FPT,20210225,64.8068,64.9771,63.4442,64.8967,1927500
FPT,20210226,63.87,65.0622,63.7848,64.8967,1936000
FPT,20210301,65.4029,66.4248,65.4029,66.3445,2078100
FPT,20210302,67.1912,67.1912,65.488,66.3445,1821700
FPT,20210303,66.4248,66.51,65.9138,66.1742,1599400
FPT,20210304,66.1693,66.2545,63.9552,64.6412,2901500
FPT,20210305,64.2958,64.7216,63.4442,64.6412,2507500
FPT,20210308,64.7216,65.1474,64.2106,64.556,1656600
FPT,20210309,63.87,64.4661,63.4442,63.8747,2182400
FPT,20210310,64.6364,65.999,63.87,64.9819,2602400
FPT,20210311,65.1474,65.6584,64.8068,65.3225,1477800
FPT,20210312,65.5732,65.6584,64.9771,65.1522,2062800
FPT,20210315,65.2326,65.999,64.8068,65.1522,1760900
FPT,20210316,65.5732,69.4054,65.2326,68.9847,5111000
FPT,20210317,69.4054,69.4054,68.128,68.8143,1603200
FPT,20210318,68.9796,68.9796,68.128,68.9847,1807500
FPT,20210319,68.128,68.5538,67.617,67.9627,2247800
FPT,20210322,67.7022,67.7874,66.6803,67.0259,2084800
FPT,20210323,66.8506,68.128,66.6803,67.111,2201700
FPT,20210324,66.3396,67.1912,65.1474,65.578,2480100
FPT,20210325,65.999,65.999,65.1474,65.2374,2305400
FPT,20210326,64.8919,65.4029,63.4442,64.8115,2672600
FPT,20210329,65.1474,66.51,64.8068,66.089,1997700
FPT,20210330,66.3396,66.4248,65.5732,65.6632,1512500
FPT,20210331,65.6584,66.51,65.2326,66.1742,1373400
FPT,20210401,66.3396,67.8725,66.3396,67.8775,2500900
FPT,20210402,68.4686,68.5538,67.9577,67.9627,1950200
FPT,20210405,68.4686,68.5538,67.1912,67.7923,1487000
FPT,20210406,67.3616,68.128,67.3616,67.622,1505800
FPT,20210407,67.4467,67.8725,67.3616,67.7923,1503800
FPT,20210408,68.2983,68.639,67.7022,67.7923,1609800
FPT,20210409,68.0428,70.6828,68.0428,69.9215,3970400
FPT,20210412,70.1718,70.1718,69.4054,69.9215,2022500
FPT,20210413,69.8312,70.0015,68.5538,68.7292,2038100
FPT,20210414,68.128,68.9796,67.7022,68.9847,2530600
FPT,20210415,68.9796,69.3202,67.9577,68.133,2096200
FPT,20210416,67.9577,69.1499,67.1061,67.8775,2194600
FPT,20210419,68.128,69.4054,67.7022,69.4105,2380800
FPT,20210420,69.6609,72.3008,69.4906,70.6028,4742800
FPT,20210422,69.8312,71.4492,68.128,68.133,2271200
FPT,20210423,68.128,70.6828,67.8725,70.688,3166400
FPT,20210426,70.257,70.5125,68.5538,68.9847,2551300
FPT,20210427,68.4686,69.3202,68.2132,68.7292,1287100
FPT,20210428,68.2132,69.2351,68.2132,68.8143,1366700
FPT,20210429,68.8093,69.6609,68.8093,68.8995,2095500
FPT,20210504,68.128,71.1086,68.128,70.6028,2362100
FPT,20210505,71.9602,71.9602,70.4273,70.6028,2321300
FPT,20210506,70.6828,71.1086,70.0015,70.4325,1969000
FPT,20210507,70.4273,71.5344,70.0867,70.688,2705900
FPT,20210510,70.768,73.2376,70.6828,73.0727,4504300
FPT,20210511,73.2376,73.7486,72.5563,72.5617,2078700
FPT,20210512,72.386,72.7266,71.7899,72.732,1844500
FPT,20210513,72.386,72.7266,71.5344,71.5397,2558300
FPT,20210514,71.7899,73.4079,71.6196,72.221,1858700
FPT,20210517,73.0673,73.7486,72.5563,72.9875,1744500
FPT,20210518,73.5782,74.4298,73.4079,74.0947,2133500
FPT,20210519,74.515,77.5808,73.9189,77.331,2876300
FPT,20210520,77.3253,81.3278,76.9846,81.3338,3523900
FPT,20210521,80.3059,82.2646,79.1988,79.886,3222700
FPT,20210524,79.8801,79.9652,78.4324,79.6305,2669500
FPT,20210525,79.6246,81.0723,79.0285,79.886,2156300
FPT,20210526,80.2207,81.3278,79.7949,81.1635,1992800
FPT,20210527,81.1575,81.2426,79.6246,79.886,1745800
FPT,20210528,80.0504,80.902,79.7949,80.7376,1874300
FPT,20210531,81.3278,83.4568,80.6465,83.3778,3237700
FPT,20210601,86.9771,87.5708,86.0865,86.1855,3495000
FPT,20210602,86.1855,86.5813,84.1075,84.6023,3053900
FPT,20210603,84.1075,84.5033,83.4149,84.3054,3190800
FPT,20210604,84.1075,84.2065,82.9201,83.8107,3820600
FPT,20210607,83.7117,83.8107,80.1495,81.8317,3711200
FPT,20210608,81.139,82.1285,79.7537,79.9516,3486000
FPT,20210609,79.7537,81.238,78.1705,80.8422,3576100
FPT,20210610,80.8422,81.6338,80.1495,81.0401,2214900
FPT,20210611,80.6443,83.0191,80.4464,82.6233,2359600
FPT,20210614,82.6233,83.7117,82.1285,82.9201,2547600
FPT,20210615,82.9201,83.6128,82.3264,82.3264,1778700
FPT,20210616,82.3264,83.7117,81.8317,82.2275,2462000
FPT,20210617,81.238,82.2275,81.238,81.7327,2236400
FPT,20210618,82.2275,83.3159,81.8317,82.9201,1681700
FPT,20210621,82.7222,85.3939,82.3264,84.7012,3878300
FPT,20210622,85.196,85.6907,84.5033,84.5033,1760300
FPT,20210623,84.4044,84.7012,83.217,84.0086,1599900
FPT,20210624,83.4149,84.0086,83.0191,83.8107,1657800
FPT,20210625,83.8107,84.5033,83.3159,84.3054,1503400
FPT,20210628,85.196,85.196,84.5033,84.8002,1858800
FPT,20210629,85.6907,88.0655,85.3939,87.6697,4897800
FPT,20210630,88.0655,88.1645,87.076,87.076,1651100
FPT,20210701,87.175,87.9666,87.076,87.9666,1700100
FPT,20210702,88.3624,91.5288,87.9666,90.9351,3873500
FPT,20210705,94.0025,94.0025,90.0445,91.7267,2934200
FPT,20210706,91.5288,92.0235,86.0865,86.0865,2640500
FPT,20210707,86.0865,90.0445,84.1075,89.5498,4910200
FPT,20210708,89.4508,89.5498,88.0655,88.8571,2375400
FPT,20210709,88.6592,91.034,87.8676,88.7582,2947000
FPT,20210712,87.8676,88.7582,82.7222,85.196,6764400
FPT,20210713,85.9876,86.3834,84.1075,86.0865,2207400
FPT,20210714,86.6802,86.6802,83.8107,84.3054,2433500
FPT,20210715,83.8107,85.6907,83.8107,84.5033,2714600
FPT,20210716,84.9981,87.076,84.6023,85.8886,2285700
FPT,20210719,84.3054,85.4928,83.6128,83.8107,3288800
FPT,20210720,83.9096,85.8886,83.0191,85.8886,2553700
FPT,20210721,85.8886,86.9771,85.196,85.6907,3369200
FPT,20210722,85.2949,88.6592,85.2949,88.4613,4445600
FPT,20210723,88.4613,91.9246,87.7687,89.5498,6755700
FPT,20210726,89.3519,92.9141,89.2529,92.7162,5773100
FPT,20210727,93.4088,93.9036,91.5288,92.2214,5007000
FPT,20210728,91.8256,92.7162,90.7372,91.034,3346700
FPT,20210729,91.034,92.9141,90.7372,92.4193,3712900
FPT,20210730,92.5183,93.8046,91.8256,93.013,4525900
FPT,20210802,93.013,95.5857,93.013,94.5962,4275900
FPT,20210803,94.7941,94.992,93.7057,94.7941,3607200
FPT,20210804,94.8931,95.1899,93.9036,94.5962,2772100
FPT,20210805,94.2004,95.9815,93.9036,95.5857,2485600
FPT,20210806,95.7836,96.1794,94.7941,95.5857,3413900
FPT,20210809,95.9815,96.6742,94.8931,96.4763,2934500
FPT,20210810,97.2679,97.3668,96.5752,96.7731,2680700
FPT,20210811,96.6644,96.7633,95.0813,95.0909,4883200
FPT,20210812,94.7941,94.992,92.4193,92.8151,8399400
FPT,20210813,92.1225,94.0025,92.0235,94.0025,3618700
FPT,20210816,95,95.2,94.4,94.6,1906800
FPT,20210817,94.1,94.6,93.5,93.8,2801700
FPT,20210818,93.8,94.9,93.8,94,1951000
FPT,20210819,95,95,93.8,94.5,2721600
FPT,20210820,94.5,94.7,91.1,92.8,4349300
FPT,20210823,92.5,92.5,91,91,3436600
FPT,20210824,91.5,92,89.9,91.9,3081500
FPT,20210825,92.4,92.4,91,91.9,1344000
FPT,20210826,92,92.9,91.2,91.4,1758700
FPT,20210827,91,92,90.6,92,1896200
FPT,20210830,93,93,92.1,92.2,1494800
FPT,20210831,92.3,93.2,92,92.4,1952500
FPT,20210901,92.1,93,92.1,92.4,1353300
FPT,20210906,92.4,94.9,92.3,94.9,3124600
FPT,20210907,95.3,95.3,93.5,93.5,2290600
FPT,20210908,93.5,94.2,92.8,93.1,1453800
FPT,20210909,93.1,93.9,92.8,93.2,1393700
FPT,20210910,93.4,94.4,93.4,93.5,1440100
FPT,20210913,93.6,94,92.9,93,1600000
FPT,20210914,93.3,94.7,93,93.8,2523200
FPT,20210915,93.8,94.4,93.3,94.1,1690100
FPT,20210916,94.4,95,94.2,94.7,1924700
FPT,20210917,95.5,97,95.4,95.7,3325700
FPT,20210920,96,96.2,94.1,94.4,2526100
FPT,20210921,93.4,94,92.5,93.5,2697100
FPT,20210922,93.2,93.4,92.7,93.2,2027200
FPT,20210923,93.2,93.8,93,93.1,1394200
FPT,20210924,93.2,93.2,92.7,92.7,1449000
FPT,20210927,92.9,93.5,92.1,92.1,1546100
FPT,20210928,91.7,93,91.5,93,1393500
FPT,20210929,93,93.4,92.3,93.2,1177400
FPT,20210930,93.5,93.9,93,93,996900
FPT,20211001,92.9,93.1,92.5,92.9,1055400
FPT,20211004,93,95.2,92.4,94.6,2277800
FPT,20211005,95,96,94.4,94.4,1392800
FPT,20211006,94.5,94.7,93.7,94.4,1571300
FPT,20211007,94.9,95,94.1,94.3,1497000
FPT,20211008,95,99.5,94.4,98.9,8305600
