HPG,20150105,5.9996,6.1128,5.943,6.0025,207020
HPG,20150106,5.8864,6.0562,5.8864,6.0591,260380
HPG,20150107,6.0562,6.1128,5.9996,6.0025,232770
HPG,20150108,5.9996,6.0562,5.943,6.0025,107380
HPG,20150109,5.9996,6.1128,5.943,6.1157,409230
HPG,20150112,6.0562,6.226,6.0562,6.1157,695280
HPG,20150113,6.0562,6.1128,6.0562,6.1157,77750
HPG,20150114,6.0562,6.1128,5.943,6.1157,229360
HPG,20150115,6.0562,6.1694,6.0562,6.1157,199440
HPG,20150116,6.0562,6.0562,5.9996,6.0025,220730
HPG,20150119,5.9996,6.0562,5.943,5.9459,293800
HPG,20150120,5.943,5.9996,5.8864,6.0025,146590
HPG,20150121,5.9996,6.0562,5.943,6.0591,628920
HPG,20150122,6.0562,6.0562,5.943,6.0025,258970
HPG,20150123,5.9996,5.9996,5.7732,5.8326,1294880
HPG,20150126,5.8298,5.8298,5.6374,5.6401,1167630
HPG,20150127,5.7166,5.7732,5.6487,5.7193,1091760
HPG,20150128,5.7732,5.7732,5.6374,5.7193,187910
HPG,20150129,5.7166,5.7166,5.5581,5.5948,305240
HPG,20150130,5.5921,5.5921,5.411,5.4136,790190
HPG,20150202,5.411,5.5242,5.377,5.3796,193890
HPG,20150203,5.377,5.4336,5.2864,5.289,456170
HPG,20150204,5.2412,5.343,5.1053,5.1191,603690
HPG,20150205,5.094,5.1053,4.9808,5.0851,972680
HPG,20150206,5.1959,5.2864,5.1732,5.2097,202240
HPG,20150209,5.2072,5.2638,5.0714,5.0738,368440
HPG,20150210,5.094,5.2638,4.9921,5.2437,700570
HPG,20150211,5.2412,5.4789,5.2412,5.4815,382460
HPG,20150212,5.4902,5.5921,5.4336,5.5268,328920
HPG,20150213,5.5242,5.6147,5.4902,5.5721,337680
HPG,20150224,5.5808,5.5808,5.4902,5.5834,416880
HPG,20150225,5.5128,5.5694,5.4789,5.4815,487940
HPG,20150226,5.4789,5.5242,5.377,5.4249,645750
HPG,20150227,5.3996,5.3996,5.2864,5.3343,1111170
HPG,20150302,5.2751,5.3317,5.2185,5.2323,635450
HPG,20150303,5.2751,5.3544,5.2525,5.3343,670000
HPG,20150304,5.3317,5.377,5.3204,5.3343,324080
HPG,20150305,5.343,5.411,5.343,5.3569,752710
HPG,20150306,5.3544,5.3544,5.3091,5.3456,296850
HPG,20150309,5.3657,5.5468,5.3657,5.5042,1110350
HPG,20150310,5.5015,5.5468,5.4223,5.4362,924780
HPG,20150311,5.411,5.5015,5.377,5.3796,485870
HPG,20150312,5.3317,5.377,5.2864,5.3003,750130
HPG,20150313,5.2978,5.3317,5.2525,5.2663,472400
HPG,20150316,5.2638,5.2638,5.0827,5.1078,1037700
HPG,20150317,5.1053,5.1959,5.094,5.0964,640370
HPG,20150318,5.128,5.1393,5.0261,5.0511,1092640
HPG,20150319,5.128,5.0714,4.9242,4.9832,1270400
HPG,20150320,5.0374,5.2412,4.9582,5.2437,2188020
HPG,20150323,5.2412,5.2412,5.094,5.0964,1140180
HPG,20150324,5.0374,5.0714,4.9921,5.0172,804400
HPG,20150325,4.9921,5.0374,4.9695,4.9832,765950
HPG,20150326,4.9695,5.0374,4.9582,4.9719,498620
HPG,20150327,4.9695,5.0148,4.9582,4.9719,253180
HPG,20150330,4.9921,5.0261,4.9582,4.9832,685590
HPG,20150331,4.9808,5.0148,4.9808,4.9945,668940
HPG,20150401,4.9808,5.0487,4.9695,4.9832,573070
HPG,20150402,4.9808,5.0034,4.9468,4.9945,450390
HPG,20150403,5.0034,5.1053,4.9808,5.0851,1033520
HPG,20150406,5.0714,5.0827,5.0148,5.0285,271760
HPG,20150407,5.0034,5.0714,5.0034,5.0285,469470
HPG,20150408,5.0487,5.0487,5.0034,5.0058,334680
HPG,20150409,5.0034,5.06,5.0034,5.0058,397900
HPG,20150410,5.0148,5.0374,5.0034,5.0058,388880
HPG,20150413,5.0487,5.0487,5.0034,5.0058,201090
HPG,20150414,5.0034,5.0374,5.0034,5.0172,422120
HPG,20150415,5.0261,5.1506,5.0261,5.0964,1231840
HPG,20150416,5.1166,5.1619,5.0827,5.0851,725910
HPG,20150417,5.06,5.2638,5.06,5.1644,982040
HPG,20150420,5.1506,5.1619,5.094,5.1078,375410
HPG,20150421,5.1053,5.1053,5.0827,5.1078,424870
HPG,20150422,5.1053,5.2185,5.1053,5.1078,639770
HPG,20150423,5.1166,5.1506,5.0261,5.0398,485650
HPG,20150424,5.0487,5.06,5.0374,5.0398,371010
HPG,20150427,5.094,5.1506,4.9808,4.9832,394780
HPG,20150504,5.06,5.06,4.8676,4.9039,1045680
HPG,20150505,4.9016,5.06,4.8902,5.0058,767180
HPG,20150506,5.0148,5.0374,4.9242,4.9266,993740
HPG,20150507,4.9242,4.9808,4.9242,4.9605,540380
HPG,20150508,5.0054,5.1271,4.9012,4.9029,565420
HPG,20150511,4.8838,4.9359,4.7969,4.816,405070
HPG,20150512,4.8838,4.8838,4.6752,4.6769,684210
HPG,20150513,4.6405,4.6752,4.5188,4.5726,1291880
HPG,20150514,4.5362,4.6578,4.5188,4.6595,734690
HPG,20150515,4.6578,4.6578,4.5362,4.5378,554930
HPG,20150518,4.4493,4.5188,4.3102,4.3118,1773500
HPG,20150519,4.2755,4.3798,4.2755,4.3466,859380
HPG,20150520,4.345,4.6405,4.345,4.6421,904140
HPG,20150521,4.6405,4.6752,4.5709,4.6421,580790
HPG,20150522,4.6057,4.6752,4.5883,4.6769,500280
HPG,20150525,4.6752,4.7274,4.5883,4.6421,202540
HPG,20150526,4.6752,4.7447,4.6231,4.7291,681280
HPG,20150527,4.71,4.7274,4.6405,4.6595,414100
HPG,20150528,4.6057,4.71,4.6057,4.6595,423170
HPG,20150529,4.6578,4.6926,4.6057,4.6248,559300
HPG,20150601,4.6231,4.6405,4.5883,4.59,543570
HPG,20150602,4.5536,4.6057,4.5536,4.5726,948500
HPG,20150603,4.5362,4.5883,4.4493,4.4509,1464690
HPG,20150604,4.4493,4.5014,4.4493,4.4683,1077090
HPG,20150605,4.484,4.484,4.3624,4.3987,1935780
HPG,20150608,4.4319,4.5362,4.4319,4.5204,917010
HPG,20150609,4.5188,4.8316,4.5014,4.6943,2789760
HPG,20150610,4.7795,4.9359,4.7795,4.9203,3194220
HPG,20150611,5.0228,5.075,4.9533,5.0073,1445080
HPG,20150612,5.0054,5.0576,4.9359,4.9725,1333800
HPG,20150615,4.9707,5.0054,4.9359,4.9899,1672040
HPG,20150616,5.0054,5.1271,4.9707,5.0246,1806050
HPG,20150617,4.9881,5.0054,4.9185,4.9377,1581070
HPG,20150618,4.9881,4.9881,4.8838,4.9203,887580
HPG,20150619,4.9012,4.9185,4.7795,4.7812,2592640
HPG,20150622,4.849,4.849,4.7969,4.8334,524900
HPG,20150623,4.8143,4.9533,4.8143,4.9029,801860
HPG,20150624,4.849,4.9012,4.8316,4.8508,1042290
HPG,20150625,4.8143,4.849,4.7621,4.7638,898180
HPG,20150626,4.7621,4.8664,4.7274,4.7465,726400
HPG,20150629,4.7447,4.8664,4.7447,4.8682,1060110
HPG,20150630,4.849,5.0228,4.8316,5.0246,3428620
HPG,20150701,5.0228,5.0402,4.8664,4.9029,1078850
HPG,20150702,4.9012,4.9881,4.8664,4.9725,925320
HPG,20150703,4.9881,5.0402,4.9707,4.9899,1073110
HPG,20150706,4.9881,5.1271,4.9881,5.1116,1864540
HPG,20150707,5.1097,5.3357,5.0402,5.2333,2857450
HPG,20150708,5.2314,5.3009,5.1445,5.1811,1753620
HPG,20150709,5.1445,5.1619,5.0576,5.0768,1809260
HPG,20150710,5.1271,5.1271,5.0228,5.0246,1348180
HPG,20150713,5.0402,5.1097,4.9707,4.9899,1169610
HPG,20150714,4.9881,5.1619,4.9012,5.0768,2295100
HPG,20150715,5.0923,5.1097,4.9707,4.9725,931880
HPG,20150716,4.9533,5.1619,4.9185,5.1463,1582160
HPG,20150717,5.2661,5.3704,5.2314,5.2507,2675200
HPG,20150720,5.2314,5.3009,5.1445,5.3028,1390780
HPG,20150721,5.3009,5.4573,5.3009,5.4593,2696070
HPG,20150722,5.4747,5.8223,5.4747,5.8244,5105670
HPG,20150723,5.8744,5.9266,5.7354,5.7549,1600250
HPG,20150724,5.7528,6.0656,5.7528,6.0157,3303290
HPG,20150727,6.083,6.2394,6.083,6.1895,2415310
HPG,20150728,6.1873,6.2394,5.9613,5.9635,2009060
HPG,20150729,5.9092,6.0135,5.8049,5.807,3073500
HPG,20150730,5.7875,5.9266,5.7702,5.8418,1363300
HPG,20150731,5.8223,5.8571,5.6485,5.6505,2290540
HPG,20150803,5.5616,5.718,5.4747,5.6505,2856040
HPG,20150804,5.6485,5.7875,5.6137,5.6679,996510
HPG,20150805,5.8397,5.8744,5.718,5.8418,1060620
HPG,20150806,5.8571,5.8571,5.7528,5.7722,998530
HPG,20150807,5.8049,5.9613,5.7702,5.9287,2700970
HPG,20150810,5.9787,6.1178,5.9787,6.0504,2228850
HPG,20150811,6.083,6.083,5.9613,5.9983,1979760
HPG,20150812,5.9613,5.9613,5.7528,5.7896,2887340
HPG,20150813,5.7528,5.7875,5.579,5.6853,2493440
HPG,20150814,5.6659,5.7875,5.5616,5.6679,1829940
HPG,20150817,5.7006,5.7006,5.5095,5.5115,1433820
HPG,20150818,5.5095,5.5964,5.4573,5.581,1422730
HPG,20150819,5.5442,5.5616,5.4226,5.5288,1641650
HPG,20150820,5.5268,5.5616,5.3704,5.4071,1210690
HPG,20150821,5.3009,5.3009,5.1097,5.2507,2521210
HPG,20150824,5.1445,5.1445,4.8838,4.8855,4405860
HPG,20150825,4.7969,5.214,4.7969,5.2159,2794310
HPG,20150826,5.2835,5.5268,5.2835,5.4767,1892880
HPG,20150827,5.4747,5.5442,5.4052,5.4419,2252900
HPG,20150828,5.4399,5.5616,5.4226,5.4941,2353430
HPG,20150831,5.4747,5.4747,5.3878,5.4071,1019870
HPG,20150901,5.4052,5.4921,5.3878,5.4071,1450450
HPG,20150903,5.3878,5.3878,5.1792,5.2333,1419780
HPG,20150904,5.2314,5.2835,5.1271,5.1637,830070
HPG,20150907,5.1097,5.1792,5.0576,5.0768,895920
HPG,20150908,5.0923,5.2488,5.075,5.2507,815360
HPG,20150909,5.3183,5.353,5.2661,5.3376,1426770
HPG,20150910,5.2661,5.3357,5.214,5.2854,697840
HPG,20150911,5.2661,5.2835,5.1619,5.1637,880950
HPG,20150914,5.1619,5.1966,5.0576,5.0942,594000
HPG,20150915,5.075,5.1097,5.0576,5.0768,480030
HPG,20150916,5.0923,5.1619,5.075,5.1637,356310
HPG,20150917,5.1792,5.2835,5.1792,5.2159,608370
HPG,20150918,5.3009,5.3704,5.2835,5.355,1592720
HPG,20150921,5.5095,5.6137,5.2835,5.5115,2153670
HPG,20150922,5.5095,5.5616,5.4747,5.5288,786300
HPG,20150923,5.4747,5.5268,5.4399,5.4941,1064130
HPG,20150924,5.5095,5.5095,5.4399,5.4593,1011600
HPG,20150925,5.4226,5.4573,5.3878,5.4071,506830
HPG,20150928,5.3878,5.4226,5.2488,5.2507,1005260
HPG,20150929,5.214,5.2314,5.1619,5.2333,1006020
HPG,20150930,5.2488,5.3357,5.2488,5.2854,554080
HPG,20151001,5.2835,5.3357,5.2835,5.3376,304040
HPG,20151002,5.3357,5.4399,5.3357,5.3724,903700
HPG,20151005,5.3704,5.4573,5.353,5.4593,1300420
HPG,20151006,5.5095,5.579,5.4747,5.5636,3208050
HPG,20151007,5.579,5.579,5.4573,5.4767,1510940
HPG,20151008,5.4921,5.6137,5.4573,5.5984,1920520
HPG,20151009,5.6311,5.7006,5.579,5.6332,1589230
HPG,20151012,5.6485,5.7354,5.6311,5.7027,2015180
HPG,20151013,5.6659,5.6833,5.6311,5.6332,903340
HPG,20151014,5.6137,5.6659,5.6137,5.6158,1203260
HPG,20151015,5.6311,5.7875,5.6137,5.6158,2543820
HPG,20151016,5.5616,5.7006,5.5442,5.5636,2343410
HPG,20151019,5.5964,5.5964,5.5268,5.5636,1717090
HPG,20151020,5.5616,5.5616,5.4399,5.4593,1727880
HPG,20151021,5.4573,5.5268,5.4052,5.4245,1133870
HPG,20151022,5.4052,5.4747,5.4052,5.4593,881840
HPG,20151023,5.5616,5.5616,5.4921,5.5288,1050300
HPG,20151026,5.5442,5.6311,5.5442,5.5462,1371800
HPG,20151027,5.5442,5.5616,5.4921,5.5115,837210
HPG,20151028,5.5095,5.5268,5.4573,5.4593,986700
HPG,20151029,5.4747,5.5268,5.4573,5.4767,1479150
HPG,20151030,5.4747,5.5095,5.4573,5.4767,1046520
HPG,20151102,5.4747,5.4747,5.3878,5.4245,1201140
HPG,20151103,5.4226,5.4747,5.3704,5.4767,934900
HPG,20151104,5.4921,5.4921,5.3704,5.4071,1137210
HPG,20151105,5.4052,5.4399,5.3878,5.3898,651500
HPG,20151106,5.3878,5.4399,5.353,5.3898,925860
HPG,20151109,5.353,5.4052,5.3357,5.3376,555820
HPG,20151110,5.3357,5.353,5.2835,5.3028,674010
HPG,20151111,5.3009,5.3183,5.2661,5.268,730200
HPG,20151112,5.2661,5.2835,5.1792,5.2333,1406120
HPG,20151113,5.2314,5.2488,5.1966,5.2333,1306930
HPG,20151116,5.2488,5.2488,5.1445,5.1463,1217400
HPG,20151117,5.1445,5.3009,5.1445,5.2507,2014180
HPG,20151118,5.2661,5.2835,5.214,5.2333,596730
HPG,20151119,5.2314,5.2314,5.1792,5.1811,436500
HPG,20151120,5.1619,5.2314,5.1445,5.1985,812890
HPG,20151123,5.214,5.2661,5.214,5.2507,966110
HPG,20151124,5.2488,5.2835,5.2314,5.2333,1097160
HPG,20151125,5.2314,5.4052,5.1966,5.4071,2194230
HPG,20151126,5.4573,5.5616,5.4226,5.5115,2819750
HPG,20151127,5.5268,5.579,5.4399,5.4419,3387410
HPG,20151130,5.3878,5.3878,5.2835,5.3028,1147460
HPG,20151201,5.3183,5.3357,5.2661,5.268,1041490
HPG,20151202,5.3183,5.3357,5.2661,5.3202,1342220
HPG,20151203,5.3183,5.3704,5.3009,5.3202,658700
HPG,20151204,5.3183,5.3183,5.2314,5.268,817290
HPG,20151207,5.2314,5.2661,5.1792,5.1985,691540
HPG,20151208,5.1619,5.2835,5.1445,5.268,776960
HPG,20151209,5.2661,5.2835,5.1792,5.1811,530540
HPG,20151210,5.1619,5.214,5.1097,5.1116,1068970
HPG,20151211,5.1271,5.1966,5.1097,5.1811,849510
HPG,20151214,5.3183,5.3878,5.3183,5.3202,1578990
HPG,20151215,5.3009,5.353,5.3009,5.3202,1399890
HPG,20151216,5.3357,5.3357,5.3009,5.3028,754300
HPG,20151217,5.3009,5.3183,5.2661,5.2854,644820
HPG,20151218,5.2835,5.3357,5.2488,5.2854,9525010
HPG,20151221,5.2488,5.2488,5.1792,5.2159,881460
HPG,20151222,5.1966,5.1966,5.1445,5.1637,435510
HPG,20151223,5.1792,5.1792,5.1097,5.129,664920
HPG,20151224,5.1271,5.1792,5.1271,5.129,230640
HPG,20151225,5.1271,5.1619,5.1097,5.129,403760
HPG,20151228,5.1271,5.1445,5.0228,5.0246,1002190
HPG,20151229,5.0402,5.0576,4.9881,5.0246,466130
HPG,20151230,5.0923,5.1271,5.0402,5.0942,652720
HPG,20151231,5.075,5.0923,5.0228,5.0768,390410
HPG,20160104,5.0054,5.0923,5.0054,5.0073,404530
HPG,20160105,4.9881,5.0228,4.9533,4.9551,628760
HPG,20160106,4.9533,5.0402,4.9533,5.042,658730
HPG,20160107,4.9707,4.9881,4.8838,4.9029,1030130
HPG,20160108,4.8143,4.8838,4.7795,4.816,864290
HPG,20160111,4.849,4.849,4.7969,4.816,488320
HPG,20160112,4.7969,4.8838,4.7969,4.8682,343540
HPG,20160113,4.8838,4.8838,4.7795,4.7812,685150
HPG,20160114,4.7621,4.7621,4.5883,4.6074,1479820
HPG,20160115,4.6057,4.6231,4.3971,4.4335,2199370
HPG,20160118,4.1886,4.3276,4.1538,4.3118,2898070
HPG,20160119,4.3276,4.4319,4.3102,4.3813,2466700
HPG,20160120,4.3624,4.4319,4.2929,4.3813,1989300
HPG,20160121,4.3102,4.4319,4.3102,4.4335,2017340
HPG,20160122,4.4493,4.5014,4.3971,4.4509,2755250
HPG,20160125,4.5188,4.7447,4.5188,4.7291,1238860
HPG,20160126,4.6057,4.71,4.5709,4.59,1299900
HPG,20160127,4.6405,4.6926,4.6231,4.6595,1218350
HPG,20160128,4.6752,4.7274,4.6057,4.6074,778140
HPG,20160129,4.6405,4.7795,4.6057,4.7812,860030
HPG,20160201,4.7795,4.8664,4.6405,4.6421,855840
HPG,20160202,4.6057,4.6752,4.5883,4.6595,289590
HPG,20160203,4.5883,4.6752,4.5709,4.6595,1232420
HPG,20160204,4.6752,4.71,4.6752,4.6943,177320
HPG,20160205,4.6926,4.7274,4.6578,4.6943,155980
HPG,20160215,4.6926,4.6926,4.5188,4.59,1033620
HPG,20160216,4.5883,4.6578,4.5883,4.6421,489920
HPG,20160217,4.6057,4.6578,4.6057,4.6421,605330
HPG,20160218,4.6578,4.71,4.6578,4.6595,502930
HPG,20160219,4.6578,4.71,4.6578,4.6943,704540
HPG,20160222,4.6752,4.8143,4.6752,4.7291,1091060
HPG,20160223,4.849,4.849,4.7274,4.7291,807300
HPG,20160224,4.7274,4.7447,4.6578,4.7291,669660
HPG,20160225,4.7447,4.849,4.7274,4.7465,941770
HPG,20160226,4.7621,4.9359,4.7447,4.9377,1862030
HPG,20160229,5.0054,5.0054,4.849,4.8508,941320
HPG,20160301,4.849,4.849,4.7447,4.7638,964040
HPG,20160302,4.7795,4.7969,4.6578,4.7291,1616220
HPG,20160303,4.6926,4.7795,4.6926,4.6943,737360
HPG,20160304,4.71,4.8143,4.6752,4.7812,758830
HPG,20160307,4.8316,4.8838,4.7795,4.8334,2201530
HPG,20160308,4.9012,5.0923,4.9012,5.0246,6767430
HPG,20160309,5.0402,5.1271,4.9533,4.9551,2672170
HPG,20160310,4.9707,4.9881,4.9359,4.9725,1245540
HPG,20160311,4.9881,5.0576,4.9533,5.0073,2144310
HPG,20160314,5.0402,5.2488,5.0402,5.2159,3870560
HPG,20160315,5.2488,5.3009,5.1619,5.2159,2696450
HPG,20160316,5.2488,5.2488,5.1792,5.1985,1634300
HPG,20160317,5.214,5.2835,5.1966,5.2159,2100490
HPG,20160318,5.2314,5.2314,5.1619,5.1637,2584200
HPG,20160321,5.1966,5.2661,5.1792,5.1811,1512420
HPG,20160322,5.1966,5.1966,5.1271,5.129,1602960
HPG,20160323,5.0923,5.1619,5.0576,5.0942,1576220
HPG,20160324,5.075,5.1445,5.0054,5.0073,1758820
HPG,20160325,5.0054,5.075,4.9881,5.042,1704310
HPG,20160328,5.0576,5.1966,5.0576,5.1985,1174990
HPG,20160329,5.214,5.2835,5.1792,5.1811,2044410
HPG,20160330,5.1619,5.1966,5.1271,5.129,1579390
HPG,20160331,5.1271,5.2488,5.1097,5.129,2460570
HPG,20160401,5.1271,5.1445,5.0054,5.042,1523320
HPG,20160404,5.0402,5.1271,5.0228,5.0768,986480
HPG,20160405,5.075,5.1097,5.0576,5.0942,536800
HPG,20160406,5.0923,5.2488,5.0923,5.2507,1954970
HPG,20160407,5.2835,5.3357,5.2314,5.2333,2701300
HPG,20160408,5.2314,5.4052,5.214,5.355,7079970
HPG,20160411,5.4052,5.5095,5.4052,5.4767,5057970
HPG,20160412,5.4747,5.5268,5.4573,5.5115,2850420
HPG,20160413,5.4052,5.5095,5.3704,5.4071,3106110
HPG,20160414,5.4052,5.5268,5.4052,5.4593,2142460
HPG,20160415,5.4921,5.5442,5.4399,5.4419,2734540
HPG,20160419,5.4573,5.4573,5.3704,5.3724,3047720
HPG,20160420,5.4226,5.4747,5.353,5.4245,2813360
HPG,20160421,5.4573,5.5616,5.4573,5.4767,3670790
HPG,20160422,5.4921,5.7006,5.4747,5.6853,4327260
HPG,20160425,5.7354,5.8223,5.718,5.7375,3046090
HPG,20160426,5.7006,5.8049,5.6485,5.7375,3019430
HPG,20160427,5.7354,5.7354,5.6311,5.6853,2321780
HPG,20160428,5.6659,5.7006,5.5964,5.6505,1669040
HPG,20160429,5.6311,5.8223,5.6311,5.8244,3455190
HPG,20160504,5.8918,6.1525,5.8744,6.0852,6404100
HPG,20160505,6.1004,6.3958,5.9961,6.0852,7908200
HPG,20160506,6.0135,6.0656,5.8918,5.9113,4098640
HPG,20160509,5.9787,6.0309,5.8918,5.894,3455700
HPG,20160510,5.8223,5.9092,5.7875,5.8244,4939730
HPG,20160511,5.9092,5.9961,5.8918,5.9983,2497620
HPG,20160512,6.0135,6.0309,5.9092,5.9113,1742800
HPG,20160513,5.8744,5.8918,5.7528,5.7896,3860220
HPG,20160516,5.7702,5.7875,5.718,5.7722,2259110
HPG,20160517,5.7875,5.8744,5.7875,5.8418,1339920
HPG,20160518,5.8571,5.8571,5.7528,5.7549,1773380
HPG,20160519,5.7528,5.8397,5.7354,5.7722,1726020
HPG,20160520,5.7702,5.7875,5.7354,5.7722,1426750
HPG,20160523,5.7702,5.8918,5.7528,5.8592,1149830
HPG,20160524,5.8397,5.9266,5.8223,5.8592,1526440
HPG,20160525,5.8744,5.944,5.8397,5.8592,1842560
HPG,20160526,5.8397,5.8744,5.7702,5.7722,1851110
HPG,20160527,5.7528,5.8223,5.7354,5.7896,1594940
HPG,20160530,5.8049,5.9092,5.8049,5.8766,3173180
HPG,20160531,5.9092,5.944,5.8571,5.8766,3495250
HPG,20160601,5.8744,6.0656,5.8397,5.9809,5684250
HPG,20160602,5.9787,6.1351,5.944,6.12,5218950
HPG,20160603,6.1873,6.2394,6.1351,6.1895,6462490
HPG,20160606,6.222,6.3785,6.1351,6.1547,7411920
HPG,20160607,6.1699,6.3089,6.1699,6.3112,3047640
HPG,20160608,6.3785,6.5001,6.3437,6.4155,3724890
HPG,20160609,6.4654,6.4654,6.3437,6.3808,2965630
HPG,20160610,6.3958,6.5175,6.3785,6.4329,2439340
HPG,20160613,6.4132,6.4132,6.3089,6.346,2928110
HPG,20160614,6.3263,6.587,6.2916,6.5894,3443200
HPG,20160615,6.587,6.7261,6.5349,6.6068,2129160
HPG,20160616,6.6044,6.7261,6.6044,6.6242,2814140
HPG,20160617,6.587,6.6565,6.5001,6.5025,5659440
HPG,20160620,6.6044,6.6739,6.5523,6.6763,1648120
HPG,20160621,6.7434,6.8999,6.7434,6.8154,3610830
HPG,20160622,6.813,6.9346,6.7782,6.885,2285990
HPG,20160623,6.8651,7.0041,6.8651,6.9719,4020040
HPG,20160624,6.9346,6.952,6.4827,6.7459,12178690
HPG,20160627,6.6565,6.7782,6.5523,6.7807,3206680
HPG,20160628,6.7087,6.8303,6.6913,6.7285,1830580
HPG,20160629,6.7434,6.8999,6.7261,6.8328,4457030
HPG,20160630,6.9172,7.0041,6.8651,6.885,3438530
HPG,20160701,6.9172,7.0215,6.8999,6.9197,5658560
HPG,20160704,6.952,6.9868,6.8999,6.9371,4158970
HPG,20160705,7.0041,7.091,6.9694,6.9893,4927570
HPG,20160706,6.9694,7.1258,6.9172,7.1284,4957280
HPG,20160707,7.2822,7.4734,7.2127,7.4413,3680720
HPG,20160708,7.4734,7.5082,7.2822,7.4239,5754320
HPG,20160711,7.4213,7.456,7.0389,7.0414,5163140
HPG,20160712,7.091,7.1953,6.9868,7.1458,5547040
HPG,20160713,7.2127,7.2996,7.2127,7.2327,3746150
HPG,20160714,7.2475,7.2648,6.9868,6.9893,5141750
HPG,20160715,6.9694,7.0737,6.8303,7.0588,3726150
HPG,20160718,7.0563,7.4386,7.0389,7.3544,5985260
HPG,20160719,7.4734,7.4734,7.1258,7.3022,4442630
HPG,20160720,7.2822,7.3344,7.1432,7.1458,2728420
HPG,20160721,7.1606,7.2648,7.1258,7.1632,2884960
HPG,20160722,7.1258,7.1258,6.7782,6.9893,5190610
HPG,20160725,7.0563,7.1779,6.9694,7.111,3766690
HPG,20160726,7.1084,7.3517,7.0737,7.3544,4989480
HPG,20160727,7.5082,7.5429,7.3691,7.5109,7309600
HPG,20160728,7.5255,7.7862,7.5255,7.7543,5902350
HPG,20160729,7.7689,7.7862,7.6472,7.7369,6189170
HPG,20160801,7.7515,7.7515,7.5603,7.6674,4652710
HPG,20160802,7.5777,7.6124,7.4213,7.4239,6370060
HPG,20160803,7.3865,7.5082,7.3691,7.5109,3050500
HPG,20160804,7.5777,7.5951,7.4039,7.4066,3081510
HPG,20160805,7.3865,7.4908,7.3344,7.4935,4794470
HPG,20160808,7.5082,7.5603,7.4213,7.4413,1978940
HPG,20160809,7.4213,7.5255,7.4213,7.5283,2351520
HPG,20160810,7.5603,7.9948,7.5603,7.876,5703740
HPG,20160811,7.8731,8.0296,7.8731,7.9977,3931110
HPG,20160812,8.1686,8.2034,7.9427,7.9629,4563390
HPG,20160815,7.96,8.0469,7.9253,8.0499,4573000
HPG,20160816,8.1165,8.2729,8.0817,8.1716,3597400
HPG,20160817,8.186,8.5162,8.186,8.4497,4700970
HPG,20160818,8.5336,8.6379,8.4467,8.4845,4116040
HPG,20160819,8.4988,8.551,8.3772,8.3802,3656710
HPG,20160822,8.3598,8.4641,8.3424,8.4324,2748960
HPG,20160823,8.4119,8.5683,8.4119,8.5714,3521490
HPG,20160824,8.6379,8.7769,8.4988,8.5193,5811280
HPG,20160825,8.7429,8.8666,8.7016,8.8695,5867250
HPG,20160826,8.8666,8.8872,8.7635,8.787,2303950
HPG,20160829,8.7635,8.8047,8.5573,8.5601,4916380
HPG,20160830,8.4954,8.6604,8.4336,8.6426,3069560
HPG,20160831,8.7223,8.846,8.7016,8.8283,3023220
HPG,20160901,8.8254,8.8254,8.7016,8.7457,2283700
HPG,20160905,8.7841,8.8047,8.6398,8.6632,3626000
HPG,20160906,8.7016,8.8047,8.681,8.7251,3353490
HPG,20160907,8.7223,9.0728,8.6398,9.0758,4529030
HPG,20160908,9.0728,9.3202,8.9903,9.2614,5541710
HPG,20160909,9.2584,9.279,9.0934,9.1377,2978500
HPG,20160912,9.0419,9.0522,8.8563,8.8695,3209760
HPG,20160913,8.8666,9.0934,8.8666,9.0139,3410530
HPG,20160914,8.9388,9.0625,8.9388,8.9933,1433230
HPG,20160915,8.9491,9.1759,8.9491,9.117,3018930
HPG,20160916,9.114,9.2171,9.0831,9.1789,9026300
HPG,20160919,9.279,9.4749,9.2584,9.4058,4311630
HPG,20160920,9.3409,9.4233,9.2687,9.3749,3028200
HPG,20160921,9.3615,9.5264,9.279,9.4058,2996420
HPG,20160922,9.5058,9.6295,9.4233,9.5296,4309820
HPG,20160923,9.5264,9.5677,9.4646,9.4677,3065270
HPG,20160926,9.444,9.5368,9.3099,9.478,2874560
HPG,20160927,9.4646,9.5574,9.444,9.5399,3471140
HPG,20160928,9.5883,9.6914,9.5368,9.6327,3327970
HPG,20160929,9.6295,9.6914,9.5264,9.5708,3445480
HPG,20160930,9.4955,9.5883,9.4027,9.4264,7055060
HPG,20161003,9.4233,9.4852,9.1759,9.1789,6696480
HPG,20161004,9.114,9.2378,8.8872,9.0655,12594180
HPG,20161005,9.0728,9.114,8.98,8.9933,4993350
HPG,20161006,8.9697,9.0109,8.7738,8.8489,5642520
HPG,20161007,8.846,8.9285,8.3511,8.4776,12092340
HPG,20161010,8.4542,8.4748,8.083,8.0857,5932030
HPG,20161011,8.1037,8.6398,8.1037,8.6426,8816090
HPG,20161012,8.7016,8.7841,8.3717,8.4157,6287140
HPG,20161013,8.2892,8.5676,8.1861,8.5188,4735200
HPG,20161014,8.4542,8.5985,8.3305,8.3332,4372760
HPG,20161017,8.2892,8.413,8.2068,8.2094,2726800
HPG,20161018,8.1655,8.4027,8.1655,8.3951,3936870
HPG,20161019,8.4542,8.6398,8.4027,8.5085,3624200
HPG,20161020,8.5367,8.5779,8.4336,8.4879,1596170
HPG,20161021,8.4748,8.5367,8.4336,8.457,2218550
HPG,20161024,8.4542,8.4954,8.2892,8.292,2876450
HPG,20161025,8.2892,8.3099,8.0934,8.1682,3373480
HPG,20161026,8.1655,8.2377,8.0521,8.1579,2550830
HPG,20161027,8.1655,8.1965,8.0934,8.1579,1633800
HPG,20161028,8.1552,8.4748,8.1552,8.4157,3415950
HPG,20161031,8.4027,8.4748,8.2892,8.4054,2216260
HPG,20161101,8.3511,8.4851,8.3305,8.3332,1519710
HPG,20161102,8.3305,8.3305,8.1449,8.1476,2809280
HPG,20161103,8.1449,8.1449,8.0109,8.1063,3416740
HPG,20161104,8.1449,8.2068,8.1243,8.1682,1521270
HPG,20161107,8.2377,8.4954,8.1861,8.4776,4122990
HPG,20161108,8.5161,8.6192,8.4954,8.5601,4669020
HPG,20161109,8.5573,8.5573,8.1449,8.4467,9411610
HPG,20161110,8.6192,8.6295,8.547,8.5601,3802720
HPG,20161111,8.4954,8.5367,8.413,8.4467,3408550
HPG,20161114,8.413,8.5367,8.4027,8.4982,3990070
HPG,20161115,8.4954,8.7223,8.4954,8.6632,4588760
HPG,20161116,8.6604,8.7944,8.6398,8.6839,4225640
HPG,20161117,8.6604,8.7532,8.5985,8.622,3054490
HPG,20161118,8.5985,8.6707,8.4954,8.5188,3101710
HPG,20161121,8.5367,8.6604,8.4748,8.6632,3303700
HPG,20161122,8.7429,8.7532,8.6192,8.6426,3014150
HPG,20161123,8.6398,8.7223,8.5779,8.591,2206150
HPG,20161124,8.6192,8.712,8.5779,8.6014,2522970
HPG,20161125,8.6604,8.7016,8.5779,8.6117,3239970
HPG,20161128,8.5985,8.6089,8.3511,8.3951,3054300
HPG,20161129,8.3923,8.4336,8.2892,8.3229,2916960
HPG,20161130,8.2996,8.7635,8.2892,8.6839,6140310
HPG,20161201,8.7223,8.7635,8.6089,8.6117,4391230
HPG,20161202,8.6398,8.7326,8.6192,8.7045,4769370
HPG,20161205,8.7223,8.8769,8.7016,8.7457,6102780
HPG,20161206,8.7635,8.7841,8.3717,8.4363,4956320
HPG,20161207,8.4336,8.5367,8.413,8.426,2987910
HPG,20161208,8.4439,8.5367,8.4233,8.4363,1912140
HPG,20161209,8.4336,8.5264,8.413,8.4363,2565360
HPG,20161212,8.4233,8.4336,8.3511,8.3951,2412750
HPG,20161213,8.3923,8.4233,8.3099,8.3641,2687280
HPG,20161214,8.3614,8.6192,8.3614,8.591,2633270
HPG,20161215,8.5779,8.5985,8.4748,8.5188,1830580
HPG,20161216,8.4954,8.681,8.4954,8.622,3688380
HPG,20161219,8.6192,8.6913,8.5264,8.5601,2430260
HPG,20161220,8.5573,8.6089,8.5058,8.5188,1312730
HPG,20161221,8.5573,8.6913,8.5367,8.6426,2405340
HPG,20161222,8.681,8.9078,8.6604,8.7664,6126040
HPG,20161223,8.7635,8.9078,8.681,8.8592,4268440
HPG,20161226,8.9491,9.0419,8.9285,9.0345,3826190
HPG,20161227,9.0316,9.0522,8.8975,8.9004,3831250
HPG,20161228,8.9078,9.0213,8.8975,8.9933,3467160
HPG,20161229,8.9697,9.0006,8.9078,8.9108,2021280
HPG,20161230,8.9078,8.9594,8.8975,8.9004,1969290
HPG,20170103,9.0728,9.1037,8.9078,9.0758,3044660
HPG,20170104,9.1347,9.1759,9.0419,9.0758,2346300
HPG,20170105,9.0831,9.1347,9.0728,9.0964,3018500
HPG,20170106,9.114,9.1656,8.9078,8.952,4204960
HPG,20170109,8.9697,8.9903,8.8563,8.9004,2617980
HPG,20170110,8.9078,9.0934,8.9078,9.0448,2985620
HPG,20170111,9.0419,9.0728,8.9697,9.0758,1669830
HPG,20170112,9.114,9.114,9.0006,9.0036,1816920
HPG,20170113,8.9697,9.0006,8.9078,8.9108,2579390
HPG,20170116,8.8975,8.9285,8.6604,8.6632,4140650
HPG,20170117,8.6604,8.7532,8.6089,8.6632,2562530
HPG,20170118,8.6604,8.712,8.5779,8.5807,2807280
HPG,20170119,8.5161,8.6295,8.5058,8.5498,1908870
HPG,20170120,8.5573,8.7326,8.5573,8.7045,1186610
HPG,20170123,8.681,8.7635,8.6604,8.6632,1195100
HPG,20170124,8.7016,8.7016,8.6501,8.6632,1167800
HPG,20170125,8.6604,8.7738,8.6604,8.7251,907340
HPG,20170202,8.7635,8.8047,8.7016,8.8076,1714550
HPG,20170203,9.0934,9.1759,8.9078,8.9108,5400770
HPG,20170206,8.9697,9.0934,8.9078,9.0964,4596640
HPG,20170207,9.114,9.2893,9.114,9.1995,8714000
HPG,20170208,9.2378,9.2378,9.1347,9.2098,3232800
HPG,20170209,9.2584,9.3099,9.1656,9.1892,5763710
HPG,20170210,9.1656,9.2584,9.145,9.148,4005140
HPG,20170213,9.1759,9.2584,9.1759,9.2305,2291640
HPG,20170214,9.279,9.3821,9.2378,9.3027,4524800
HPG,20170215,9.2996,9.3615,9.2378,9.313,3767830
HPG,20170216,9.3512,9.3512,9.2171,9.2202,4491020
HPG,20170217,9.1759,9.1965,9.0316,9.1377,5439270
HPG,20170220,8.8254,8.846,8.5779,8.6632,13251990
HPG,20170221,8.6295,8.7429,8.5882,8.7148,4324840
HPG,20170222,8.7016,8.7326,8.248,8.292,7920920
HPG,20170223,8.2892,8.4336,8.2686,8.3745,4527400
HPG,20170224,8.3511,8.4027,8.2686,8.3435,2402300
HPG,20170227,8.2996,8.3408,8.2171,8.3023,3949350
HPG,20170228,8.3511,8.3923,8.248,8.2507,2358760
HPG,20170301,8.2377,8.4542,8.1243,8.4363,3802640
HPG,20170302,8.4748,8.6707,8.4336,8.6632,7913230
HPG,20170303,8.6604,8.6604,8.4542,8.457,1779190
HPG,20170306,8.4542,8.5573,8.413,8.4982,2560640
HPG,20170307,8.5367,8.5573,8.4748,8.4982,1917450
HPG,20170308,8.4954,8.5161,8.4748,8.5085,2014690
HPG,20170309,8.5161,8.6913,8.5058,8.6632,4294340
HPG,20170310,8.681,8.8666,8.6501,8.6839,6007990
HPG,20170313,8.681,8.7016,8.6192,8.6839,1984280
HPG,20170314,8.7016,8.7016,8.6604,8.6736,1597180
HPG,20170315,8.6604,8.6707,8.547,8.5704,2582180
HPG,20170316,8.6192,8.6398,8.5985,8.622,988750
HPG,20170317,8.6398,8.6913,8.5161,8.5188,4447530
HPG,20170320,8.6192,8.6501,8.5779,8.6323,958720
HPG,20170321,8.7635,8.846,8.7429,8.8386,3582260
HPG,20170322,8.8666,8.8872,8.7223,8.7457,2598780
HPG,20170323,8.7635,8.846,8.7429,8.8179,2599800
HPG,20170324,8.8666,8.8872,8.8151,8.8798,2938830
HPG,20170327,8.9285,8.9388,8.8563,8.8798,3248280
HPG,20170328,8.8666,8.9078,8.7841,8.8592,2948930
HPG,20170329,8.8666,8.9903,8.8357,8.952,5883840
HPG,20170330,9.2171,9.3873,9.1244,9.2661,8091460
HPG,20170331,9.279,9.5264,9.279,9.4517,3390840
HPG,20170403,9.4955,9.8976,9.48,9.8849,4490760
HPG,20170404,9.8976,10.2997,9.8821,9.9932,7700040
HPG,20170405,9.8976,9.9131,9.712,9.7302,4587810
HPG,20170407,9.6811,9.9131,9.6038,9.8539,4327880
HPG,20170410,9.8976,9.9131,9.7739,9.8849,4318150
HPG,20170411,9.8976,9.9131,9.8203,9.8694,3139100
HPG,20170412,9.8357,9.8512,9.712,9.7766,4231190
HPG,20170413,9.743,9.8203,9.712,9.7457,3009260
HPG,20170414,9.6656,9.7275,9.4337,9.56,3510790
HPG,20170417,9.5728,9.6038,9.3873,9.4363,4472670
HPG,20170418,9.48,9.4955,9.2945,9.3589,5291790
HPG,20170419,9.4182,9.5883,9.3718,9.5755,4167070
HPG,20170420,9.5728,9.5883,9.4182,9.4208,2167010
HPG,20170421,9.4027,9.48,9.3409,9.4208,1963090
HPG,20170424,9.4337,9.4491,9.2481,9.297,2528340
HPG,20170425,9.279,9.3409,9.1707,9.2197,3193390
HPG,20170426,9.1862,9.1862,8.8769,9.0341,4574520
HPG,20170427,9.0625,9.1862,8.8769,9.1269,6407120
HPG,20170428,9.0316,9.1089,9.0161,9.0959,7712150
HPG,20170503,9.0934,9.1244,9.0006,9.0031,2315880
HPG,20170504,9.0161,9.0934,9.0006,9.0341,2558020
HPG,20170505,9.0316,9.0625,9.0316,9.0341,2495480
HPG,20170508,9.0316,9.0625,9.0006,9.0186,3316640
HPG,20170509,9.047,9.2171,9.0006,9.1888,4265190
HPG,20170510,9.279,9.3563,9.2481,9.2816,3910870
HPG,20170511,9.3099,9.4027,9.3099,9.328,3986120
HPG,20170512,9.3254,9.3409,9.1244,9.1888,3027090
HPG,20170515,9.1862,9.2017,9.1089,9.1269,3426170
HPG,20170516,9.1244,9.1398,8.9697,8.9722,5684020
HPG,20170517,8.9697,9.0934,8.9697,8.9877,2510930
HPG,20170518,8.9697,9.0316,8.8151,8.8175,3916890
HPG,20170519,8.8769,8.9078,8.7841,8.8794,2576500
HPG,20170522,8.8769,9.0625,8.8769,8.9413,2366700
HPG,20170523,9.0006,9.0006,8.9388,8.9877,3362870
HPG,20170524,8.9697,9.1089,8.9542,9.0805,3289470
HPG,20170525,9.0934,9.1707,9.047,9.0805,2081150
HPG,20170526,9.0625,9.0934,9.0006,9.0341,1846100
HPG,20170529,9.0625,9.2481,9.0625,9.2197,4611820
HPG,20170530,9.2326,9.2326,9.078,9.0805,3388780
HPG,20170531,9.0625,9.5574,9.0625,9.4053,8341190
HPG,20170601,9.4955,9.4955,9.3254,9.3744,3916570
HPG,20170602,9.3718,9.3873,9.2326,9.2816,3559100
HPG,20170605,9.279,9.3563,9.2326,9.2661,4605780
HPG,20170606,9.2481,9.4337,9.2171,9.4363,7122100
HPG,20170607,9.48,9.743,9.48,9.7147,8211260
HPG,20170608,9.743,9.8048,9.6502,9.7457,5384820
HPG,20170609,9.7275,9.8048,9.6811,9.7302,3949410
HPG,20170612,9.6966,9.712,9.5264,9.56,4399880
HPG,20170613,9.5264,9.712,9.511,9.7147,3739790
HPG,20170614,9.7584,9.8203,9.6966,9.7921,4805780
HPG,20170615,9.7893,10.0832,9.7893,10.0241,11733730
HPG,20170616,10.4406,10.4737,10.1268,10.195,9519180
HPG,20170619,10.2424,10.2754,10.0442,10.0793,4579560
HPG,20170620,10.0442,10.2094,10.0442,10.2115,3360510
HPG,20170621,10.1763,10.1763,10.0276,10.1124,3868940
HPG,20170622,10.0937,10.1928,10.0772,10.1619,2123300
HPG,20170623,10.1763,10.1763,10.0772,10.1785,3030110
HPG,20170626,10.1433,10.2259,10.0937,10.195,2511280
HPG,20170627,10.1928,10.1928,10.1102,10.1289,2673780
HPG,20170628,10.1268,10.1598,10.0937,10.1454,1958450
HPG,20170629,10.1268,10.3911,10.1268,10.2941,4514140
HPG,20170630,10.3746,10.5728,10.3085,10.575,7332030
HPG,20170703,10.5728,11.2336,10.5728,10.9055,7979110
HPG,20170704,10.9032,11.0849,10.8536,10.9055,4802760
HPG,20170705,10.9858,10.9858,10.8041,10.8725,3003200
HPG,20170706,10.9032,11.0684,10.8702,11.0046,5624250
HPG,20170707,11.0684,11.0849,10.8867,10.9055,5284990
HPG,20170710,10.9032,11.0023,10.8867,10.9386,5380960
HPG,20170711,10.9693,10.9693,10.6389,10.8725,5710870
HPG,20170712,10.9032,10.9693,10.8041,10.9055,3529680
HPG,20170713,10.9197,11.1014,10.8702,11.1038,2996090
HPG,20170714,11.2171,11.3823,11.1345,11.1368,3809400
HPG,20170717,11.151,11.151,10.738,10.8559,5055550
HPG,20170718,10.5067,10.6224,10.4076,10.5916,7643890
HPG,20170719,10.5893,10.6884,10.5067,10.5089,3961970
HPG,20170720,10.3746,10.4902,10.1763,10.4594,5852240
HPG,20170721,10.4241,10.4737,10.3415,10.3768,4577090
HPG,20170724,10.292,10.5067,10.2754,10.4428,3045580
HPG,20170725,10.3911,10.6389,10.3911,10.575,2302570
HPG,20170726,10.6389,10.8702,10.5893,10.8394,2780360
HPG,20170727,10.8536,10.8536,10.705,10.7237,1492240
HPG,20170728,10.6719,10.8206,10.6719,10.7237,1550080
HPG,20170731,10.6058,10.705,10.5232,10.6742,3079000
HPG,20170801,10.5728,10.8702,10.5728,10.8064,3792470
HPG,20170802,10.738,10.7876,10.6554,10.6742,2158020
HPG,20170803,10.6719,10.738,10.6224,10.6742,1338210
HPG,20170804,10.6389,10.6719,10.5563,10.575,1588200
HPG,20170807,10.5728,10.6884,10.5398,10.6577,1487440
HPG,20170808,10.6884,10.7215,10.6389,10.6742,1428790
HPG,20170809,10.6058,10.6719,10.4902,10.5255,2387220
HPG,20170810,10.5067,10.5728,10.4902,10.575,1892780
HPG,20170811,10.5563,10.8206,10.5563,10.8064,2919330
HPG,20170814,10.8041,11.2336,10.7876,11.236,6421140
HPG,20170815,11.3658,11.3658,11.0354,11.0707,4573670
HPG,20170816,11.0684,11.3162,11.0023,11.3186,7328470
HPG,20170817,11.3162,11.3162,11.118,11.1203,3100480
HPG,20170818,11.0684,11.2336,11.0188,11.1534,3031150
HPG,20170821,11.1345,11.151,10.9197,10.9386,3275910
HPG,20170822,10.8702,11.0519,10.8371,10.9881,2976640
HPG,20170823,10.9197,11.0684,10.8867,11.0707,2082950
HPG,20170824,11.0023,11.184,11.0023,11.1368,3342600
HPG,20170825,11.1014,11.2171,11.0849,11.2029,5658750
HPG,20170828,11.2336,11.3658,11.2006,11.3682,5261300
HPG,20170829,11.3327,11.4979,11.3162,11.3847,5137980
HPG,20170830,11.3823,11.564,11.3823,11.5169,3576470
HPG,20170831,11.4979,11.6796,11.4979,11.583,3918570
HPG,20170901,11.5805,11.6301,11.5144,11.5995,2819890
HPG,20170905,11.597,11.7127,11.5475,11.6986,3246220
HPG,20170906,11.6962,11.8944,11.6962,11.8969,6081580
HPG,20170907,11.9274,11.9274,11.6631,11.7317,5304750
HPG,20170908,11.7292,11.9109,11.6466,11.8804,4192570
HPG,20170911,11.8614,11.8944,11.6631,11.6656,2957540
HPG,20170912,11.6631,11.7127,11.531,11.7152,3157390
HPG,20170913,11.7953,12.1918,11.7622,12.1943,5917410
HPG,20170914,12.2248,12.3239,12.0596,12.1282,2979310
HPG,20170915,12.0596,12.2413,12.0266,12.2274,4240470
HPG,20170918,12.3239,12.5552,12.3074,12.4422,4636200
HPG,20170919,12.5222,12.77,12.4726,12.5579,5115160
HPG,20170920,12.5717,12.6213,12.4561,12.5248,3067330
HPG,20170921,12.5552,12.5882,12.3239,12.3926,4301050
HPG,20170922,12.3735,12.6213,12.3404,12.4587,3308050
HPG,20170925,12.4726,12.4726,12.357,12.3926,2046460
HPG,20170926,12.357,12.423,12.2413,12.3596,3665880
HPG,20170927,12.357,12.5056,12.357,12.4587,2014480
HPG,20170928,12.4726,12.6213,12.4561,12.4752,2949080
HPG,20170929,12.4726,12.8691,12.4726,12.8553,6091150
HPG,20171002,12.8691,12.9352,12.77,12.9048,4329510
HPG,20171003,12.8856,12.9682,12.6874,12.8222,3500210
HPG,20171004,12.8526,13.1004,12.7865,13.1031,2571530
HPG,20171005,13.1004,13.183,12.8195,12.8222,5341280
HPG,20171006,12.8195,12.9517,12.7204,12.8388,3118160
HPG,20171009,12.8856,13.0343,12.8195,13.037,2179760
HPG,20171010,13.0343,13.1169,13.0012,13.1197,1986910
HPG,20171011,13.1169,13.1334,13.0178,13.0701,2924450
HPG,20171012,13.0838,13.216,12.9847,13.0536,6506920
HPG,20171013,13.0343,13.0673,12.8526,12.8718,3480150
HPG,20171016,12.8856,12.8856,12.4891,12.5579,5477600
HPG,20171017,12.5222,12.8856,12.5222,12.8883,4209020
HPG,20171018,12.8856,12.9847,12.6213,12.69,3257880
HPG,20171019,12.5552,12.7039,12.4726,12.4918,3847220
HPG,20171020,12.4891,12.5387,12.1918,12.3761,5134390
HPG,20171023,12.2578,12.39,12.1092,12.2604,3548920
HPG,20171024,12.3735,12.39,12.2413,12.3926,2536880
HPG,20171025,12.357,12.4561,12.3404,12.343,1865230
HPG,20171026,12.3404,12.3404,12.1257,12.2274,2990890
HPG,20171027,12.2413,12.4561,12.1918,12.4587,2307070
HPG,20171030,12.4891,12.4891,12.1587,12.1613,3182530
HPG,20171031,12.1587,12.357,11.9935,12.2274,3596630
HPG,20171101,12.1587,12.1918,11.7788,11.7978,5695800
HPG,20171102,11.7953,11.9605,11.4979,11.5004,4642790
HPG,20171103,11.564,11.9605,11.4979,11.963,3961010
HPG,20171106,12.0596,12.2413,12.0266,12.1943,2911740
HPG,20171107,12.2248,12.2248,12.0926,12.1943,2598200
HPG,20171108,12.1918,12.3239,12.1092,12.2439,4626280
HPG,20171109,12.2909,12.3074,12.2083,12.2439,2984290
HPG,20171110,12.2909,12.3074,12.1918,12.31,2695850
HPG,20171113,12.3074,12.3074,11.9935,12.1117,2541840
HPG,20171114,12.1587,12.4891,12.0926,12.3596,3223090
HPG,20171115,12.803,12.8526,12.3735,12.8057,5923670
HPG,20171116,12.7865,12.9517,12.7204,12.7727,3823530
HPG,20171117,12.7534,12.7865,12.5387,12.6239,2824720
HPG,20171120,12.6213,12.6213,12.2909,12.3596,5032060
HPG,20171121,12.39,12.5552,12.3735,12.4091,4116150
HPG,20171122,12.5222,12.7534,12.4891,12.657,4017630
HPG,20171123,12.7534,12.7865,12.4891,12.6239,5048680
HPG,20171124,12.6213,12.9517,12.6213,12.9214,6380830
HPG,20171127,12.9517,13.0343,12.8691,12.9709,5252070
HPG,20171128,13.0508,13.1004,12.9186,13.0205,3685180
HPG,20171129,12.9847,13.0178,12.8856,12.9875,3701540
HPG,20171130,13.0838,13.6786,13.0838,13.6154,11457580
HPG,20171201,13.596,13.7777,13.5464,13.7145,4367480
HPG,20171204,13.6786,13.9098,13.6455,13.8797,4425610
HPG,20171205,13.8768,13.9594,13.7446,13.7475,5651430
HPG,20171206,13.8438,13.9594,13.4142,13.9624,7172100
HPG,20171207,13.9594,13.9759,13.7446,13.8632,3948820
HPG,20171208,13.8438,13.8438,13.5794,13.6154,3524840
HPG,20171211,13.4142,13.5629,13.2821,13.2849,3778630
HPG,20171212,13.3151,13.5134,12.5552,13.1197,6905750
HPG,20171213,13.3482,13.3482,13.1169,13.3179,4180040
HPG,20171214,13.3151,13.4803,13.2986,13.4336,2181370
HPG,20171215,13.5299,13.8603,13.5299,13.7806,5530560
HPG,20171218,13.9429,14.2072,13.7942,14.2102,5984320
HPG,20171219,14.3394,14.6367,14.2568,14.4085,7414140
HPG,20171220,14.2733,14.7028,14.2733,14.5407,4347600
HPG,20171221,14.4385,14.9341,14.4385,14.5737,6161690
HPG,20171222,14.6367,14.835,14.5706,14.6563,5883750
HPG,20171225,14.6532,14.6863,14.4715,14.4911,2345650
HPG,20171226,14.3724,14.6698,14.3559,14.5076,3717280
HPG,20171227,14.5046,15.0662,14.5046,15.0033,7613290
HPG,20171228,15.0002,15.1984,14.835,15.1355,3305010
HPG,20171229,15.1819,15.4958,15.1488,15.4825,5114380
HPG,20180102,15.1819,15.4958,15.1488,15.4825,5114380
HPG,20180103,15.8592,16.0244,15.6279,15.7304,4828220
HPG,20180104,15.7931,15.9914,15.727,15.9286,4640280
HPG,20180105,15.8922,16.0079,15.7436,15.8626,3660450
HPG,20180108,15.7601,16.3548,15.694,16.3583,3702750
HPG,20180109,16.4539,17.4782,16.4209,17.4819,5702180
HPG,20180110,17.6764,17.8416,16.7182,17.0853,6231980
HPG,20180111,17.0156,17.1478,16.6522,17.0853,5284530
HPG,20180112,17.1808,17.4782,16.9165,17.2175,5393440
HPG,20180115,17.1478,18.0398,17.0486,18.0437,3408260
HPG,20180116,17.9407,18.5024,17.7094,18.5063,4328790
HPG,20180117,18.3042,18.5685,17.7094,17.7132,5028580
HPG,20180118,17.6434,18.5024,17.4451,18.5063,5542350
HPG,20180119,18.5024,19.791,18.3702,19.729,7233090
HPG,20180122,19.6588,21.0795,19.6588,21.0179,6662390
HPG,20180125,21.443,21.476,20.1544,20.3239,13773130
HPG,20180126,20.4848,21.3108,20.1544,21.117,4998360
HPG,20180129,21.3108,21.476,20.3196,20.3239,5100130
HPG,20180130,19.9892,20.3196,19.3284,20.2578,10291630
HPG,20180131,20.2535,21.0795,20.1544,20.5883,5541660
HPG,20180201,20.5839,20.8152,19.9892,20.1587,2813090
HPG,20180202,20.1544,20.2866,19.7249,20.1917,3673050
HPG,20180205,19.791,19.9562,18.8328,18.8368,7317220
HPG,20180206,19.1632,19.6258,17.5442,19.1673,14973300
HPG,20180207,19.9892,20.3196,19.5266,19.663,5682060
HPG,20180208,19.6588,20.0883,19.4275,19.729,4633450
HPG,20180209,18.7667,19.6258,18.7667,19.2664,9028840
HPG,20180212,19.2623,19.7249,19.1302,19.4316,6576890
HPG,20180213,19.4936,20.1874,19.4936,20.0265,5281840
HPG,20180221,20.3196,20.4187,19.7249,19.8282,8779720
HPG,20180222,19.6588,19.6918,19.3945,19.4647,4928900
HPG,20180223,19.4936,20.4848,19.4275,20.3569,10695740
HPG,20180226,20.7822,21.3438,20.5509,21.2823,8761510
HPG,20180227,21.443,21.443,20.9474,21.1831,7780430
HPG,20180228,20.9804,21.8064,20.7822,21.811,11050630
HPG,20180301,21.7734,22.4011,21.476,22.0423,6516250
HPG,20180302,21.509,22.0377,21.3769,21.9101,7746200
HPG,20180305,21.8725,21.9055,20.3857,20.39,18962710
HPG,20180306,20.4848,21.1786,19.5597,21.117,8543250
HPG,20180307,20.3196,21.1126,19.9892,20.1917,6712590
HPG,20180308,20.1214,20.683,19.857,20.423,4777230
HPG,20180309,20.4848,20.617,20.2205,20.3239,4792550
HPG,20180312,20.4848,20.617,20.2866,20.4891,2965770
HPG,20180313,20.4518,20.4848,20.2205,20.3239,2925900
HPG,20180314,20.4518,20.5839,20.3857,20.423,2654570
HPG,20180315,20.3196,20.3196,19.9562,20.0265,4149230
HPG,20180316,19.8901,20.1214,19.6918,19.8943,9631780
HPG,20180319,20.1544,21.1126,20.1544,20.8526,5218860
HPG,20180320,20.7491,20.7822,20.3196,20.3239,3422270
HPG,20180321,20.3526,20.9474,20.3526,20.8196,4866590
HPG,20180322,20.8152,21.2447,20.65,20.7535,6581870
HPG,20180323,19.9892,20.4848,19.9892,20.2908,5420930
HPG,20180326,20.0553,20.2535,19.3284,19.4647,11065710
HPG,20180327,19.3614,19.791,19.3614,19.6299,5798310
HPG,20180328,19.6258,19.8901,19.4275,19.7951,2410560
HPG,20180329,19.824,20.2205,19.7579,20.0926,3683450
HPG,20180330,20.2205,20.2535,19.857,19.9604,2577560
HPG,20180402,19.9892,20.0222,19.4936,19.4977,6093790
HPG,20180403,19.4936,19.6588,18.998,19.3325,6349810
HPG,20180404,19.4936,19.5927,19.3284,19.4977,2908600
HPG,20180405,19.5927,19.6258,19.3614,19.4316,2089950
HPG,20180406,19.3945,19.9562,19.3284,19.9604,4899110
HPG,20180409,20.0222,20.2205,19.824,20.0926,4479210
HPG,20180410,20.0883,20.1874,19.857,20.0926,4651830
HPG,20180411,20.1544,20.4848,19.9562,19.9934,7191440
HPG,20180412,19.8901,20.4518,19.791,20.39,4513010
HPG,20180413,20.4848,20.5178,20.1214,20.2248,3273780
HPG,20180416,19.9892,20.1544,19.857,19.8612,2178130
HPG,20180417,19.9562,19.9562,19.4936,19.729,3369400
HPG,20180418,19.791,19.8901,19.4936,19.4977,2757790
HPG,20180419,19.3614,19.5266,18.8328,18.8368,5118490
HPG,20180420,18.8328,19.4275,18.5685,19.4316,3297740
HPG,20180423,19.4606,19.4606,18.3372,18.3741,2822400
HPG,20180424,18.3372,18.7998,18.172,18.5063,3808590
HPG,20180426,18.5024,18.7667,17.5442,17.6801,4650560
HPG,20180427,17.6764,17.8416,17.1147,17.7793,5135100
HPG,20180502,17.9738,18.3042,17.6103,17.9776,4197690
HPG,20180503,17.9407,18.0068,17.6434,17.9445,5325700
HPG,20180504,18.1059,18.2711,17.8086,17.8454,2599490
HPG,20180507,17.9738,18.5024,17.8086,18.5063,3773870
HPG,20180508,18.4694,19.1302,18.2381,18.8368,4689060
HPG,20180509,18.7667,18.998,18.5354,18.8368,2016460
HPG,20180510,18.7337,18.7998,18.172,18.2419,2628190
HPG,20180511,18.0398,18.4363,18.0068,18.4072,2728770
HPG,20180514,18.5354,18.6015,18.172,18.4402,2798580
HPG,20180515,18.4694,18.5685,18.2381,18.308,2482800
HPG,20180516,18.205,18.5685,17.8086,17.8454,3144190
HPG,20180517,17.8416,17.9077,17.4451,17.5149,4117510
HPG,20180518,17.5773,17.8086,17.346,17.8123,3743020
HPG,20180521,18.0068,18.0398,17.5773,17.581,2366300
HPG,20180522,17.4782,17.5112,16.6852,16.6887,6301030
HPG,20180523,16.6191,17.1808,16.6191,17.0853,3291430
HPG,20180524,17.1808,17.313,17.0486,17.3166,3650040
HPG,20180525,17.313,17.6103,17.1147,17.2175,5347460
HPG,20180528,16.7182,17.1808,16.0905,16.0939,5307490
HPG,20180529,16.0905,17.2138,16.0905,17.1844,4982880
HPG,20180530,17.2138,17.6434,16.8174,17.4488,6303310
HPG,20180531,17.4782,18.5354,17.4451,18.5394,9232180
HPG,20180601,18.6676,18.965,18.5354,18.8368,6643770
HPG,20180604,19.1302,19.824,18.9319,19.8282,5646190
HPG,20180605,19.824,19.8901,19.3284,19.4977,6122250
HPG,20180606,19.5597,20.1544,19.3284,20.0926,6063330
HPG,20180607,20.1544,20.617,20.0883,20.4561,5446810
HPG,20180608,20.4848,20.4848,20.2205,20.2578,3600330
HPG,20180611,20.1544,20.3857,19.9892,20.0265,8041000
HPG,20180612,20.4932,20.4932,19.2904,19.6626,10591380
HPG,20180613,19.6142,20.1694,19.568,20.0789,3666430
HPG,20180614,20.2619,20.5626,19.6836,19.7088,6574380
HPG,20180615,19.6605,19.8918,19.3367,19.8939,4820810
HPG,20180618,19.753,19.753,18.5965,18.5985,7388100
HPG,20180619,17.9489,18.2727,17.3475,17.7426,13163240
HPG,20180620,18.0414,18.504,17.4863,18.5059,5767930
HPG,20180621,18.4809,18.4809,18.0414,18.159,3879280
HPG,20180622,18.0414,18.9435,17.9489,18.9455,7178290
HPG,20180625,19.4292,19.4986,18.9897,19.1999,3464240
HPG,20180626,18.7816,19.036,18.504,19.0149,2672780
HPG,20180627,18.9203,19.036,18.2727,18.2746,3374170
HPG,20180628,17.9489,18.4115,17.8564,17.9739,4260340
HPG,20180629,17.9489,18.1339,17.5557,17.7657,5171070
HPG,20180702,17.5788,17.8101,17.1162,17.7657,6223040
HPG,20180703,17.7638,17.9489,16.7924,16.7941,5823250
HPG,20180704,17.0237,17.3244,16.7461,17.1643,3769000
HPG,20180705,17.1625,17.3475,16.5611,16.7016,4246120
HPG,20180706,16.6767,17.4863,16.2835,17.0255,5279160
HPG,20180709,17.3475,17.3475,16.376,16.5166,3847250
HPG,20180710,16.4223,16.6999,16.4223,16.424,3023470
HPG,20180711,16.1447,16.376,15.6359,15.9151,7028880
HPG,20180712,15.6128,15.7978,15.3583,15.6144,3327390
HPG,20180713,15.8209,16.4917,15.7515,16.4703,4729750
HPG,20180716,16.6999,16.7693,16.3529,16.424,3329260
HPG,20180717,16.191,16.723,16.191,16.7016,3378710
HPG,20180718,16.7924,17.2781,16.6999,17.2105,6330670
HPG,20180719,17.3244,17.4632,17.1625,17.2105,3514150
HPG,20180720,17.0237,17.1162,16.7693,16.9792,4976130
HPG,20180723,17.0931,17.3938,16.9312,17.0949,5595420
HPG,20180724,17.0699,17.0931,16.2373,16.3778,12245700
HPG,20180725,16.376,16.5611,16.2835,16.424,5722050
HPG,20180726,16.4223,16.8849,16.376,16.8867,8216850
HPG,20180727,17.0006,17.2781,16.8155,17.2568,4810640
HPG,20180730,17.3938,17.4863,17.0699,17.1411,6039970
HPG,20180731,17.0699,17.4169,16.908,17.2799,5772660
HPG,20180801,17.3012,17.6482,17.255,17.3956,6858830
HPG,20180802,17.3475,17.3475,16.8849,17.2337,6073010
HPG,20180803,17.3475,17.3706,16.7924,16.7941,5949600
HPG,20180806,16.8155,16.8155,16.4686,16.7247,4646830
HPG,20180807,16.723,16.723,16.5611,16.7247,4866190
HPG,20180808,16.7461,17.0468,16.6999,16.9792,3433350
HPG,20180809,17.0699,17.2087,16.8849,16.9098,4586550
HPG,20180810,16.8618,17.1625,16.8618,17.118,4206330
HPG,20180813,17.0699,17.7407,16.9774,17.7194,11400140
HPG,20180814,17.8101,17.9951,17.6945,17.812,5313160
HPG,20180815,17.8101,17.9258,17.255,17.3493,4685310
HPG,20180816,17.1162,17.44,17.0931,17.3493,6993170
HPG,20180817,17.5325,17.6713,17.3244,17.4418,3745240
HPG,20180820,17.44,17.44,17.1856,17.2337,3542590
HPG,20180821,17.1625,17.3475,17.1393,17.3493,3423060
HPG,20180822,17.3938,17.7638,17.3244,17.5806,6056930
HPG,20180823,17.5325,17.7407,17.5325,17.6269,3848180
HPG,20180824,17.5788,17.7638,17.4863,17.7426,5677060
HPG,20180827,17.8564,18.1802,17.8101,18.0202,5469600
HPG,20180828,18.0414,18.5965,18.0414,18.4597,11013110
HPG,20180829,18.504,18.8047,18.319,18.3209,6878210
HPG,20180830,18.319,18.4115,18.1108,18.344,6445830
HPG,20180831,18.4115,18.6659,18.319,18.4828,6134410
HPG,20180904,18.3652,18.4577,18.0414,18.0433,4474530
HPG,20180905,17.9489,18.1571,17.8101,17.8582,4632970
HPG,20180906,17.8564,18.1339,17.8101,17.8814,4485480
HPG,20180907,17.8564,18.4115,17.8564,18.3671,5407420
HPG,20180910,18.3421,18.4115,18.1339,18.1358,2575640
HPG,20180911,18.0645,18.5965,18.0645,18.5059,6918510
HPG,20180912,18.5503,18.6197,18.2727,18.2746,5608340
HPG,20180913,18.3652,18.6197,18.2727,18.3903,4751230
HPG,20180914,18.4115,18.5271,18.2727,18.2746,4652530
HPG,20180917,18.1802,18.3421,18.1108,18.2515,2372700
HPG,20180918,18.1339,18.2496,17.9489,18.2515,7281960
HPG,20180919,18.4115,18.4577,18.319,18.344,4490210
HPG,20180920,18.4577,18.9203,18.3652,18.9223,9974190
HPG,20180921,18.9666,19.1516,18.8047,19.1074,14273500
HPG,20180924,19.2904,19.2904,19.0129,19.1074,4430010
HPG,20180925,19.0823,19.1516,18.8972,19.0843,4476220
HPG,20180926,19.0823,19.1748,18.9666,18.9686,5014340
HPG,20180927,19.0591,19.2442,19.0129,19.223,5592570
HPG,20180928,19.2442,19.5911,19.1979,19.57,9618060
HPG,20181001,19.568,19.8687,19.4523,19.6163,6816120
HPG,20181002,19.3136,19.4523,19.036,19.1074,10602070
HPG,20181003,18.9666,19.2442,18.9666,19.1074,4992960
HPG,20181004,19.0591,19.1516,18.9203,19.1536,11906470
HPG,20181005,19.1516,19.3829,19.0591,19.1768,6048270
HPG,20181008,19.0591,19.1748,18.9897,19.0611,3740940
HPG,20181009,19.1979,19.1979,18.9666,18.9686,3708340
HPG,20181010,19.0129,19.3136,18.9435,19.1536,6742900
HPG,20181011,18.4577,18.7816,18.1802,18.4597,15991110
HPG,20181012,18.2264,18.8741,18.2264,18.8761,6596990
HPG,20181015,18.8278,18.8278,18.5965,18.6679,4218380
HPG,20181016,18.6659,18.851,18.6659,18.8529,2908510
HPG,20181017,18.9666,19.0823,18.8972,18.9686,5125430
HPG,20181018,18.9666,19.036,18.8278,18.9686,4084530
HPG,20181019,18.8278,18.9897,18.689,18.8529,4992750
HPG,20181022,18.8741,18.9435,18.5503,18.5522,2565350
HPG,20181023,18.4809,18.4809,17.9951,18.2746,10012340
HPG,20181024,18.1339,18.4577,18.1339,18.1358,5213790
HPG,20181025,17.5788,18.1108,17.5094,18.0433,7241940
HPG,20181026,18.1802,18.319,17.9951,17.997,5147210
HPG,20181029,17.8795,17.9951,17.8564,17.9739,4460930
HPG,20181030,17.8564,18.2033,17.8564,17.9045,2685010
HPG,20181031,18.0877,18.6197,18.0645,18.6216,4239400
HPG,20181101,18.4577,18.4809,18.2264,18.3209,2241010
HPG,20181102,18.504,18.5734,18.4115,18.5059,3595700
HPG,20181105,18.319,18.504,18.2727,18.5059,2233570
HPG,20181106,18.5503,18.5734,18.319,18.3209,1700170
HPG,20181107,18.319,18.4115,18.1108,18.1127,2813620
HPG,20181108,18.4346,18.4346,17.9951,17.997,2801350
HPG,20181109,17.8564,17.972,17.3938,17.3956,5710610
HPG,20181112,17.3938,17.4632,17.1856,17.3725,2803560
HPG,20181113,17.1162,17.255,17.0237,17.0717,5403540
HPG,20181114,17.0468,17.0468,16.3067,16.5628,8274360
HPG,20181115,16.4223,16.6305,16.0754,16.1927,6829060
HPG,20181116,16.4223,16.5148,16.2141,16.2852,2321900
HPG,20181119,16.4223,16.5611,16.2604,16.4009,1664620
HPG,20181120,16.4686,16.9543,16.376,16.8867,5710000
HPG,20181121,16.6767,17.0237,16.6536,16.8867,3805730
HPG,20181122,16.9312,17.0006,16.5611,16.5628,2743490
HPG,20181123,16.5611,16.6536,16.4223,16.4472,2056060
HPG,20181126,16.4686,16.7461,16.4454,16.4703,2477200
HPG,20181127,16.5611,16.7461,16.4686,16.4703,1896260
HPG,20181128,16.5148,16.5842,16.1679,16.2852,4090120
HPG,20181129,16.376,16.4917,15.8209,15.8226,4059480
HPG,20181130,15.7284,15.7284,15.3583,15.3599,7469210
HPG,20181203,15.7284,16.191,15.7284,16.1002,3769340
HPG,20181204,16.191,16.2835,15.8441,16.0076,4310860
HPG,20181205,15.8903,16.4223,15.8441,16.3315,8092180
HPG,20181206,16.2373,16.376,15.9597,16.0076,4632240
HPG,20181207,16.1447,16.191,15.9828,16.0308,3363510
HPG,20181210,15.9597,16.006,15.5665,15.6144,5397970
HPG,20181211,15.5434,15.7053,15.1733,15.4756,6978590
HPG,20181212,15.4971,15.6128,15.2658,15.545,3581530
HPG,20181213,15.659,15.7747,15.5896,15.73,5480330
HPG,20181214,15.7053,15.7053,15.4508,15.4987,3865790
HPG,20181217,15.4971,15.4971,14.9882,14.9898,4480980
HPG,20181218,14.6644,14.8263,14.1787,14.3884,8158460
HPG,20181219,14.3869,14.5256,13.4154,13.7407,10969390
HPG,20181220,13.693,13.9474,13.5542,13.8563,6098080
HPG,20181221,13.5542,13.878,13.5542,13.8563,4460780
HPG,20181224,13.8549,14.1093,13.8549,14.1108,3262070
HPG,20181225,13.7161,14.063,13.3923,14.0645,4800740
HPG,20181226,14.063,14.063,13.7624,14.0182,3827010
HPG,20181227,14.2712,14.3869,14.0168,14.319,4873610
HPG,20181228,14.2481,14.3175,14.1093,14.319,7473800
HPG,20190102,14.2481,14.5488,14.2481,14.2496,4196210
HPG,20190103,14.225,14.2943,13.6467,13.6481,6877510
HPG,20190104,13.6004,13.878,13.2766,13.7407,5841290
HPG,20190107,14.0168,14.0399,13.4848,13.5787,2488920
HPG,20190108,13.6004,13.6467,13.2766,13.3474,3150620
HPG,20190109,13.4154,13.7855,13.4154,13.6481,1876020
HPG,20190110,13.693,13.9243,13.6467,13.7869,1783870
HPG,20190111,13.7855,13.8317,13.5773,13.5787,2659370
HPG,20190114,13.6004,13.6236,13.346,13.5556,3226780
HPG,20190115,13.5542,13.693,13.4848,13.5556,2640430
HPG,20190116,13.6236,13.7161,13.4848,13.625,2981480
HPG,20190117,13.6236,13.6236,13.3691,13.3705,1957850
HPG,20190118,13.5542,13.6236,13.4848,13.5093,2120620
HPG,20190121,13.5542,13.7624,13.5079,13.6713,1917140
HPG,20190122,13.7392,13.8086,13.6236,13.6481,1665310
HPG,20190123,13.6004,14.063,13.5773,13.9026,3788700
HPG,20190124,13.9243,14.063,13.8086,13.8101,2387030
HPG,20190125,13.878,13.9243,13.6698,13.7407,1609890
HPG,20190128,13.7855,13.7855,13.693,13.7638,1711540
HPG,20190129,13.8086,13.8086,13.6467,13.7407,1814550
HPG,20190130,13.693,13.693,13.346,13.4168,6765640
HPG,20190131,13.4154,13.4848,12.7678,12.8154,7171640
HPG,20190201,12.8834,13.0453,12.4902,12.6303,7100180
HPG,20190211,12.7909,13.3691,12.7678,13.3705,2836470
HPG,20190212,13.3691,13.8086,13.2998,13.6481,7952400
HPG,20190213,13.6467,14.3869,13.6467,14.2958,11079510
HPG,20190214,14.2943,14.4794,14.2481,14.3421,6455840
HPG,20190215,14.3406,15.0345,14.2481,14.6197,9326200
HPG,20190218,14.8495,15.0576,14.7801,14.8741,6374370
HPG,20190219,15.0114,15.0345,14.6413,14.666,5904440
HPG,20190220,14.6644,14.942,14.6413,14.8973,5878290
HPG,20190221,14.942,15.127,14.7569,15.1286,6010110
HPG,20190222,15.1039,15.7053,15.0576,15.6838,8269150
HPG,20190225,15.9366,16.4454,15.8209,16.1002,11781980
HPG,20190226,16.0985,16.376,15.8441,15.9614,7383610
HPG,20190227,16.1679,16.1679,15.7978,15.9151,4999180
HPG,20190228,15.9828,16.006,15.5434,15.545,6952800
HPG,20190301,15.5434,15.8441,15.5434,15.8457,4610790
HPG,20190304,16.0754,16.3529,16.0522,16.3546,5020420
HPG,20190305,16.2373,16.4686,16.1679,16.2158,5704900
HPG,20190306,16.191,16.2835,15.9134,16.1927,3373240
HPG,20190307,16.191,16.2141,15.7747,15.7763,4555440
HPG,20190308,15.4971,15.8672,15.4508,15.7069,4654840
HPG,20190311,15.8209,15.8209,15.5434,15.6375,4858680
HPG,20190312,15.7747,15.7978,15.5896,15.6607,5262570
HPG,20190313,15.7284,15.8903,15.6821,15.892,3200950
HPG,20190314,15.8903,16.0291,15.6821,15.8226,4482230
HPG,20190315,15.2658,15.3121,14.7338,14.7585,17029640
HPG,20190318,14.5719,14.9882,14.1324,14.7354,10578940
HPG,20190319,14.7107,14.7801,14.3869,14.7585,7385900
HPG,20190320,14.5719,15.0808,14.5719,14.9435,5625190
HPG,20190321,14.942,15.0114,14.7801,14.8048,2737980
HPG,20190322,14.8495,14.8957,14.7338,14.7816,4192750
HPG,20190325,14.3869,14.6413,14.3869,14.5272,3736290
HPG,20190326,14.6182,14.6876,14.4794,14.6197,3515960
HPG,20190327,14.7569,14.9651,14.6413,14.9667,2539450
HPG,20190328,14.8726,15.0114,14.8495,15.0129,2513150
HPG,20190329,15.0576,15.127,14.7569,14.8973,6534270
HPG,20190401,14.8263,14.8957,14.7569,14.7816,3670350
HPG,20190402,14.8957,14.9189,14.7801,14.851,1796860
HPG,20190403,14.8032,14.8726,14.7569,14.851,3775800
HPG,20190404,14.8726,14.9882,14.8032,14.9898,2765210
HPG,20190405,14.9882,15.1039,14.9189,15.0361,1836710
HPG,20190408,15.0345,15.1039,14.942,14.9898,1380890
HPG,20190409,15.0114,15.0345,14.8032,14.851,2884050
HPG,20190410,14.8032,14.8263,14.6413,14.7816,2207380
HPG,20190411,14.8032,14.8263,14.7338,14.7816,1516930
HPG,20190412,14.7801,14.8263,14.7338,14.8279,1576930
HPG,20190416,14.7569,14.8032,14.595,14.6891,1546470
HPG,20190417,14.6876,14.7338,14.5719,14.6197,1860340
HPG,20190418,14.5256,14.595,14.4794,14.4809,2388910
HPG,20190419,14.5025,14.6644,14.5025,14.6197,1213930
HPG,20190422,14.5025,14.8495,14.5025,14.7354,1823920
HPG,20190423,14.8032,14.8032,14.7338,14.7585,1685950
HPG,20190424,14.8032,15.4277,14.7569,15.4293,5801340
HPG,20190425,15.4971,15.5665,15.2658,15.3137,4094750
HPG,20190426,15.3583,15.6359,15.3121,15.545,2820780
HPG,20190502,15.5896,15.7284,15.4046,15.73,3807620
HPG,20190503,15.7284,15.9134,15.5896,15.7994,3495970
HPG,20190506,15.4508,15.6359,15.3583,15.4756,4500050
HPG,20190507,15.6359,15.6359,15.4508,15.4987,2820070
HPG,20190508,15.3815,15.4046,15.2658,15.3368,2812600
HPG,20190509,15.2889,15.3815,15.0808,15.2211,2112430
HPG,20190510,15.3121,15.3583,15.0808,15.198,1909270
HPG,20190513,15.2427,15.2427,14.8032,14.8279,3810530
HPG,20190514,14.6644,14.9882,14.6644,14.9898,1820770
HPG,20190515,14.9882,15.127,14.942,14.9898,2537170
HPG,20190516,15.0114,15.127,14.942,14.9435,1378610
HPG,20190517,14.942,14.9882,14.8957,14.9204,1491570
HPG,20190520,14.9189,15.2889,14.9189,15.1749,2216410
HPG,20190521,15.2427,15.3583,15.1733,15.2211,2147580
HPG,20190522,15.2658,15.4508,15.2195,15.2674,2514350
HPG,20190523,15.2658,15.2889,15.1039,15.1517,2533270
HPG,20190524,15.0345,15.1039,14.8726,14.8741,3667800
HPG,20190527,14.8495,14.9651,14.8495,14.8973,1699260
HPG,20190528,15.0345,15.0345,14.8263,14.8279,2839040
HPG,20190529,14.942,15.0345,14.8263,15.0361,1660260
HPG,20190530,15.0345,15.0345,14.7801,14.8048,4194290
HPG,20190531,14.8032,14.8957,14.8032,14.851,3394280
HPG,20190603,14.8263,14.8495,14.5256,14.5734,12274790
HPG,20190604,14.7944,14.9147,14.4637,14.6157,3337800
HPG,20190605,14.6742,14.8546,14.2532,14.3149,2988710
HPG,20190606,14.3735,14.3735,13.4413,13.6533,7082600
HPG,20190607,13.8322,14.0126,13.742,13.8037,5101320
HPG,20190610,13.9826,14.0728,13.742,13.7736,6567230
HPG,20190611,13.8322,13.9525,13.6518,13.8337,4409100
HPG,20190612,13.7721,13.9826,13.742,13.8939,3132550
HPG,20190613,14.0728,14.0728,13.7721,13.8337,2523260
HPG,20190614,13.8322,13.8623,13.8021,13.8037,2068100
HPG,20190617,13.8021,13.8322,13.5014,13.5029,3644160
HPG,20190618,13.5014,13.8923,13.5014,13.8638,5058220
HPG,20190619,14.3434,14.3434,14.0126,14.345,8365940
HPG,20190620,14.4937,14.4937,14.193,14.1946,4370160
HPG,20190621,14.3735,14.3735,14.193,14.2548,4429070
HPG,20190624,14.3133,14.4637,14.0126,14.0443,3089270
HPG,20190625,13.9525,14.0728,13.8322,13.8939,3284860
HPG,20190626,13.8623,13.9826,13.7721,13.7736,1906040
HPG,20190627,13.5616,13.8021,13.5616,13.5631,3756880
HPG,20190628,14.1329,14.1329,13.5014,14.1345,3923340
HPG,20190701,13.8322,14.0126,13.7119,13.8337,3836540
HPG,20190702,13.5916,13.8322,13.5616,13.5932,4776600
HPG,20190703,13.5916,13.6217,13.2909,13.3225,6315440
HPG,20190704,13.5916,13.5315,13.2308,13.4127,5056190
HPG,20190705,13.4112,13.5014,13.321,13.4127,3066930
HPG,20190708,13.3511,13.4112,13.0504,13.0819,7429100
HPG,20190709,13.1105,13.2007,12.8399,12.8413,6316400
HPG,20190710,12.87,13.0805,12.8098,12.8413,3745990
HPG,20190711,12.87,13.0203,12.87,12.9616,3104040
HPG,20190712,13.0504,13.2308,13.0203,13.1721,3366890
HPG,20190715,13.0504,13.2308,12.9,12.9015,3902390
HPG,20190716,12.9902,13.0203,12.9,12.9917,3475800
HPG,20190717,13.0203,13.0203,12.8098,12.8413,5461170
HPG,20190718,12.8399,12.87,12.5392,12.6007,8482000
HPG,20190719,12.6294,12.7497,12.2686,12.3902,11182000
HPG,20190722,12.3888,12.7497,12.2084,12.4804,6886080
HPG,20190723,12.5091,13.0805,12.5091,13.0518,9013000
HPG,20190724,13.0504,13.1105,12.87,12.9616,3697610
HPG,20190725,12.9301,13.4714,12.9301,13.4729,9473450
HPG,20190726,13.5916,13.8623,13.5014,13.5631,9789570
HPG,20190729,13.5616,13.5616,13.0805,13.2924,6954310
HPG,20190730,13.2909,13.3511,12.9301,12.9315,6111110
HPG,20190731,12.87,13.5616,12.8098,13.5631,6538340
HPG,20190801,13.5315,13.6819,13.3812,13.5932,5949030
HPG,20190802,13.3511,13.5616,13.2909,13.5029,7142250
HPG,20190805,13.4413,13.5315,13.2308,13.3225,6163970
HPG,20190806,12.9602,13.2308,12.9602,13.0819,5651180
HPG,20190807,12.9602,13.321,13.1105,13.2924,3485020
HPG,20190808,13.321,14.0126,13.321,14.0142,11123430
HPG,20190809,14.0728,14.1329,13.8322,13.8939,3683200
HPG,20190812,13.8923,14.3434,13.8923,14.1946,8127360
HPG,20190813,14.0126,14.3735,14.0126,14.1044,6419220
HPG,20190814,14.3133,14.3133,14.0728,14.1044,3871400
HPG,20190815,13.8322,13.9826,13.7119,13.9841,6880640
HPG,20190816,13.9826,14.0427,13.7721,13.8638,8856190
HPG,20190819,13.8322,14.0126,13.8021,13.8638,2540900
HPG,20190820,13.8623,14.0126,13.6819,13.7736,4790700
HPG,20190821,13.7721,13.9826,13.7119,13.954,4819580
HPG,20190822,14.0126,14.0427,13.8322,13.8638,3314500
HPG,20190823,13.9826,14.1028,13.8923,14.0743,5386570
HPG,20190826,13.8923,13.9224,13.6518,13.7135,5677560
HPG,20190827,13.8322,13.8623,13.4714,13.4729,8995460
HPG,20190828,13.4714,13.5315,13.2909,13.3826,4335410
HPG,20190829,13.3812,13.3812,13.2308,13.3225,4942140
HPG,20190830,13.321,13.5014,13.2609,13.3526,3329430
HPG,20190903,13.3511,13.4112,13.0203,13.0218,5373060
HPG,20190904,13.3511,13.1105,12.9301,12.9917,5849460
HPG,20190905,13.0203,13.2007,12.9902,13.0518,2479020
HPG,20190906,13.1105,13.1707,12.87,12.8714,4205690
HPG,20190909,13.1105,12.9602,12.7497,12.7511,3551180
HPG,20190910,12.7497,12.8399,12.6895,12.8112,3449940
HPG,20190911,12.8098,13.2609,12.7798,13.2623,4701010
HPG,20190912,13.321,13.5916,13.321,13.5631,5565420
HPG,20190913,13.5315,13.6217,13.4714,13.5932,4664730
HPG,20190916,13.5315,13.6217,13.3812,13.6232,5400470
HPG,20190917,13.6217,13.6518,13.4714,13.6533,3597090
HPG,20190918,13.6518,13.8623,13.5916,13.8337,6151170
HPG,20190919,13.8322,13.8623,13.6518,13.8037,3407530
HPG,20190920,13.8021,13.8021,13.5616,13.6232,5099340
HPG,20190923,13.5916,13.5916,13.2308,13.2323,5357440
HPG,20190924,13.2007,13.321,13.1406,13.3225,1984900
HPG,20190925,13.2909,13.2909,13.0805,13.1721,3962320
HPG,20190926,13.2308,13.3812,13.0504,13.3826,3332860
HPG,20190927,13.3812,13.5014,13.321,13.3225,3189980
HPG,20190930,13.3511,13.3812,13.2007,13.2022,3421220
HPG,20191001,13.2007,13.3511,13.1406,13.1721,4063670
HPG,20191002,13.2308,13.2609,13.0504,13.0819,4362700
HPG,20191003,13.0504,13.0504,12.9,12.9616,4558270
HPG,20191004,12.9902,13.0504,12.8098,12.8413,4775630
HPG,20191007,12.8399,12.9301,12.7497,12.8112,3320870
HPG,20191008,12.87,13.1707,12.7798,13.1721,3977030
HPG,20191009,13.1707,13.1707,13.0504,13.1721,3081260
HPG,20191010,13.1707,13.2909,12.9301,12.9315,3934250
HPG,20191011,12.9902,13.0504,12.87,12.9315,4148140
HPG,20191014,13.0504,13.0504,12.9,12.9015,2957400
HPG,20191015,12.9301,13.0504,12.8399,12.8413,3612960
HPG,20191016,12.87,12.9301,12.8098,12.8112,2621160
HPG,20191017,12.8098,13.0203,12.8098,12.8714,4831150
HPG,20191018,12.9602,12.9602,12.8098,12.8714,2289250
HPG,20191021,12.87,12.9,12.7497,12.7511,3170430
HPG,20191022,12.7497,13.0203,12.7497,12.9917,4095850
HPG,20191023,12.9902,13.2909,12.9902,13.1421,6895670
HPG,20191024,13.1707,13.2909,13.1406,13.2323,5143080
HPG,20191025,13.2308,13.2308,13.0805,13.112,2378380
HPG,20191028,13.1105,13.4112,13.0203,13.3526,7281100
HPG,20191029,13.3511,13.5014,13.2909,13.3526,5344070
HPG,20191030,13.3812,13.3812,13.2308,13.2323,3066190
HPG,20191031,13.2308,13.2609,13.0504,13.112,5768030
HPG,20191101,13.1707,13.2909,13.1105,13.1721,4059500
HPG,20191104,13.2909,13.3511,13.0504,13.0819,6038610
HPG,20191105,13.1105,13.321,13.0805,13.1721,5517760
HPG,20191106,13.2308,13.321,13.2007,13.2323,4525660
HPG,20191107,13.321,13.6819,13.2909,13.6533,13242680
HPG,20191108,13.6518,13.7119,13.5315,13.6533,5281950
HPG,20191111,13.5916,13.8923,13.5916,13.7135,8000180
HPG,20191112,13.6819,13.8923,13.5616,13.8337,6553550
HPG,20191113,13.8923,13.9224,13.6217,13.6232,6513310
HPG,20191114,13.6217,13.742,13.5315,13.6232,5526590
HPG,20191115,13.6217,13.7119,13.5616,13.6232,3431350
HPG,20191118,13.6518,13.8322,13.6518,13.7736,3835760
HPG,20191119,13.8021,13.8021,13.6518,13.7135,4169110
HPG,20191120,13.7119,13.7119,13.3812,13.4729,6959150
HPG,20191121,13.4112,13.4413,13.2308,13.2323,7500750
HPG,20191122,13.3511,13.4413,13.2308,13.2924,5765620
HPG,20191125,13.321,13.4413,13.2308,13.3826,4233870
HPG,20191126,13.4413,13.7119,13.4413,13.6232,5487610
HPG,20191127,13.6819,13.7119,13.5616,13.5932,3524960
HPG,20191128,13.5916,13.6518,13.5014,13.5932,3754940
HPG,20191129,13.5916,13.8021,13.5014,13.7435,6338320
HPG,20191202,13.742,13.9525,13.742,13.8037,9096550
HPG,20191203,13.8021,14.2532,13.6518,14.1044,9332060
HPG,20191204,14.0728,14.193,14.0427,14.1044,4913700
HPG,20191205,14.0427,14.1028,13.8623,13.8939,5182270
HPG,20191206,13.8923,14.3735,13.8923,14.345,7127130
HPG,20191209,14.3434,14.7042,14.3434,14.5555,7902140
HPG,20191210,14.5539,14.7644,14.4937,14.6758,10161370
HPG,20191211,14.614,14.6742,14.3735,14.6758,5402830
HPG,20191212,14.614,14.6742,14.4937,14.5555,4152040
HPG,20191213,14.5539,14.7343,14.3133,14.3149,9476390
HPG,20191216,14.3133,14.3735,14.163,14.2848,5120410
HPG,20191217,14.2833,14.3434,13.7721,13.924,9866630
HPG,20191218,13.9224,13.9224,13.5315,13.5631,7586700
HPG,20191219,13.5616,13.8923,13.5616,13.7135,5752800
HPG,20191220,13.8021,13.9826,13.7119,13.8337,5415140
HPG,20191223,13.9224,14.1329,13.8021,13.8638,4009100
HPG,20191224,13.8623,14.0126,13.8021,13.954,3219640
HPG,20191225,13.9525,14.0728,13.9224,13.924,2378750
HPG,20191226,14.0126,14.0126,13.8322,13.8337,3007690
HPG,20191227,13.8322,14.163,13.742,14.1646,4181570
HPG,20191230,14.2231,14.3434,14.1329,14.2247,2937980
HPG,20191231,14.2231,14.2532,14.0427,14.1345,2876730
HPG,20200102,14.1329,14.4336,14.0427,14.4352,4232230
HPG,20200103,14.5539,14.6441,14.4637,14.5254,7832210
HPG,20200106,14.4336,14.584,14.3434,14.4352,5371060
HPG,20200107,14.4937,14.5539,14.193,14.2548,4871220
HPG,20200108,14.1329,14.2231,13.9224,14.1044,6421130
HPG,20200109,14.193,14.5238,14.193,14.4352,4613440
HPG,20200110,14.4937,14.7644,14.4637,14.5555,10006180
HPG,20200113,14.5539,14.6742,14.4937,14.5856,4456520
HPG,20200114,14.584,15.0651,14.5539,15.0367,9565300
HPG,20200115,15.0651,15.2455,14.9749,15.1269,5881520
HPG,20200116,15.035,15.2455,15.0049,15.2171,6855030
HPG,20200117,15.2154,15.4259,14.9749,15.0367,6329150
HPG,20200120,15.035,15.3357,14.8546,15.3374,5711790
HPG,20200121,15.4861,15.6364,15.3658,15.5479,5911660
HPG,20200122,15.5462,15.877,15.5462,15.8186,8919900
HPG,20200130,15.3658,15.5763,15.0049,15.2171,13028790
HPG,20200131,15.035,15.2154,14.4937,14.4954,10994970
HPG,20200203,14.7644,14.9147,13.6518,14.766,12079180
HPG,20200204,14.8245,14.9147,14.4937,14.7961,8086090
HPG,20200205,14.9448,15.035,14.5539,14.7059,6938550
HPG,20200206,14.6441,15.1553,14.614,15.157,9214150
HPG,20200207,15.1553,15.2154,14.5539,14.6457,8120240
HPG,20200210,14.4336,14.8245,14.4035,14.6457,4794830
HPG,20200211,14.7042,14.7944,14.1028,14.1946,12551620
HPG,20200212,14.1329,14.5238,14.1028,14.3149,9581940
HPG,20200213,14.2833,14.3735,14.193,14.2548,5263180
HPG,20200214,14.193,14.2833,14.0427,14.2548,5052290
HPG,20200217,14.2532,14.3434,14.193,14.2848,2716840
HPG,20200218,14.3434,14.3434,14.0126,14.0142,7456030
HPG,20200219,14.0126,14.1028,13.8923,13.9841,5481650
HPG,20200220,14.1028,14.2833,13.9826,14.2848,5225250
HPG,20200221,14.2833,14.3133,14.1329,14.1646,4513960
HPG,20200224,13.6819,13.9224,13.6518,13.6533,12938030
HPG,20200225,13.5916,13.8923,13.5916,13.8939,5303830
HPG,20200226,13.6819,13.8322,13.6518,13.6834,4502880
HPG,20200227,13.6518,13.8623,13.6518,13.8037,3318240
HPG,20200228,13.5616,13.7119,13.3812,13.4428,6583970
HPG,20200302,13.3511,13.5315,13.3511,13.4127,3957540
HPG,20200303,13.7119,13.7119,13.4112,13.4127,4411940
HPG,20200304,13.4714,13.5916,13.4413,13.4428,2946050
HPG,20200305,13.5916,13.6217,13.4413,13.4428,2594810
HPG,20200306,13.4413,13.5014,13.3812,13.4729,3035470
HPG,20200309,12.5392,12.9602,12.5392,12.5406,16567350
HPG,20200310,12.3287,13.0805,12.3287,13.0218,8137980
HPG,20200311,12.3287,13.0805,12.3287,13.0218,8137980
HPG,20200312,11.7574,11.9077,11.5168,11.5782,13041040
HPG,20200313,10.8553,11.8476,10.7951,11.4579,12836580
HPG,20200316,11.5469,11.9378,11.3965,11.488,9283920
HPG,20200317,11.5469,11.607,11.186,11.5482,6053400
HPG,20200318,11.6672,12.0881,11.6371,11.8489,10396530
HPG,20200319,11.6672,11.7273,11.3665,11.5181,7773200
HPG,20200320,11.577,11.607,11.186,11.1873,13401260
HPG,20200323,10.4644,10.8252,10.4042,10.4054,12947170
HPG,20200324,10.2238,10.4343,10.0133,10.2851,13831390
HPG,20200325,10.735,10.735,10.4644,10.7061,7758210
HPG,20200326,10.5546,10.5846,10.1637,10.1949,8514960
HPG,20200327,10.1637,10.2238,9.5021,9.7438,13442640
HPG,20200330,9.2014,10.0434,9.1714,9.834,10870540
HPG,20200331,9.8329,10.4343,9.1714,10.1347,11163440
HPG,20200401,10.0434,10.5245,10.0133,10.3753,4859650
HPG,20200403,10.3742,10.6448,10.3441,10.6159,6503290
HPG,20200406,10.9154,11.3364,10.7651,11.3377,10207240
HPG,20200407,11.4567,11.4867,10.9756,11.4279,7655220
HPG,20200408,11.0658,11.3063,11.0056,11.2474,5106690
HPG,20200409,11.3063,11.4266,11.156,11.1572,7134720
HPG,20200410,11.1259,11.4266,11.0056,11.3076,5558450
HPG,20200413,11.3063,11.7273,11.2462,11.6384,9039420
HPG,20200414,11.607,11.9979,11.5469,11.9993,8744760
HPG,20200415,12.028,12.2084,11.9979,12.0895,5960450
HPG,20200416,11.9979,12.2686,11.8777,12.1797,6665670
HPG,20200417,12.1784,12.5091,12.1483,12.4504,8818780
HPG,20200420,12.6294,12.9301,12.3588,12.7511,9422860
HPG,20200421,12.4791,12.7798,12.1182,12.1496,11934810
HPG,20200422,12.3287,12.8098,12.2084,12.5105,11038450
HPG,20200423,12.8098,13.2007,12.8098,12.9917,8345940
HPG,20200424,13.0504,13.3511,12.8098,13.2924,8301090
HPG,20200427,13.3812,13.5916,13.1406,13.2022,6636160
HPG,20200428,13.2308,13.2909,12.7798,12.8714,7687010
HPG,20200429,12.9301,13.0504,12.6294,12.9315,7447050
HPG,20200504,12.9301,12.9602,12.6294,12.6308,4834580
HPG,20200505,12.87,13.0203,12.8098,12.8714,5894530
HPG,20200506,12.9602,13.3511,12.9301,13.3526,7620940
HPG,20200507,13.4112,14.193,13.4112,14.1946,14733250
HPG,20200508,14.3133,14.5238,14.0728,14.0743,12484610
HPG,20200511,14.4035,14.4937,14.0126,14.4051,7220240
HPG,20200512,14.2231,14.3735,14.0728,14.2247,10527620
HPG,20200513,14.1028,14.5539,14.0126,14.4954,9608210
HPG,20200514,14.3133,14.4937,14.2532,14.4051,6517150
HPG,20200515,14.4035,14.4637,14.0728,14.1345,7931980
HPG,20200518,14.7042,15.0951,14.4336,15.0968,13491620
HPG,20200519,15.877,16.1476,15.6665,15.7284,18842950
HPG,20200520,15.6364,15.9972,15.4259,15.9088,11584470
HPG,20200521,15.8469,15.9672,15.6965,15.9389,11213810
HPG,20200522,15.8469,16.5084,15.7868,16.39,16252810
HPG,20200525,16.5385,16.7189,16.328,16.4201,11168880
HPG,20200526,16.4483,17.0798,16.4182,17.0817,11503490
HPG,20200527,17.2,17.2,16.3581,16.3599,19779140
HPG,20200528,16.5385,16.5986,16.1777,16.3599,14486370
HPG,20200529,16.4182,16.6588,16.2378,16.4802,12580390
HPG,20200601,16.7189,16.7189,16.5084,16.6306,8022890
HPG,20200602,16.7189,16.7189,16.2077,16.2697,11489000
HPG,20200603,16.2679,16.3581,15.9972,16.2095,12018120
HPG,20200604,16.2378,16.4784,15.9972,15.999,13488200
HPG,20200605,15.9371,16.4182,15.7567,16.2697,13532060
HPG,20200608,16.5385,16.8993,16.4182,16.6606,17144920
HPG,20200609,16.8091,16.8392,16.2077,16.2998,18693450
HPG,20200610,16.2378,16.4784,16.0273,16.2396,9871400
HPG,20200611,16.1476,16.328,15.3357,15.3374,22873160
HPG,20200612,14.7343,15.9371,14.7343,15.9389,18881260
HPG,20200615,15.8168,15.9371,15.2455,15.2773,11332840
HPG,20200616,15.6364,15.877,15.4259,15.7584,9024610
HPG,20200617,15.7567,15.907,15.5763,15.7885,7066110
HPG,20200618,15.6063,16.1476,15.5462,16.1193,9055090
HPG,20200619,16.2378,16.4483,16.2378,16.4501,10532760
HPG,20200622,16.4784,16.7189,16.2077,16.4201,9729970
HPG,20200623,16.4182,16.6588,16.0875,16.2396,11382760
HPG,20200624,16.2378,16.4483,16.1175,16.2396,6516760
HPG,20200625,16.0574,16.7189,15.9672,16.4201,24410040
HPG,20200626,16.4784,16.5986,16.2378,16.3599,9363870
HPG,20200629,16.1777,16.2378,15.7868,16.0291,12378070
HPG,20200630,16.1175,16.4784,15.9672,16.1193,14826230
HPG,20200701,16.2378,16.5385,16.1777,16.4802,10843030
HPG,20200702,16.5385,16.6889,16.4784,16.6005,13000820
HPG,20200703,16.6588,16.6889,16.4784,16.5403,8111500
HPG,20200706,16.6588,16.6889,16.5084,16.6005,9764620
HPG,20200707,16.6889,17.3805,16.6588,17.0516,28048770
HPG,20200708,16.9294,17.1098,16.7791,16.8712,9155900
HPG,20200709,16.8993,17.0196,16.8091,16.9313,7588480
HPG,20200710,16.8392,16.9896,16.5986,16.6907,14457460
HPG,20200713,16.5686,16.749,16.3882,16.6306,14702360
HPG,20200714,16.5084,16.8091,16.4784,16.7809,5757320
HPG,20200715,16.9595,17.0798,16.8693,16.8712,6561150
HPG,20200716,16.9595,17.3805,16.8091,17.202,17916710
HPG,20200717,17.2602,17.2903,17.17,17.1719,6759400
HPG,20200720,16.8392,17.2602,16.8392,16.8411,11602590
HPG,20200721,16.8993,16.9896,16.7189,16.9012,11724470
HPG,20200722,17.0196,17.0798,16.8091,16.9012,7461530
HPG,20200723,16.8993,16.9595,16.6588,16.9614,10177170
HPG,20200724,16.8392,16.8693,15.8168,16.1494,21288480
HPG,20200727,15.6665,16.328,15.5161,15.6081,18389440
HPG,20200728,15.9371,16.5385,15.7567,16.4501,14119250
HPG,20200729,16.395,16.7626,15.5495,15.9906,18544880
HPG,20200730,16.0987,16.3927,16.0619,16.2479,11357060
HPG,20200731,15.7679,16.209,15.7679,15.9538,7656240
HPG,20200803,15.9538,16.9096,15.9538,16.8361,16896050
HPG,20200804,17.0566,17.1302,16.7626,16.9096,11086090
HPG,20200805,16.9073,17.8997,16.8338,17.7183,25912970
HPG,20200806,17.7183,17.9389,17.4978,17.6816,13744810
HPG,20200807,17.6424,17.8629,17.6056,17.7918,12162410
HPG,20200810,17.9756,18.1962,17.8654,17.8654,14144220
HPG,20200811,17.9389,18.0492,17.7183,17.8286,9675910
HPG,20200812,17.8654,18.0124,17.7183,17.8654,8827420
HPG,20200813,18.0124,18.0859,17.8654,18.0124,7562850
HPG,20200814,18.01,18.0835,17.5689,17.7183,15356070
HPG,20200817,17.8654,17.8654,17.608,17.8654,8428450
HPG,20200818,17.9389,17.9389,17.7183,17.7551,5130610
HPG,20200819,17.7918,17.9389,17.7183,17.8286,9266940
HPG,20200820,17.8262,17.8997,17.6424,17.7183,9685120
HPG,20200821,17.7159,17.9364,17.6792,17.9021,8930990
HPG,20200824,18.0124,18.3432,17.9389,18.233,13933710
HPG,20200825,18.3065,18.4168,18.0492,18.0492,10722520
HPG,20200826,18.01,18.0467,17.7894,17.7918,16327190
HPG,20200827,17.7918,17.9021,17.7183,17.8654,8801320
HPG,20200828,18.0124,18.0124,17.8286,17.8654,11603550
HPG,20200831,17.7918,18.233,17.7918,18.0492,13334160
HPG,20200901,18.0492,18.3432,17.9756,18.233,16754410
HPG,20200903,18.38,18.527,18.3065,18.38,14553930
HPG,20200904,18.1202,18.451,18.1202,18.3432,18820560
HPG,20200907,18.38,18.4535,18.0124,18.0124,14336100
HPG,20200908,18.0859,18.1594,17.9756,18.1227,12260110
HPG,20200909,17.9389,18.3432,17.9021,18.0124,19632380
HPG,20200910,18.1594,18.2697,18.0124,18.0492,12106250
HPG,20200911,18.0467,18.1202,17.9732,17.9756,11672440
HPG,20200914,18.01,18.1937,18.01,18.0859,12723310
HPG,20200915,18.1937,18.3407,18.1202,18.1594,8859250
HPG,20200916,18.1937,18.2305,18.0835,18.1594,6887240
HPG,20200917,18.1962,18.7476,18.1594,18.6741,26759480
HPG,20200918,18.7818,18.8921,18.7451,18.8946,12475700
HPG,20200921,19.0391,19.0758,18.8186,18.8946,11631470
HPG,20200922,18.7476,18.8946,18.6741,18.7844,15285880
HPG,20200923,18.8579,19.0417,18.7844,18.9682,12589480
HPG,20200924,18.8946,19.0417,18.7476,18.8579,12435190
HPG,20200925,18.9682,18.9682,18.7476,18.9314,10094210
HPG,20200928,18.9682,19.4093,18.8946,19.4093,17573130
HPG,20200929,19.4434,19.7007,19.3699,19.3725,18456820
HPG,20200930,19.3725,19.5196,19.1887,19.4093,12985480
HPG,20201001,19.5563,19.9974,19.4828,19.8504,17161730
HPG,20201002,19.8845,20.0315,19.1126,19.6298,20213120
HPG,20201005,19.7374,20.1417,19.7374,20.1077,12791350
HPG,20201006,20.1812,20.7694,19.9974,20.7694,23609700
HPG,20201007,20.6591,20.8062,20.4386,20.4386,14752610
HPG,20201008,20.5828,20.6563,20.3623,20.6591,18239670
HPG,20201009,20.7326,21.1002,20.5856,20.9532,9464850
HPG,20201012,21.0635,21.137,20.6224,20.7694,12258740
HPG,20201013,20.7326,20.7694,20.5121,20.5856,10665790
HPG,20201014,20.546,20.8401,20.4358,20.8429,14240330
HPG,20201015,22.056,22.056,21.3576,21.3576,30525160
HPG,20201016,21.4649,21.6855,21.2811,21.3943,17319070
HPG,20201019,21.4311,21.5046,21.2105,21.2473,10939140
HPG,20201020,21.1341,21.5752,21.0974,21.5781,13319200
HPG,20201021,21.6487,21.759,21.3179,21.3943,10669590
HPG,20201022,21.3179,21.759,21.2444,21.7619,13072020
HPG,20201023,21.909,22.7177,21.7987,22.7177,29534980
HPG,20201026,22.7912,23.5264,22.5706,22.6442,20357350
HPG,20201027,22.4971,23.3058,22.4604,23.0853,25281540
HPG,20201028,22.9015,23.2691,22.203,22.3501,25663180
HPG,20201029,22.0162,22.6043,22.0162,22.4971,20778840
HPG,20201030,22.6442,22.7177,21.9825,22.4604,19039190
HPG,20201102,22.4573,22.5676,22.3103,22.4971,10385290
HPG,20201103,22.7881,23.0086,22.4573,22.5706,17521020
HPG,20201104,22.5706,22.7912,22.3133,22.5339,18293400
HPG,20201105,22.5339,22.6074,22.2398,22.2398,11598310
HPG,20201106,22.2766,22.5706,22.203,22.3501,13410500
HPG,20201109,22.6442,23.1588,22.5706,23.1588,18314360
HPG,20201110,23.5999,23.6734,23.0118,23.0118,20645160
HPG,20201111,23.0118,23.2323,22.9015,23.0118,14564290
HPG,20201112,23.0086,23.1557,22.9719,23.122,9803730
HPG,20201113,23.1557,23.4864,23.1189,23.4896,12161630
HPG,20201116,23.747,24.0778,23.4529,23.7102,25538500
HPG,20201117,23.8908,24.5156,23.8172,24.5189,16228900
HPG,20201118,24.6994,25.4345,24.5156,25.4379,22115200
HPG,20201119,25.508,26.0961,25.3242,25.879,26533130
HPG,20201120,25.949,26.2431,25.6917,26.2466,18141040
HPG,20201123,26.2466,27.8273,26.0996,27.57,23681540
HPG,20201124,27.7538,28.3052,26.6878,27.57,48936510
HPG,20201125,27.0517,27.1252,25.8755,26.1731,55697460
HPG,20201126,25.802,26.0225,25.2139,25.8055,33163400
HPG,20201127,25.732,26.7613,25.732,26.651,16027210
HPG,20201130,26.651,26.7613,26.0996,26.0996,17459270
HPG,20201201,25.655,26.1696,25.3977,26.1731,21802760
HPG,20201202,26.1731,26.2099,25.8055,25.9526,14643640
HPG,20201203,26.1328,27.0884,25.949,27.0921,22511210
HPG,20201204,27.2355,27.3825,26.9782,27.1656,17767110
HPG,20201207,28.0808,28.2278,27.0884,28.0846,24400300
HPG,20201208,28.0846,28.5258,27.9376,28.2317,20333880
HPG,20201209,28.3052,28.3787,28.0111,28.3052,15264400
HPG,20201210,28.3014,28.3749,27.3457,27.6435,30402770
HPG,20201211,27.9376,28.5258,27.717,28.5258,16641080
HPG,20201214,28.9669,29.0404,28.636,28.8566,14483540
HPG,20201215,28.7057,28.7792,28.3014,28.3787,19581910
HPG,20201216,28.5258,28.9301,28.3052,28.5258,17322370
HPG,20201217,28.2317,28.4155,27.6803,27.6803,30645570
HPG,20201218,28.0073,28.4851,27.8603,28.3787,19956910
HPG,20201221,28.6728,28.7096,28.1949,28.342,15789770
HPG,20201222,28.3381,28.9997,28.1543,28.9301,26050910
HPG,20201223,29.0036,30.2902,28.9669,29.408,28097610
HPG,20201224,29.8451,29.9921,28.3749,29.3712,18507480
HPG,20201225,29.408,30.0329,29.0404,29.9594,22667520
HPG,20201228,30.7314,30.8416,30.1432,30.5476,21024800
HPG,20201229,30.3229,30.7639,30.1759,30.5843,13443950
HPG,20201230,30.0697,30.5843,29.9594,30.0697,21907500
HPG,20201231,30.0656,30.6904,29.9186,30.474,11867640
HPG,20210104,30.8784,31.6136,30.6211,31.099,15832600
HPG,20210105,30.7272,31.4623,30.6537,31.1357,18634100
HPG,20210106,31.246,31.8342,31.099,31.4666,17948600
HPG,20210107,31.7239,31.7606,31.0622,31.4666,21780700
HPG,20210108,31.5401,31.8342,31.3195,31.4298,19978500
HPG,20210111,31.6871,31.8342,31.3195,31.6504,16645100
HPG,20210112,31.7606,33.0105,31.5401,33.0105,22738800
HPG,20210113,33.2265,33.4103,32.6384,32.8634,16131800
HPG,20210114,32.859,32.859,32.2341,32.6796,17527000
HPG,20210115,32.5694,33.1208,32.5694,32.7164,14788300
HPG,20210118,32.712,32.9692,32.5282,32.7899,18112900
HPG,20210119,32.7855,32.7855,30.5067,30.5843,25778200
HPG,20210120,30.8742,31.5725,29.404,30.6578,37915600
HPG,20210121,31.499,32.4914,30.7272,32.4958,20829700
HPG,20210122,32.5694,32.8634,32.018,32.0915,14798600
HPG,20210125,31.7931,33.4103,31.6828,32.1282,33091200
HPG,20210126,32.0547,32.0547,30.5843,31.099,24099500
HPG,20210127,30.4373,31.1725,29.0404,29.6286,28056100
HPG,20210128,27.6435,28.7096,27.57,27.57,49934800
HPG,20210129,27.2024,29.3712,27.2024,28.7831,40248000
HPG,20210201,28.6689,29.2937,28.0808,28.1949,21323900
HPG,20210202,28.3052,29.7756,28.1214,29.7756,28541100
HPG,20210203,30.2902,31.1357,30.1432,30.8784,34839600
HPG,20210204,30.8784,31.0254,30.5476,30.7314,22252900
HPG,20210205,30.8416,31.393,30.6578,31.246,23371200
HPG,20210208,30.0697,31.3195,29.408,30.0697,32918400
HPG,20210209,30.0697,30.8049,29.7388,30.7314,26164800
HPG,20210217,31.205,31.9401,31.0947,31.9444,24253200
HPG,20210218,31.9033,32.3444,31.5725,32.2385,21343800
HPG,20210219,31.8298,32.2709,31.6828,31.9444,17007500
HPG,20210222,31.9444,32.6429,31.6136,31.9077,21362500
HPG,20210223,31.7606,32.165,31.5768,31.8342,17921700
HPG,20210224,32.0871,32.6384,31.8298,32.0547,27282600
HPG,20210225,32.3488,32.6429,32.0915,32.4591,21931700
HPG,20210226,32.1239,33.5941,32.0504,33.5251,40928500
HPG,20210301,33.9984,34.0351,33.6676,33.9662,21998200
HPG,20210302,34.4027,34.6232,33.9616,34.3338,23670800
HPG,20210303,34.2236,34.5912,34.1868,34.4074,22262900
HPG,20210304,34.4809,34.4809,33.084,33.7457,27962100
HPG,20210305,33.5619,33.8927,33.1575,33.8192,21396800
HPG,20210308,34.2603,34.4809,33.8192,34.0398,17777700
HPG,20210309,33.8146,33.9616,33.1163,33.7089,16289800
HPG,20210310,33.7043,33.7043,33.1898,33.5251,15772500
HPG,20210311,33.7457,34.2971,33.6722,34.1133,15569400
HPG,20210312,34.2557,34.2557,33.9616,34.15,12153700
HPG,20210315,34.2603,34.4809,34.1133,34.1868,11905100
HPG,20210316,34.2557,34.2557,33.6676,33.8927,14097300
HPG,20210317,33.9295,34.15,33.856,34.0398,12191800
HPG,20210318,34.3292,34.3659,34.0719,34.2603,11166600
HPG,20210319,34.2603,34.8852,34.2603,34.6647,18392100
HPG,20210322,34.775,34.8852,34.3338,34.3706,11047900
HPG,20210323,34.2924,34.6232,34.1086,34.2603,12487200
HPG,20210324,33.8514,34.0719,33.153,33.4148,23653500
HPG,20210325,33.5986,33.6354,32.937,33.084,19929000
HPG,20210326,33.4471,33.9616,33.1163,33.9662,28109800
HPG,20210329,34.1868,34.2603,33.9295,34.0398,13251900
HPG,20210330,34.1822,34.3659,33.8881,34.15,13333800
HPG,20210331,34.15,34.8117,34.0765,34.4074,16323700
HPG,20210401,34.5544,35.6572,34.5176,35.6572,27681900
HPG,20210402,35.8778,36.2454,35.7307,36.0616,16678500
HPG,20210405,36.3924,36.4659,35.988,36.2454,15377800
HPG,20210406,36.2454,36.4292,36.0983,36.3189,14033300
HPG,20210407,36.3139,36.461,35.9464,36.3556,14407800
HPG,20210408,36.3875,36.461,36.0199,36.2821,11970000
HPG,20210409,36.2454,36.6865,36.0616,36.4292,15623400
HPG,20210412,36.6815,37.8577,36.5712,37.6422,27010400
HPG,20210413,37.8577,37.8577,36.8285,36.8335,26956900
HPG,20210414,36.8335,39.1862,36.6865,38.9656,28753300
HPG,20210415,39.3332,40.2154,38.598,40.0684,32078100
HPG,20210416,39.7689,40.9451,39.3279,40.1419,28433700
HPG,20210419,40.583,42.4946,40.2154,42.4946,34808100
HPG,20210420,42.6358,43.0769,41.1656,42.0534,37829300
HPG,20210422,41.5388,42.5681,40.436,40.436,33049800
HPG,20210423,40.8036,41.4653,40.289,41.4653,28493500
HPG,20210426,41.5332,41.6067,40.4305,40.5095,25156400
HPG,20210427,40.5095,41.4653,39.9949,41.3918,21294400
HPG,20210428,41.3918,41.5388,40.8036,41.1712,15619100
HPG,20210429,41.5332,43.1504,41.4596,42.7151,27877700
HPG,20210504,42.127,44.4061,41.9064,43.965,32996000
HPG,20210505,44.112,44.3326,43.5974,43.5974,24468200
HPG,20210506,43.5974,44.3326,43.2298,43.6709,21609700
HPG,20210507,43.5238,45.2148,43.4503,44.7002,29552700
HPG,20210510,44.7002,46.5382,44.7002,46.3176,28160100
HPG,20210511,46.5382,46.5382,45.5824,45.5824,29565200
HPG,20210512,45.2822,46.0908,45.0616,46.097,29316300
HPG,20210513,45.8765,46.3176,45.2148,45.2148,24654400
HPG,20210514,45.5824,45.95,44.8472,45.1413,31815400
HPG,20210517,45.1413,45.8765,44.5531,45.5089,34004200
HPG,20210518,45.95,46.8322,45.95,46.6117,39146300
HPG,20210519,47.0464,49.0312,46.6789,48.5967,28407500
HPG,20210520,48.6636,49.0312,48.1491,48.9643,21552100
HPG,20210521,48.5901,48.8106,48.0755,48.2291,22951900
HPG,20210524,48.2291,48.5967,47.788,48.0821,23592200
HPG,20210525,48.0086,49.8466,47.935,49.5525,22689000
HPG,20210526,49.5525,49.8466,49.4054,49.8466,15485000
HPG,20210527,49.773,49.8466,48.6702,49.1114,19165200
HPG,20210528,49.3252,49.4722,48.6636,49.3319,30138100
HPG,20210531,52.7,52.7,51.8,52.7,60309100
HPG,20210601,54.6,56.3,54,55.5,33413400
HPG,20210602,55,55.5,53,54,40000100
HPG,20210603,54,54.6,53,54.3,36969900
HPG,20210604,54.5,55.3,54.3,54.5,31679400
HPG,20210607,54.6,55,52,52.7,34653300
HPG,20210608,52.3,52.9,50,50,38486300
HPG,20210609,49.9,51.4,49,50.3,40956800
HPG,20210610,50.2,52.6,50,51.6,29312900
HPG,20210611,52.1,53.2,51.6,53.1,29030300
HPG,20210614,53.5,54.3,52.8,53.6,28587500
HPG,20210615,53,53.6,52.7,53.2,21707700
HPG,20210616,52.8,53,51.5,51.8,28929200
HPG,20210617,50.9,51.9,50.9,51.4,20215900
HPG,20210618,51.9,53.3,51.4,52.1,28992700
HPG,20210621,52,52.5,51.2,51.2,22610800
HPG,20210622,51.5,52.4,51.2,51.7,18459100
HPG,20210623,51.6,51.9,51.1,51.4,18559200
HPG,20210624,51.4,51.7,50.5,50.6,19985600
HPG,20210625,50.7,51.2,49.8,50.7,26191200
HPG,20210628,51.3,52.5,50.8,52.4,39158500
HPG,20210629,52.5,52.6,51.7,51.8,19830300
HPG,20210630,51.9,52.2,51.4,51.5,18899100
HPG,20210701,51.7,52.9,51.6,52.8,39670000
HPG,20210702,53,53.4,52.2,52.3,30058700
HPG,20210705,52.3,52.3,50.8,51.2,36861600
HPG,20210706,51.1,52.2,48,48,48216300
HPG,20210707,49,49.9,47.85,49.9,40552700
HPG,20210708,49.9,50.1,48.6,49,30632700
HPG,20210709,48.5,49.1,46,47.3,46892600
HPG,20210712,46.7,46.9,44,44.95,75500300
HPG,20210713,45.5,46,44.55,45.5,25498600
HPG,20210714,45.9,46,44.35,45,27431000
HPG,20210715,44.6,46.85,44.6,46.5,28546500
HPG,20210716,46.7,47.45,46.5,46.75,22253900
HPG,20210719,45.65,45.9,44,44.3,39426100
HPG,20210720,45,47.3,44.45,47.3,40965600
HPG,20210721,47.5,47.8,46.6,46.75,21335700
HPG,20210722,46.7,47.7,46.3,47.2,21494600
HPG,20210723,46.8,47,45.8,45.8,28904400
HPG,20210726,45.5,46.1,44.65,45.6,23485200
HPG,20210727,46,46.8,45.7,46.2,18206300
HPG,20210728,46.3,47.1,46.2,46.7,21215200
HPG,20210729,46.95,47.7,46.8,47.1,32783300
HPG,20210730,47.1,47.6,47.1,47.3,23016300
HPG,20210802,47.1,47.9,46.9,47.25,24207000
HPG,20210803,47.3,47.65,46.75,47.25,28297300
HPG,20210804,47.55,48,47.25,47.5,24177600
HPG,20210805,47.45,49,47.35,48.8,29704100
HPG,20210806,48.6,49.1,48.3,48.4,20101800
HPG,20210809,48.1,49.7,47.95,49.7,30419600
HPG,20210810,50.1,50.5,49.1,49.4,23186500
HPG,20210811,49.8,49.8,48.95,48.95,21895900
HPG,20210812,48.9,49,48.4,48.4,21547600
HPG,20210813,48.4,48.7,47.7,48.65,25809500
HPG,20210816,49,49.5,48.95,49.45,22222700
HPG,20210817,49.65,50.9,49.6,50.4,45483400
HPG,20210818,50.5,50.9,49.9,50.4,20163600
HPG,20210819,50.6,51.3,50.4,50.9,27506300
HPG,20210820,50.8,51,48.2,49,49333500
HPG,20210823,49,49,47.5,47.5,32825800
HPG,20210824,47.6,48.25,47.5,47.75,21929400
HPG,20210825,47.95,48.5,47.4,48.4,16402800
HPG,20210826,48.6,48.6,47.55,47.7,13857800
HPG,20210827,47.5,47.85,46.75,47.6,24491000
HPG,20210830,48,48.75,47.65,48.7,17004600
HPG,20210831,49,49.7,48.8,49.3,25872600
HPG,20210901,49,49.55,48.9,49.2,15066500
HPG,20210906,49.5,51.4,49.4,51.2,48098900
HPG,20210907,51.6,52,50.6,50.7,31246800
HPG,20210908,50.7,51.9,50.4,51.3,33040000
HPG,20210909,51.6,52.4,51.5,51.9,36718200
HPG,20210910,52,52.2,51.4,51.5,17217900
HPG,20210913,51.5,51.5,50.7,50.8,27227400
HPG,20210914,50.8,51,50.2,50.3,22432900
HPG,20210915,50.1,52,49.9,51.6,25908900
HPG,20210916,52,52.3,51.3,51.3,17982000
HPG,20210917,51.4,52,51.3,51.8,24548600
HPG,20210920,52.4,52.4,50.9,51.3,32328300
HPG,20210921,50.6,51.2,50.2,50.8,28847000
HPG,20210922,50.8,51.1,50.6,50.9,13143800
HPG,20210923,51.3,51.9,50.9,51,17773400
HPG,20210924,51,51.7,50.7,50.8,15884400
HPG,20210927,51.4,52,50.8,50.8,28469400
HPG,20210928,50.6,52.7,50.6,52.6,35611100
HPG,20210929,52.7,53.6,52.6,53.3,34898800
HPG,20210930,53.7,53.7,52.8,52.9,23148500
HPG,20211001,52.9,53.7,52.7,53.4,30478300
HPG,20211004,53.9,55.9,53.9,55.5,45357500
HPG,20211005,55.5,55.9,55.1,55.3,26571500
HPG,20211006,55.8,56.3,55.4,56.1,26766100
HPG,20211007,56.4,56.7,55.5,55.6,26772300
HPG,20211008,55.8,56.2,55.2,55.7,21693600