MSN,20150105,52.3488,52.6604,52.0372,52.0413,104510
MSN,20150106,52.3488,52.972,51.7256,52.6646,165250
MSN,20150107,52.3488,52.972,52.3488,52.6646,120290
MSN,20150108,52.6604,52.972,52.3488,52.6646,134780
MSN,20150109,52.6604,52.972,52.3488,52.6646,296010
MSN,20150112,52.6604,53.5952,52.6604,53.2878,328310
MSN,20150113,53.2836,53.5952,52.972,53.2878,45490
MSN,20150114,53.2836,53.2836,52.6604,52.9762,40770
MSN,20150115,52.6604,52.6604,51.7256,52.6646,147100
MSN,20150116,51.7256,52.972,51.7256,52.9762,118180
MSN,20150119,52.972,52.972,52.0372,52.9762,13290
MSN,20150120,52.972,53.2836,52.0372,52.0413,45150
MSN,20150121,52.3488,52.3488,51.7256,51.7297,22090
MSN,20150122,52.0372,52.0372,51.414,52.0413,58600
MSN,20150123,52.0372,52.3488,52.0372,52.0413,10850
MSN,20150126,52.0372,52.6604,52.0372,52.0413,30360
MSN,20150127,52.0372,52.3488,51.414,51.7297,81070
MSN,20150128,52.0372,52.0372,51.1024,52.0413,46550
MSN,20150129,52.0372,52.0372,51.414,51.4181,10820
MSN,20150130,51.7256,52.3488,51.414,52.353,34570
MSN,20150202,52.3488,52.3488,51.414,51.4181,67020
MSN,20150203,51.1024,51.414,50.4792,50.4832,37120
MSN,20150204,49.856,51.1024,49.2328,50.7948,105860
MSN,20150205,49.856,50.7908,49.856,50.7948,97330
MSN,20150206,50.4792,51.1024,50.1676,50.7948,41570
MSN,20150209,50.7908,51.414,50.7908,50.7948,79360
MSN,20150210,51.414,51.414,50.7908,50.7948,116210
MSN,20150211,50.7908,52.0372,50.7908,51.1065,136510
MSN,20150212,51.1024,52.3488,51.1024,52.0413,134180
MSN,20150213,52.0372,52.6604,51.7256,52.6646,134690
MSN,20150224,52.972,53.5952,52.972,53.5995,345530
MSN,20150225,53.5952,53.5952,53.2836,53.5995,151230
MSN,20150226,53.5952,54.2184,53.2836,54.2227,125870
MSN,20150227,54.2184,54.2184,53.2836,53.2878,181680
MSN,20150302,53.2836,53.9068,53.2836,53.9111,121830
MSN,20150303,54.2184,56.7112,53.9068,56.0925,353320
MSN,20150304,56.7112,56.7112,55.7764,55.7808,263570
MSN,20150305,55.4648,55.7764,55.1532,55.1576,134530
MSN,20150306,54.8416,55.7764,54.8416,54.846,166270
MSN,20150309,54.8416,56.088,54.53,54.846,72100
MSN,20150310,53.5952,54.8416,53.5952,54.5343,34220
MSN,20150311,54.8416,54.8416,53.9068,54.2227,77110
MSN,20150312,55.4648,55.4648,53.9068,54.5343,47600
MSN,20150313,54.8416,54.8416,54.2184,54.2227,31350
MSN,20150316,52.6604,54.2184,52.6604,52.9762,31770
MSN,20150317,52.0372,52.972,51.7256,52.353,104070
MSN,20150318,52.0372,52.972,52.0372,52.353,58050
MSN,20150319,52.0372,52.972,51.414,51.4181,285720
MSN,20150320,52.972,51.7256,49.2328,49.2367,1752250
MSN,20150323,51.414,50.7908,49.5444,50.4832,179030
MSN,20150324,50.4792,51.1024,49.856,50.1716,68630
MSN,20150325,49.5444,49.856,48.6096,49.2367,538530
MSN,20150326,48.9212,49.2328,47.6748,47.9902,526170
MSN,20150327,47.9864,47.9864,46.74,47.9902,525320
MSN,20150330,47.0516,47.9864,47.0516,47.9902,153520
MSN,20150331,47.9864,48.298,47.3632,47.9902,310390
MSN,20150401,47.9864,47.9864,46.74,46.7437,470880
MSN,20150402,47.3632,47.3632,46.74,46.7437,182450
MSN,20150403,47.0516,47.6748,46.74,46.7437,499450
MSN,20150406,47.3632,47.3632,46.4284,46.4321,123110
MSN,20150407,46.4284,46.74,45.4936,46.4321,137510
MSN,20150408,46.4284,46.4284,45.182,46.4321,277580
MSN,20150409,46.4284,47.3632,46.1168,46.7437,111500
MSN,20150410,46.74,47.9864,46.74,46.7437,593880
MSN,20150413,46.74,49.2328,46.74,49.2367,272990
MSN,20150414,48.298,50.4792,48.298,49.5483,358940
MSN,20150415,49.5444,50.4792,49.2328,50.1716,230720
MSN,20150416,50.4792,50.7908,49.5444,49.5483,87880
MSN,20150417,49.2328,50.1676,49.2328,49.86,137710
MSN,20150420,50.1676,50.4792,49.856,50.1716,98780
MSN,20150421,50.4792,50.4792,49.856,50.1716,113620
MSN,20150422,50.4792,50.4792,50.1676,50.4832,77210
MSN,20150423,50.1676,50.7908,50.1676,50.4832,97820
MSN,20150424,50.4792,50.7908,50.4792,50.7948,92090
MSN,20150427,51.414,51.7256,50.4792,50.4832,127950
MSN,20150504,51.1024,51.1024,47.9864,49.86,193200
MSN,20150505,50.1676,50.1676,48.9212,49.86,14740
MSN,20150506,49.856,50.4792,48.6096,50.1716,117740
MSN,20150507,50.4792,51.1024,50.1676,51.1065,144180
MSN,20150508,50.7908,51.414,50.4792,51.4181,167370
MSN,20150511,51.414,52.3488,51.414,51.4181,201240
MSN,20150512,51.1024,51.1024,49.2328,49.2367,93750
MSN,20150513,49.2328,49.856,49.2328,49.86,1450
MSN,20150514,49.856,49.856,49.2328,49.86,32340
MSN,20150515,49.856,50.1676,48.6096,48.6135,60210
MSN,20150518,49.5444,49.5444,48.298,48.3018,47590
MSN,20150519,48.298,49.2328,47.9864,47.9902,152760
MSN,20150520,48.6096,49.2328,48.6096,48.9251,25070
MSN,20150521,48.9212,49.856,48.6096,49.86,77390
MSN,20150522,49.856,50.7908,48.9212,50.7948,125080
MSN,20150525,51.1024,51.7256,50.1676,51.4181,129490
MSN,20150526,51.414,52.6604,51.414,52.0413,351810
MSN,20150527,52.0372,52.6604,51.7256,52.353,160660
MSN,20150528,52.3488,52.6604,52.0372,52.6646,153710
MSN,20150529,52.6604,52.6604,52.3488,52.353,184200
MSN,20150601,52.3488,52.6604,52.0372,52.353,265770
MSN,20150602,52.3488,52.3488,52.0372,52.0413,55130
MSN,20150603,51.1024,52.0372,49.856,50.1716,89000
MSN,20150604,50.1676,50.4792,49.2328,49.5483,86400
MSN,20150605,50.4792,50.4792,49.856,50.1716,2800
MSN,20150608,49.856,50.4792,49.5444,49.5483,31750
MSN,20150609,49.5444,50.1676,49.2328,49.2367,15400
MSN,20150610,50.1676,50.1676,49.2328,49.86,64730
MSN,20150611,49.856,50.1676,49.5444,50.1716,55840
MSN,20150612,50.1676,50.4792,49.5444,49.5483,49830
MSN,20150615,49.5444,49.5444,48.9212,49.2367,75540
MSN,20150616,49.5444,49.5444,48.9212,48.9251,49270
MSN,20150617,48.6096,48.9212,48.6096,48.6135,50560
MSN,20150618,48.6096,48.6096,47.9864,48.3018,49970
MSN,20150619,48.6096,48.9212,47.3632,47.367,683780
MSN,20150622,48.6096,49.856,48.6096,49.86,130780
MSN,20150623,49.856,50.1676,49.5444,49.86,100040
MSN,20150624,49.2328,49.5444,48.9212,49.2367,73620
MSN,20150625,48.9212,49.2328,47.6748,49.2367,131600
MSN,20150626,48.298,49.2328,48.298,49.2367,83130
MSN,20150629,48.6096,49.856,48.6096,49.86,219690
MSN,20150630,49.5444,50.4792,49.5444,50.4832,552810
MSN,20150701,49.856,51.1024,49.856,50.7948,186730
MSN,20150702,50.4792,52.0372,50.4792,52.0413,499980
MSN,20150703,52.0372,52.3488,52.0372,52.353,303950
MSN,20150706,52.3488,54.2184,51.7256,54.2227,610250
MSN,20150707,54.53,55.1532,53.5952,55.1576,540910
MSN,20150708,54.8416,55.1532,53.5952,53.9111,644590
MSN,20150709,52.972,54.2184,52.6604,53.9111,416440
MSN,20150710,54.53,54.53,53.9068,54.2227,290670
MSN,20150713,54.2184,54.53,53.5952,54.5343,326520
MSN,20150714,54.53,57.3344,54.53,57.339,780490
MSN,20150715,57.9576,60.1388,57.9576,60.1436,1021490
MSN,20150716,59.204,59.8272,57.9576,57.9622,135130
MSN,20150717,57.646,58.8924,57.0228,58.8971,147370
MSN,20150720,57.0228,58.5808,57.0228,58.5855,211130
MSN,20150721,58.5808,58.5808,55.7764,56.0925,286220
MSN,20150722,56.3996,58.2692,56.3996,57.9622,278150
MSN,20150723,57.3344,57.646,57.0228,57.6506,194950
MSN,20150724,57.9576,58.2692,57.0228,58.2738,257470
MSN,20150727,58.5808,58.5808,57.646,57.6506,118030
MSN,20150728,57.3344,58.2692,57.0228,57.339,372170
MSN,20150729,57.3344,57.646,56.088,56.0925,115950
MSN,20150730,56.088,57.3344,56.088,57.339,123390
MSN,20150731,57.3344,57.646,56.088,56.0925,98300
MSN,20150803,56.088,57.3344,55.4648,55.4692,169770
MSN,20150804,55.4648,55.4648,52.3488,52.6646,409800
MSN,20150805,53.2836,54.2184,53.2836,53.2878,114130
MSN,20150806,53.2836,54.2184,52.3488,52.6646,62310
MSN,20150807,53.2836,53.9068,52.6604,53.9111,82370
MSN,20150810,52.6604,53.9068,52.6604,53.5995,59420
MSN,20150811,53.5952,54.8416,53.2836,54.2227,181490
MSN,20150812,54.2184,54.2184,52.972,54.2227,258670
MSN,20150813,53.5952,54.2184,53.2836,53.2878,116970
MSN,20150814,52.972,53.5952,52.972,53.5995,96070
MSN,20150817,53.5952,55.1532,53.5952,55.1576,203600
MSN,20150818,55.4648,56.088,54.8416,54.846,175640
MSN,20150819,54.53,54.53,52.972,52.9762,86100
MSN,20150820,52.972,53.2836,52.0372,52.353,174000
MSN,20150821,51.414,52.3488,50.1676,51.7297,199920
MSN,20150824,51.414,51.414,48.298,49.2367,629030
MSN,20150825,47.6748,49.2328,46.74,49.2367,145010
MSN,20150826,49.2328,49.2328,48.298,48.6135,171480
MSN,20150827,49.2328,49.5444,48.9212,49.2367,184510
MSN,20150828,49.2328,51.7256,49.2328,51.7297,252540
MSN,20150831,51.7256,51.7256,49.856,50.1716,175980
MSN,20150901,49.5444,50.1676,48.9212,48.9251,112990
MSN,20150903,48.9212,48.9212,47.9864,48.3018,163690
MSN,20150904,48.6096,50.4792,47.6748,50.4832,254620
MSN,20150907,50.4792,50.4792,48.298,48.6135,61780
MSN,20150908,48.9212,48.9212,47.9864,48.9251,179400
MSN,20150909,49.2328,49.2328,48.298,48.9251,96910
MSN,20150910,48.298,49.2328,48.298,48.3018,110390
MSN,20150911,48.6096,48.6096,47.0516,47.367,268800
MSN,20150914,47.0516,47.3632,45.4936,46.7437,366620
MSN,20150915,46.4284,46.4284,44.8704,45.8088,665500
MSN,20150916,46.1168,47.3632,46.1168,47.367,256490
MSN,20150917,47.6748,47.9864,47.3632,47.367,79910
MSN,20150918,47.6748,47.6748,46.1168,46.1205,1458050
MSN,20150921,46.74,47.0516,45.8052,46.7437,213050
MSN,20150922,46.74,46.74,46.1168,46.4321,112070
MSN,20150923,46.4284,46.4284,45.4936,46.1205,294950
MSN,20150924,46.4284,47.0516,45.8052,46.1205,408030
MSN,20150925,46.1168,46.1168,45.4936,46.1205,273070
MSN,20150928,46.1168,46.4284,45.182,46.1205,272880
MSN,20150929,45.4936,45.8052,45.182,45.8088,125710
MSN,20150930,45.4936,46.1168,45.4936,46.1205,431280
MSN,20151001,45.8052,47.3632,45.8052,46.4321,763630
MSN,20151002,46.4284,46.74,46.1168,46.1205,131360
MSN,20151005,46.1168,46.4284,45.4936,46.1205,303610
MSN,20151006,46.1168,46.4284,45.8052,46.1205,621550
MSN,20151007,46.4284,47.0516,46.1168,46.1205,535450
MSN,20151008,45.8052,46.4284,45.8052,46.1205,419880
MSN,20151009,46.4284,46.74,46.1168,46.1205,237210
MSN,20151012,46.1168,46.4284,45.8052,46.1205,126450
MSN,20151013,46.1168,46.4284,45.8052,46.1205,199180
MSN,20151014,46.1168,46.1168,45.8052,46.1205,316750
MSN,20151015,46.4284,46.4284,45.8052,46.1205,191440
MSN,20151016,46.4284,47.6748,45.8052,46.4321,853210
MSN,20151019,46.74,47.0516,46.4284,46.4321,240820
MSN,20151020,46.74,46.74,45.4936,46.1205,437050
MSN,20151021,45.8052,46.1168,45.4936,46.1205,365430
MSN,20151022,45.8052,46.4284,45.8052,46.1205,103550
MSN,20151023,46.1168,46.4284,45.8052,46.1205,98100
MSN,20151026,46.1168,46.1168,45.4936,45.8088,338560
MSN,20151027,45.4936,46.1168,45.182,46.1205,271830
MSN,20151028,45.8052,46.1168,45.182,46.1205,255940
MSN,20151029,45.8052,46.4284,45.4936,45.8088,630820
MSN,20151030,45.4936,46.1168,45.4936,46.1205,241610
MSN,20151102,46.1168,46.1168,45.4936,45.8088,202820
MSN,20151103,45.4936,45.8052,45.4936,45.8088,291740
MSN,20151104,46.1168,47.6748,45.8052,46.4321,961390
MSN,20151105,46.74,46.74,46.1168,46.1205,54650
MSN,20151106,46.1168,46.4284,45.8052,46.4321,130670
MSN,20151109,46.1168,46.4284,45.4936,46.1205,477620
MSN,20151110,46.1168,46.1168,45.182,45.8088,457570
MSN,20151111,45.4936,45.8052,45.182,45.8088,363150
MSN,20151112,45.4936,45.8052,44.8704,45.8088,987880
MSN,20151113,45.182,45.8052,44.8704,45.8088,891760
MSN,20151116,45.4936,45.8052,44.5588,45.8088,1542220
MSN,20151117,45.4936,45.8052,44.8704,45.8088,1430700
MSN,20151118,45.182,45.8052,45.182,45.4972,541670
MSN,20151119,45.182,45.4936,45.182,45.4972,772000
MSN,20151120,45.182,45.4936,45.182,45.1856,1181700
MSN,20151123,44.8704,45.4936,44.5588,44.5623,129960
MSN,20151124,44.5588,44.8704,43.3124,43.9391,867410
MSN,20151125,43.9356,43.9356,43.3124,43.9391,530220
MSN,20151126,43.624,44.2472,43.3124,43.6275,372390
MSN,20151127,43.3124,43.624,43.0008,43.0042,176500
MSN,20151130,43.0008,43.624,42.6892,43.6275,1203320
MSN,20151201,43.3124,43.9356,43.0008,43.9391,510310
MSN,20151202,44.2472,44.2472,43.3124,44.2507,398410
MSN,20151203,44.2472,44.5588,43.9356,44.5623,168430
MSN,20151204,44.5588,44.8704,44.2472,44.874,436430
MSN,20151207,44.8704,44.8704,43.9356,44.874,385540
MSN,20151208,44.2472,44.8704,44.2472,44.874,154180
MSN,20151209,44.5588,44.8704,44.2472,44.5623,543860
MSN,20151210,44.2472,44.5588,43.624,44.5623,309310
MSN,20151211,44.5588,44.5588,43.9356,44.2507,149220
MSN,20151214,43.3124,44.2472,43.3124,43.3158,410270
MSN,20151215,43.0008,43.3124,42.6892,43.3158,361620
MSN,20151216,43.3124,43.3124,42.6892,43.0042,226940
MSN,20151217,43.0008,43.0008,42.066,42.381,762840
MSN,20151218,42.066,44.8704,41.7544,44.2507,1883020
MSN,20151221,43.9356,43.9356,42.3776,42.381,653570
MSN,20151222,42.3776,43.3124,42.066,42.381,894970
MSN,20151223,41.7544,43.0008,41.7544,43.0042,294970
MSN,20151224,43.0008,43.9356,42.6892,43.9391,190230
MSN,20151225,44.8704,46.74,44.5588,46.7437,870300
MSN,20151228,49.5444,49.856,48.9212,49.86,1959360
MSN,20151229,49.856,49.856,48.6096,48.6135,207360
MSN,20151230,47.9864,48.9212,47.9864,47.9902,86930
MSN,20151231,48.298,48.298,46.1168,48.3018,394010
MSN,20160104,47.0516,48.298,47.0516,47.0553,92620
MSN,20160105,47.0516,47.0516,45.4936,46.7437,243440
MSN,20160106,45.8052,47.3632,45.8052,47.367,144590
MSN,20160107,46.4284,48.9212,46.1168,48.3018,375660
MSN,20160108,47.3632,48.6096,47.3632,47.6786,75080
MSN,20160111,47.3632,47.6748,46.74,47.367,159030
MSN,20160112,47.9864,47.9864,47.0516,47.6786,119130
MSN,20160113,47.6748,47.6748,46.74,46.7437,72760
MSN,20160114,46.1168,47.0516,45.8052,46.1205,173530
MSN,20160115,46.74,46.74,43.624,43.6275,234560
MSN,20160118,42.6892,43.624,42.066,43.6275,126500
MSN,20160119,43.624,44.2472,42.6892,44.2507,50490
MSN,20160120,43.624,44.8704,43.3124,44.5623,162910
MSN,20160121,44.5588,45.8052,44.5588,44.5623,88430
MSN,20160122,44.5588,44.5588,43.3124,44.2507,77780
MSN,20160125,45.182,46.1168,44.5588,46.1205,83770
MSN,20160126,44.8704,46.74,44.8704,45.8088,93100
MSN,20160127,45.182,46.4284,45.182,45.8088,137500
MSN,20160128,46.1168,46.1168,44.8704,45.4972,42820
MSN,20160129,45.182,45.4936,44.8704,45.1856,160350
MSN,20160201,45.182,45.182,44.5588,44.5623,51260
MSN,20160202,44.8704,46.4284,43.9356,43.9391,92570
MSN,20160203,44.8704,45.182,43.9356,44.874,98450
MSN,20160204,44.8704,46.1168,44.8704,45.8088,101460
MSN,20160205,45.8052,46.1168,45.182,45.8088,23030
MSN,20160215,44.5588,45.8052,44.2472,44.874,135790
MSN,20160216,44.5588,45.182,44.5588,44.874,111070
MSN,20160217,45.182,45.182,44.5588,44.874,113100
MSN,20160218,44.5588,45.4936,44.5588,44.874,75490
MSN,20160219,45.182,45.182,44.5588,44.5623,125160
MSN,20160222,44.5588,47.0516,44.5588,46.4321,256860
MSN,20160223,47.0516,47.0516,45.8052,46.1205,88940
MSN,20160224,46.1168,46.1168,45.8052,45.8088,28430
MSN,20160225,46.4284,46.4284,44.8704,44.874,127080
MSN,20160226,45.4936,46.1168,44.5588,46.1205,72350
MSN,20160229,45.4936,46.1168,44.8704,44.874,137790
MSN,20160301,44.8704,45.182,44.8704,44.874,80880
MSN,20160302,44.8704,45.8052,44.8704,45.4972,116760
MSN,20160303,46.4284,47.0516,45.8052,46.4321,252210
MSN,20160304,47.0516,47.0516,46.1168,46.4321,160570
MSN,20160307,46.4284,47.9864,46.1168,46.4321,320530
MSN,20160308,46.74,47.0516,46.4284,46.7437,138590
MSN,20160309,47.0516,47.3632,47.0516,47.0553,54060
MSN,20160310,47.0516,47.0516,46.1168,46.4321,153780
MSN,20160311,46.1168,46.74,45.8052,45.8088,236980
MSN,20160314,46.1168,46.74,46.1168,46.7437,263000
MSN,20160315,46.74,46.74,45.4936,45.8088,254170
MSN,20160316,46.1168,46.1168,45.4936,45.4972,237120
MSN,20160317,45.182,46.1168,44.8704,45.1856,903720
MSN,20160318,45.182,45.182,44.5588,44.5623,1188240
MSN,20160321,44.8704,45.182,43.624,43.6275,485990
MSN,20160322,43.9356,44.2472,43.0008,43.6275,323900
MSN,20160323,43.624,45.182,43.624,44.874,545030
MSN,20160324,44.8704,47.6748,44.8704,45.8088,1122090
MSN,20160325,46.1168,46.4284,44.8704,46.1205,342700
MSN,20160328,46.1168,46.4284,45.8052,46.4321,220710
MSN,20160329,46.1168,46.1168,45.182,45.1856,375020
MSN,20160330,44.8704,45.8052,44.8704,45.1856,340720
MSN,20160331,45.182,45.182,44.5588,44.5623,420860
MSN,20160401,44.2472,44.8704,43.9356,44.2507,331930
MSN,20160404,44.2472,44.5588,43.3124,43.6275,384220
MSN,20160405,43.624,44.2472,43.3124,43.9391,399050
MSN,20160406,44.5588,44.5588,43.3124,44.2507,428160
MSN,20160407,44.5588,44.5588,43.624,44.2507,208440
MSN,20160408,43.624,43.9356,43.0008,43.3158,599800
MSN,20160411,43.3124,44.2472,43.3124,44.2507,694480
MSN,20160412,44.2472,44.2472,43.624,43.6275,235220
MSN,20160413,43.0008,43.9356,43.0008,43.0042,239340
MSN,20160414,43.3124,43.9356,43.3124,43.3158,197410
MSN,20160415,43.624,43.624,43.0008,43.3158,155690
MSN,20160419,43.3124,43.624,42.3776,43.0042,427350
MSN,20160420,43.0008,43.0008,42.066,42.0693,214480
MSN,20160421,42.066,43.624,42.066,43.6275,334330
MSN,20160422,43.3124,43.624,43.0008,43.0042,195010
MSN,20160425,43.3124,43.624,42.066,42.6926,339790
MSN,20160426,42.3776,43.624,42.3776,43.0042,465120
MSN,20160427,43.0008,43.624,42.6892,43.3158,381930
MSN,20160428,43.3124,43.624,43.0008,43.0042,232460
MSN,20160429,43.0008,44.5588,43.0008,43.6275,681090
MSN,20160504,44.2472,44.5588,43.624,44.2507,504510
MSN,20160505,44.2472,44.5588,43.9356,44.2507,403090
MSN,20160506,44.2472,46.1168,44.2472,45.1856,1012480
MSN,20160509,45.182,46.1168,44.5588,44.5623,232020
MSN,20160510,44.2472,44.8704,43.624,44.5623,380290
MSN,20160511,44.8704,44.8704,43.9356,44.874,353890
MSN,20160512,44.8704,45.182,44.5588,44.874,229250
MSN,20160513,44.8704,44.8704,43.9356,43.9391,272690
MSN,20160516,44.2472,44.5588,43.9356,44.2507,287960
MSN,20160517,44.5588,44.8704,44.2472,44.2507,201400
MSN,20160518,44.5588,44.8704,44.2472,44.5623,134110
MSN,20160519,44.5588,44.8704,43.624,43.6275,294740
MSN,20160520,43.624,43.624,43.0008,43.3158,413900
MSN,20160523,43.3124,43.624,43.0008,43.3158,150590
MSN,20160524,43.624,44.2472,43.3124,44.2507,353360
MSN,20160525,43.9356,44.2472,43.624,43.6275,219550
MSN,20160526,43.3124,43.624,43.0008,43.0042,114240
MSN,20160527,43.624,43.624,42.6892,43.0042,184750
MSN,20160530,43.0008,43.0008,42.6892,43.0042,157700
MSN,20160531,43.0008,43.3124,42.6892,43.3158,254110
MSN,20160601,43.3124,43.3124,42.6892,43.0042,147400
MSN,20160602,43.0008,43.3124,42.6892,43.0042,39940
MSN,20160603,43.0008,43.3124,43.0008,43.0042,184710
MSN,20160606,43.0008,43.0008,42.6892,42.6926,153140
MSN,20160607,42.6892,43.0008,42.3776,43.0042,174210
MSN,20160608,43.0008,43.624,42.6892,43.6275,279510
MSN,20160609,43.3124,43.624,43.0008,43.3158,114520
MSN,20160610,43.3124,43.624,43.0008,43.6275,405750
MSN,20160613,43.624,43.624,43.0008,43.0042,232740
MSN,20160614,43.0008,43.3124,42.6892,43.0042,116110
MSN,20160615,43.0008,43.0008,42.3776,42.6926,84940
MSN,20160616,42.6892,43.3124,42.6892,42.6926,201010
MSN,20160617,43.0008,44.2472,42.3776,44.2507,1517950
MSN,20160620,43.0008,43.624,42.6892,43.3158,214630
MSN,20160621,43.3124,43.624,43.0008,43.0042,108620
MSN,20160622,43.0008,43.624,43.0008,43.0042,54550
MSN,20160623,43.0008,43.0008,42.6892,43.0042,207350
MSN,20160624,43.0008,43.0008,41.1312,42.0693,320530
MSN,20160627,41.7544,42.066,41.1312,41.7577,151140
MSN,20160628,41.7544,41.7544,41.1312,41.7577,294500
MSN,20160629,41.7544,42.066,41.1312,41.7577,416170
MSN,20160630,41.7544,41.7544,41.4428,41.4461,208640
MSN,20160701,41.4428,43.624,41.4428,41.7577,368120
MSN,20160704,41.7544,42.066,41.4428,41.7577,125960
MSN,20160705,42.066,42.3776,41.7544,42.0693,59940
MSN,20160706,41.7544,41.7544,41.4428,41.7577,191960
MSN,20160707,41.7544,42.066,41.4428,41.7577,251200
MSN,20160708,41.4428,41.7544,41.1312,41.7577,467620
MSN,20160711,41.1312,41.7544,41.1312,41.7577,278680
MSN,20160712,41.7544,41.7544,41.1312,41.7577,107970
MSN,20160713,41.4428,42.066,41.4428,41.7577,305500
MSN,20160714,41.7544,43.3124,41.4428,42.0693,717250
MSN,20160715,42.3776,42.3776,41.7544,42.0693,175870
MSN,20160718,42.3776,43.0008,42.3776,43.0042,179580
MSN,20160719,43.0008,43.0008,42.066,42.0693,307780
MSN,20160720,42.066,42.3776,41.7544,41.7577,225340
MSN,20160721,42.066,42.3776,41.7544,42.0693,174010
MSN,20160722,42.066,42.066,41.1312,41.7577,317090
MSN,20160725,41.4428,42.066,41.1312,41.7577,128060
MSN,20160726,42.066,42.066,40.508,41.4461,430300
MSN,20160727,41.1312,41.4428,40.1964,41.1345,732260
MSN,20160728,40.8196,41.1312,38.6384,41.1345,1894990
MSN,20160729,40.1964,41.1312,39.8848,39.888,726220
MSN,20160801,40.508,40.508,39.5732,39.888,242060
MSN,20160802,39.5732,39.5732,38.3268,38.3298,548690
MSN,20160803,38.0152,38.6384,37.7036,38.3298,236360
MSN,20160804,37.7036,38.6384,37.7036,38.6415,71160
MSN,20160805,38.3268,38.3268,36.7688,38.3298,835920
MSN,20160808,38.0152,38.0152,36.7688,37.0833,312390
MSN,20160809,36.7688,37.7036,36.7688,37.7066,298610
MSN,20160810,37.392,37.7036,37.392,37.7066,282540
MSN,20160811,37.7036,38.6384,37.392,38.0182,582020
MSN,20160812,38.0152,38.3268,37.0804,37.7066,383460
MSN,20160815,37.392,37.392,37.392,37.395,111560
MSN,20160816,37.392,37.392,36.7688,37.0833,404310
MSN,20160817,37.392,37.392,36.4572,37.0833,1026130
MSN,20160818,37.392,39.5732,36.7688,39.5763,1965290
MSN,20160819,41.7544,42.066,41.4428,42.0693,2293940
MSN,20160822,42.066,42.066,40.508,40.5112,241270
MSN,20160823,39.8848,40.508,38.95,39.2647,652530
MSN,20160824,39.2616,39.5732,38.3268,38.3298,503710
MSN,20160825,38.95,38.95,37.7036,38.3298,756480
MSN,20160826,38.95,40.1964,38.95,39.2647,930460
MSN,20160829,40.1964,41.7544,39.8848,41.7577,1259500
MSN,20160830,41.4428,44.2472,41.1312,43.6275,820870
MSN,20160831,43.624,43.9356,42.3776,43.0042,1327980
MSN,20160901,42.3776,42.6892,41.4428,41.7577,1706300
MSN,20160905,42.3776,43.0008,41.4428,41.7577,837650
MSN,20160906,42.3776,42.6892,41.7544,42.381,503190
MSN,20160907,42.3776,42.6892,42.066,42.381,714730
MSN,20160908,42.3776,42.6892,41.7544,42.6926,1065400
MSN,20160909,42.6892,43.0008,42.3776,43.0042,518600
MSN,20160912,42.3776,43.0008,41.7544,43.0042,903520
MSN,20160913,42.4399,42.9385,42.1283,42.6926,309120
MSN,20160914,42.3776,42.3776,41.6298,41.6331,311860
MSN,20160915,41.1312,41.1935,40.321,40.5112,519390
MSN,20160916,39.9471,40.508,39.9471,40.5112,732710
MSN,20160919,41.7544,42.6269,41.3182,42.381,360510
MSN,20160920,42.5022,43.7486,42.1906,43.7521,1047600
MSN,20160921,43.624,43.9979,43.1254,43.9391,416900
MSN,20160922,43.7486,44.3718,43.624,44.2507,278580
MSN,20160923,43.8733,44.2472,43.0631,44.2507,634890
MSN,20160926,43.3747,44.1849,43.3747,44.1884,357780
MSN,20160927,43.624,43.9979,43.3747,44.0014,554440
MSN,20160928,43.624,43.8733,42.066,42.0693,494280
MSN,20160929,42.6892,42.8138,42.253,42.5056,549110
MSN,20160930,42.3776,43.811,42.3153,43.8144,556860
MSN,20161003,43.624,43.624,42.3776,43.6275,580480
MSN,20161004,43.0008,43.5617,42.7515,43.5651,532110
MSN,20161005,43.4994,43.5617,43.0008,43.5651,539130
MSN,20161006,43.5617,43.624,43.1254,43.1289,239540
MSN,20161007,43.4994,43.4994,42.6892,42.6926,167700
MSN,20161010,42.6892,43.2501,42.4399,42.5679,147310
MSN,20161011,42.8762,42.8762,42.3776,42.5679,177420
MSN,20161012,42.4399,42.6892,42.3776,42.381,48560
MSN,20161013,42.3776,42.4399,42.3153,42.381,148990
MSN,20161014,42.3776,42.6892,42.3153,42.5056,136680
MSN,20161017,42.5022,42.5646,41.5674,41.5707,251580
MSN,20161018,41.1935,42.0037,41.1935,41.5707,97290
MSN,20161019,41.4428,41.5674,41.4428,41.4461,125380
MSN,20161020,42.3153,42.3153,41.1312,41.4461,68250
MSN,20161021,41.4428,41.4428,41.2558,41.3214,86950
MSN,20161024,40.5703,41.1312,39.5732,41.1345,137940
MSN,20161025,40.1964,41.1312,39.9471,41.1345,306970
MSN,20161026,40.508,40.9442,40.0094,40.9475,179620
MSN,20161027,40.1964,40.9442,39.9471,40.8228,263690
MSN,20161028,40.1964,40.9442,39.8848,40.9475,211670
MSN,20161031,40.9442,42.5646,40.695,40.9475,464860
MSN,20161101,41.1312,41.2558,40.508,40.8228,119220
MSN,20161102,40.7573,41.0066,40.1964,40.8228,74520
MSN,20161103,40.8196,40.8196,39.8225,40.6982,407090
MSN,20161104,40.695,40.695,40.0094,40.5735,98460
MSN,20161107,40.5703,40.5703,40.0718,40.5112,83350
MSN,20161108,40.1964,40.508,40.1964,40.5112,198930
MSN,20161109,40.0718,40.508,39.5732,40.5112,297160
MSN,20161110,40.508,40.508,40.0718,40.5112,586310
MSN,20161111,40.508,40.8196,40.1964,40.1996,53700
MSN,20161114,40.1341,40.1341,38.3268,38.6415,651510
MSN,20161115,39.2616,39.2616,38.8254,39.2647,57220
MSN,20161116,39.2616,39.6978,39.2616,39.327,79620
MSN,20161117,39.4486,39.5732,39.2616,39.4517,222230
MSN,20161118,39.4486,39.9471,39.3239,39.514,241650
MSN,20161121,39.5732,39.5732,39.2616,39.514,73370
MSN,20161122,39.5109,40.0094,39.5109,39.8256,135790
MSN,20161123,39.8848,42.5646,39.8848,42.5056,2158820
MSN,20161124,44.4342,44.8081,42.5646,43.0042,637070
MSN,20161125,43.437,43.4994,42.3776,42.381,339930
MSN,20161128,42.066,42.1906,39.8848,39.888,719490
MSN,20161129,39.8848,40.508,38.8877,39.0777,579550
MSN,20161130,40.508,40.508,39.2616,39.9503,499010
MSN,20161201,39.9471,41.6298,39.9471,40.1373,321970
MSN,20161202,40.3834,40.3834,39.137,39.1401,387740
MSN,20161205,39.2616,39.8225,39.2616,39.3894,305290
MSN,20161206,39.3862,39.8848,39.3862,39.4517,348710
MSN,20161207,39.5109,39.7602,39.0123,39.2647,300040
MSN,20161208,39.5732,39.5732,39.2616,39.4517,211860
MSN,20161209,39.7602,39.8225,39.3239,39.4517,265730
MSN,20161212,39.6355,39.7602,38.95,39.2647,301240
MSN,20161213,39.2616,39.2616,38.0152,38.0182,388540
MSN,20161214,38.3268,39.0746,38.1398,38.7038,235790
MSN,20161215,38.8254,39.0123,38.2645,38.7038,258880
MSN,20161216,38.7007,40.508,38.4514,40.5112,981560
MSN,20161219,39.8848,40.4457,39.3862,39.5763,157330
MSN,20161220,39.3862,39.3862,38.5138,38.5791,344130
MSN,20161221,38.6384,39.2616,38.5761,38.8908,196240
MSN,20161222,39.6355,40.8196,39.5732,40.6982,613300
MSN,20161223,40.8196,40.8196,40.3834,40.6982,225270
MSN,20161226,40.695,41.6298,40.695,40.6982,148910
MSN,20161227,40.695,40.8196,40.2587,40.5112,125060
MSN,20161228,40.695,40.8196,39.6978,39.701,325410
MSN,20161229,40.0094,40.0718,39.7602,39.8256,122990
MSN,20161230,39.8848,40.508,39.8848,40.3866,334620
MSN,20170103,40.7573,41.1312,40.3834,40.7605,397760
MSN,20170104,41.1516,41.4782,40.9556,41.4803,446480
MSN,20170105,41.8048,41.8048,41.0863,41.219,228380
MSN,20170106,40.9556,41.2822,40.7597,41.2843,337680
MSN,20170109,41.2822,41.2822,40.825,40.8924,233660
MSN,20170110,41.4129,42.458,41.4129,41.6109,488910
MSN,20170111,41.6088,41.8048,41.3476,41.3496,252010
MSN,20170112,41.4782,41.4782,40.9556,40.9577,164770
MSN,20170113,40.9556,41.0863,40.825,40.9577,226450
MSN,20170116,41.1516,41.1516,40.825,40.9577,124960
MSN,20170117,40.9556,41.1516,40.6944,40.9577,147390
MSN,20170118,41.021,41.021,40.7597,40.8271,95680
MSN,20170119,40.8903,40.8903,40.4984,40.5004,304740
MSN,20170120,40.6944,40.6944,40.1718,40.1738,448800
MSN,20170123,40.7597,40.9556,40.1718,40.3678,221960
MSN,20170124,39.6329,40.5637,39.6329,40.3678,149750
MSN,20170125,40.4168,40.4168,39.8779,40.4168,168360
MSN,20170202,40.4168,41.4945,40.4168,41.3476,212950
MSN,20170203,41.3476,42.3274,41.3476,41.4456,354630
MSN,20170206,41.8375,41.8375,41.1516,41.7395,266640
MSN,20170207,41.7395,41.7395,41.4455,41.7395,435880
MSN,20170208,41.7395,41.7395,41.5925,41.7395,174120
MSN,20170209,41.6415,41.7395,41.4945,41.6415,398110
MSN,20170210,41.6415,41.6415,40.8577,41.1516,342780
MSN,20170213,41.1516,41.1516,40.6127,40.9557,369880
MSN,20170214,40.6617,40.7597,40.4657,40.6617,375630
MSN,20170215,40.5596,41.3433,40.4616,41.1026,329800
MSN,20170216,41.1474,42.1271,40.8535,41.1026,542230
MSN,20170217,41.1516,41.4455,40.7597,40.8577,386090
MSN,20170220,40.9067,42.1314,40.5637,41.1516,314390
MSN,20170221,41.3476,41.7395,40.9556,41.6905,582730
MSN,20170222,41.6415,41.8375,41.2986,41.3476,415910
MSN,20170223,41.4455,41.4455,41.0046,41.3476,297310
MSN,20170224,41.1516,41.1516,40.7107,40.8577,371930
MSN,20170227,40.1718,40.5637,39.29,40.1718,880600
MSN,20170228,40.1718,40.3678,40.0248,40.1718,787290
MSN,20170301,39.9758,40.1718,39.7309,40.1718,367950
MSN,20170302,39.9718,40.0697,39.7268,40.0738,343710
MSN,20170303,40.0738,40.1718,39.7309,40.1718,407300
MSN,20170306,39.9758,40.1718,39.9269,40.1718,416780
MSN,20170307,40.1718,40.1718,39.7799,40.1718,401910
MSN,20170308,40.1718,41.1516,39.8779,40.8577,395320
MSN,20170309,40.7597,40.9556,40.6617,40.9067,237350
MSN,20170310,40.9067,41.0046,40.6617,40.9067,233160
MSN,20170313,40.9067,40.9067,40.6617,40.8577,409950
MSN,20170314,40.8577,42.7193,40.7597,42.3274,1542110
MSN,20170315,42.8173,43.4051,42.6213,42.8663,864380
MSN,20170316,43.1112,43.1112,42.6213,42.6213,223130
MSN,20170317,42.6213,43.4541,42.5233,43.2092,2989190
MSN,20170320,43.4987,45.654,43.4987,44.9728,1131180
MSN,20170321,45.0708,47.2264,45.0708,46.1486,985180
MSN,20170322,46.0506,47.5203,45.4627,46.5405,715040
MSN,20170323,46.1486,47.2264,46.1486,47.0304,997410
MSN,20170324,47.0304,47.2264,46.2466,46.8345,431540
MSN,20170327,46.7365,47.4223,46.5405,46.8345,529650
MSN,20170328,46.6385,46.6385,45.0708,45.0708,629870
MSN,20170329,45.0708,46.0506,44.9728,46.0506,514580
MSN,20170330,46.9324,46.9324,45.5607,45.5607,353180
MSN,20170331,45.3647,46.5405,45.3647,46.0996,329510
MSN,20170403,47.0256,47.1236,46.8297,46.9324,732940
MSN,20170404,47.0304,47.2264,46.2466,46.2466,495100
MSN,20170405,46.3398,46.5358,44.8703,44.9728,739530
MSN,20170407,44.9728,46.4425,44.287,46.3446,542000
MSN,20170410,46.1486,46.5405,45.5607,45.5607,137410
MSN,20170411,45.5607,45.5607,45.0708,45.1688,245780
MSN,20170412,45.5607,45.8546,44.091,44.8749,500100
MSN,20170413,44.336,45.2668,44.189,44.8259,234810
MSN,20170414,44.287,44.8259,43.895,44.5809,461510
MSN,20170417,44.5809,45.1688,43.1112,43.1112,342480
MSN,20170418,43.6011,45.0708,43.0132,45.0708,470370
MSN,20170419,45.0708,45.0708,44.091,44.8749,206820
MSN,20170420,44.8703,44.8703,43.9885,43.993,333220
MSN,20170421,44.7769,44.7769,44.091,44.091,256870
MSN,20170424,44.5764,44.5764,43.8906,44.4829,143750
MSN,20170425,44.7769,44.7769,44.287,44.5809,157940
MSN,20170426,44.4784,44.7723,44.3804,44.5319,145110
MSN,20170427,44.9238,44.9238,44.238,44.238,101180
MSN,20170428,44.0865,44.0865,43.3027,43.5521,522740
MSN,20170503,43.5521,43.6011,43.1112,43.4052,994200
MSN,20170504,42.7193,43.4051,42.6213,43.1112,472600
MSN,20170505,42.7193,43.1112,42.2294,42.2294,321530
MSN,20170508,42.0334,42.2784,41.7885,41.7885,435320
MSN,20170509,41.3923,42.1271,41.1474,41.5435,375470
MSN,20170510,41.5393,42.1271,41.5393,42.0334,349650
MSN,20170511,42.0334,42.0334,41.7885,41.8375,453120
MSN,20170512,41.7395,41.8865,41.6415,41.7395,430230
MSN,20170515,41.6415,41.8375,41.4455,41.7395,212110
MSN,20170516,41.6373,43.5967,41.6373,42.9642,572240
MSN,20170517,42.9642,43.3562,42.3274,42.6213,410490
MSN,20170518,42.1314,43.1112,42.1314,42.6213,377570
MSN,20170519,42.6213,42.8663,42.1314,42.1314,191520
MSN,20170522,42.4253,43.6011,42.1804,43.2092,403650
MSN,20170523,43.6991,44.189,42.8173,43.2092,591860
MSN,20170524,43.6011,43.6011,42.6213,42.6213,607770
MSN,20170525,42.6213,42.9152,41.6415,42.1314,962430
MSN,20170526,41.7395,42.9152,41.7395,41.9355,241540
MSN,20170529,41.9354,42.8173,41.9354,42.1314,416530
MSN,20170530,42.5723,42.5723,41.9354,41.9355,185060
MSN,20170531,42.1314,42.3274,41.7395,42.3274,482750
MSN,20170601,42.2251,43.0088,42.2251,43.0132,321750
MSN,20170602,43.0132,43.5031,42.3274,42.9153,349680
MSN,20170605,42.9152,43.4051,42.9152,43.4052,349640
MSN,20170606,43.6011,43.6011,43.1112,43.2092,130880
MSN,20170607,43.2092,43.2092,42.6213,42.6703,442790
MSN,20170608,42.6703,42.6703,42.1804,42.2294,398540
MSN,20170609,42.1314,42.6213,42.1314,42.3274,371540
MSN,20170612,42.2294,42.5723,42.1804,42.4254,207600
MSN,20170613,42.5233,42.5233,41.9354,42.1804,599300
MSN,20170614,42.4253,42.9152,42.2294,42.8173,133080
MSN,20170615,43.0088,43.0088,42.323,42.4743,405160
MSN,20170616,42.3764,42.3764,41.4455,41.4456,2488690
MSN,20170619,42.1314,42.7683,41.9354,42.7193,667880
MSN,20170620,42.7149,42.7149,42.0291,42.0334,610350
MSN,20170621,41.8375,41.8375,40.8577,41.1516,1348530
MSN,20170622,41.1516,41.4455,40.1718,40.7597,878550
MSN,20170623,40.7597,40.7597,40.1718,40.3188,904960
MSN,20170626,40.2208,41.3476,40.2208,41.3476,440840
MSN,20170627,41.2496,41.2496,40.6617,40.7597,661190
MSN,20170628,40.5637,40.8577,40.4657,40.7597,229120
MSN,20170629,41.0494,41.8332,41.0494,41.5435,761920
MSN,20170630,41.9354,41.9354,41.1516,41.1516,514910
MSN,20170703,41.0536,41.2496,40.6617,40.6617,389050
MSN,20170704,40.7555,40.7555,40.3636,40.5637,357420
MSN,20170705,40.6617,40.6617,40.3678,40.4658,438720
MSN,20170706,40.6576,40.6576,40.4616,40.6127,385200
MSN,20170707,40.6127,41.0046,40.4657,40.9067,731880
MSN,20170710,40.6617,40.8087,40.5637,40.6617,898440
MSN,20170711,40.6617,40.8087,40.4168,40.8087,340440
MSN,20170712,40.7555,40.8045,40.4616,40.6127,305600
MSN,20170713,40.7107,40.8577,40.1718,40.4658,888360
MSN,20170714,40.4657,40.7597,40.2698,40.6617,106840
MSN,20170717,40.6617,40.7107,39.094,39.8289,875490
MSN,20170718,39.388,40.1718,39.192,40.1718,687300
MSN,20170719,40.1718,40.3678,39.9758,40.1718,1169620
MSN,20170720,40.3188,40.3678,40.1718,40.3678,416160
MSN,20170721,40.3678,40.4168,40.2208,40.3678,1107560
MSN,20170724,40.3636,40.6086,40.1677,40.6127,486310
MSN,20170725,40.6617,40.7597,40.4168,40.7597,524020
MSN,20170726,40.6127,40.7597,40.3678,40.7107,686550
MSN,20170727,40.3678,40.7597,40.3678,40.6617,357380
MSN,20170728,40.7597,40.7597,40.6127,40.7597,293930
MSN,20170731,40.1718,41.9354,39.7799,41.9355,1053980
MSN,20170801,41.3433,41.8822,41.0494,41.5925,523200
MSN,20170802,41.5435,41.7395,41.3476,41.6415,471600
MSN,20170803,41.6415,41.7885,41.6415,41.7395,573590
MSN,20170804,41.2496,41.8865,41.2496,41.8865,506140
MSN,20170807,42.1314,42.1314,41.8375,41.8375,324280
MSN,20170808,41.7395,41.9354,41.6415,41.8375,253230
MSN,20170809,41.8375,41.9354,41.1516,41.1516,387090
MSN,20170810,41.1516,41.8375,41.1516,41.6415,399880
MSN,20170811,41.6415,41.8865,41.6415,41.8375,190790
MSN,20170814,41.4455,43.1112,41.2986,43.1112,752950
MSN,20170815,42.6213,43.3072,42.6213,43.2092,629860
MSN,20170816,43.0132,44.091,43.0132,43.6991,448900
MSN,20170817,43.8906,44.1845,43.4987,43.993,1177340
MSN,20170818,43.1112,44.042,43.1112,43.6991,575730
MSN,20170821,43.6011,44.189,43.6011,44.091,575380
MSN,20170822,44.287,44.4829,44.091,44.091,346450
MSN,20170823,44.091,44.6789,44.091,44.6789,297730
MSN,20170824,45.0218,45.1688,44.6789,45.0708,261840
MSN,20170825,45.0708,45.5607,45.0708,45.5607,217080
MSN,20170828,45.5607,46.0506,44.3849,46.0506,453010
MSN,20170829,45.0708,46.0996,44.287,44.287,726090
MSN,20170830,45.0708,45.9526,44.6789,45.8547,308170
MSN,20170831,46.1486,47.0304,45.9526,46.5405,489330
MSN,20170901,46.5405,47.5203,45.9036,47.2264,691700
MSN,20170905,47.2215,47.3195,46.6337,46.9324,959570
MSN,20170906,46.9324,48.0102,46.9324,47.0304,509030
MSN,20170907,47.5203,48.99,47.0794,48.99,887640
MSN,20170908,49.186,52.4193,49.186,52.1254,1259150
MSN,20170911,52.3213,55.7506,51.9294,52.4193,1861440
MSN,20170912,52.9092,54.3789,52.9092,53.987,1145230
MSN,20170913,54.6728,55.4567,52.9092,54.8688,621580
MSN,20170914,54.4769,55.8486,54.4769,55.1628,566010
MSN,20170915,55.1627,55.1627,53.3991,54.9668,1652830
MSN,20170918,54.9668,55.3587,54.085,55.1628,841840
MSN,20170919,54.2809,55.8486,54.2809,54.3789,508690
MSN,20170920,53.987,54.3789,52.7132,52.7133,567800
MSN,20170921,52.2233,52.5173,50.1658,50.1658,726040
MSN,20170922,49.8718,51.7334,49.8718,50.9496,647270
MSN,20170925,52.9092,53.889,52.6153,53.3991,581110
MSN,20170926,53.3937,54.7652,52.316,54.7708,382200
MSN,20170927,53.4916,54.0794,53.4916,53.791,325200
MSN,20170928,54.3789,54.5749,53.987,54.5749,532450
MSN,20170929,54.8688,55.9466,53.3991,53.987,465570
MSN,20171002,54.085,54.1829,53.3991,54.183,144920
MSN,20171003,53.6876,54.3734,53.0018,53.791,124800
MSN,20171004,53.1052,54.3789,52.9092,53.889,183890
MSN,20171005,53.889,56.7304,53.889,56.5345,586070
MSN,20171006,56.6324,56.6324,55.6526,55.9466,144570
MSN,20171009,56.3385,56.7304,55.4567,56.0446,287000
MSN,20171010,55.8486,56.3385,55.3587,56.0446,529580
MSN,20171011,55.8486,56.0446,54.4769,54.4769,173530
MSN,20171012,54.4769,56.1425,54.4769,56.1426,375410
MSN,20171013,56.1425,57.5143,55.1627,57.0244,341900
MSN,20171016,56.1425,57.0244,56.0446,56.1426,2834670
MSN,20171017,55.9466,56.1425,55.0648,55.0648,2651810
MSN,20171018,54.9668,55.8486,54.9668,55.5547,1563110
MSN,20171019,55.8486,55.8486,54.8688,54.8688,2887020
MSN,20171020,54.8688,55.3587,54.6728,55.3587,1605470
MSN,20171023,54.8688,55.2607,53.4971,54.8688,292140
MSN,20171024,54.8688,54.8688,53.987,54.8688,492650
MSN,20171025,54.1829,55.3587,54.1829,55.3587,213160
MSN,20171026,55.5547,56.0446,54.8688,56.0446,377350
MSN,20171027,55.9466,57.3183,55.5547,57.3183,347960
MSN,20171030,57.3183,58.788,57.1223,58.788,859390
MSN,20171031,58.788,58.886,55.8486,58.2981,766150
MSN,20171101,58.592,58.788,57.3183,58.788,502670
MSN,20171102,58.788,59.4739,58.788,58.886,846060
MSN,20171103,58.886,58.984,57.8082,58.984,557610
MSN,20171106,58.2981,59.7678,58.2001,58.984,639960
MSN,20171107,58.9779,58.9779,58.4881,58.69,462090
MSN,20171108,58.684,58.782,58.3901,58.69,384980
MSN,20171109,58.684,58.782,56.8226,58.2001,658890
MSN,20171110,58.886,58.984,57.8082,58.2981,251050
MSN,20171113,58.69,58.69,56.8284,57.8082,292440
MSN,20171114,57.7102,57.7102,56.3385,56.8284,369480
MSN,20171115,55.3587,56.8284,55.3587,55.3587,463660
MSN,20171116,54.9668,57.8082,53.987,57.8082,391640
MSN,20171117,56.7304,59.7678,55.8486,56.8284,542720
MSN,20171120,56.8284,58.4941,56.3385,57.9062,239070
MSN,20171121,57.9982,61.917,57.9003,61.1395,1291850
MSN,20171122,61.6294,63.491,61.6294,62.7072,2433610
MSN,20171123,63.687,65.1567,62.6092,62.7072,896830
MSN,20171124,62.5112,63.1971,61.7274,63.0012,987480
MSN,20171127,62.7072,66.6264,62.5112,66.6264,1327920
MSN,20171128,66.6264,68.586,64.6668,68.586,427210
MSN,20171129,68.586,68.8799,67.6062,68.586,823730
MSN,20171130,68.8799,69.4678,65.7446,65.7446,1358460
MSN,20171201,65.6466,67.9981,65.1567,67.1163,725370
MSN,20171204,68.586,68.586,67.4102,67.6062,1191000
MSN,20171205,67.5993,68.677,67.2074,67.5082,777070
MSN,20171206,67.5082,67.6062,64.6668,66.3325,1083900
MSN,20171207,67.2143,68.39,65.9405,67.6062,1561970
MSN,20171208,68.481,70.7343,68.0892,70.4476,1662030
MSN,20171211,70.5456,72.6032,70.0557,70.5456,1153430
MSN,20171212,71.5254,71.5254,66.0385,70.7416,1287240
MSN,20171213,69.1739,70.7416,69.0759,70.1537,812460
MSN,20171214,69.6638,71.6234,69.6638,71.6234,694180
MSN,20171215,70.5456,71.2315,70.2517,70.2517,3028190
MSN,20171218,70.5456,74.1709,70.5456,73.9749,960060
MSN,20171219,73.9749,75.0527,73.681,74.4648,1056800
MSN,20171220,73.9749,75.3466,73.583,74.5628,1074900
MSN,20171221,74.7587,75.1507,71.7214,71.7214,981850
MSN,20171222,72.8897,73.1836,70.5384,72.4072,1025600
MSN,20171225,71.6234,73.8769,71.5254,72.7012,207370
MSN,20171226,73.387,73.9749,72.7991,73.9749,403710
MSN,20171227,73.387,74.1709,73.289,73.485,517920
MSN,20171228,73.485,74.4648,72.9951,74.1709,377030
MSN,20171229,73.289,75.4446,73.289,75.1507,609680
MSN,20180102,75.4446,78.384,75.1507,78.384,533950
MSN,20180103,78.384,82.5971,78.384,80.8335,699510
MSN,20180104,80.2456,81.7153,79.8537,80.8335,749910
MSN,20180105,80.8335,83.283,80.1476,82.9891,553920
MSN,20180108,83.185,87.0062,81.9113,87.0063,567080
MSN,20180109,87.0062,88.7699,86.4184,88.182,517480
MSN,20180110,88.182,88.182,85.0466,85.2426,691140
MSN,20180111,83.9689,88.182,83.9689,88.182,650600
MSN,20180112,88.5739,91.6113,88.182,91.1214,513870
MSN,20180115,91.4153,91.8073,88.28,90.9255,880860
MSN,20180116,89.6426,90.9162,88.5649,90.5335,658030
MSN,20180117,90.6315,90.7295,88.378,88.378,334150
MSN,20180118,88.182,90.1416,85.7325,90.1416,494030
MSN,20180119,90.1416,90.3376,85.7325,85.7325,1281320
MSN,20180122,87.2022,91.6113,87.2022,90.6315,578810
MSN,20180125,91.1214,95.5305,91.1214,95.2366,1034850
MSN,20180126,95.3345,96.2164,93.179,95.5305,629310
MSN,20180129,95.5305,96.0204,92.2972,92.5911,363310
MSN,20180130,92.5911,92.885,88.182,88.9659,650630
MSN,20180131,88.9658,93.081,88.7699,90.2396,1082770
MSN,20180201,92.1012,92.1012,88.6719,90.2396,724810
MSN,20180202,90.1416,90.6315,84.9487,89.1618,669230
MSN,20180205,83.7729,85.2426,82.9891,82.9891,661070
MSN,20180206,84.2628,84.2628,77.2082,84.2628,1870880
MSN,20180207,84.2628,84.7527,81.3234,81.3234,566450
MSN,20180208,82.2052,84.6547,80.8335,83.283,471670
MSN,20180209,79.3638,81.3234,77.8941,80.5396,948340
MSN,20180212,82.3032,83.283,79.4618,83.283,997380
MSN,20180213,83.283,85.2426,83.283,83.8709,485920
MSN,20180221,83.8709,88.182,83.8709,87.6921,326210
MSN,20180222,86.2224,88.182,86.2224,86.2224,402290
MSN,20180223,87.2022,88.8679,86.3204,87.9861,653110
MSN,20180226,89.1527,91.1121,88.075,88.084,592570
MSN,20180227,89.6426,90.1324,88.5649,89.5537,567630
MSN,20180228,89.1618,90.6315,87.3982,87.3982,1152830
MSN,20180301,88.182,89.6517,87.4961,89.1618,686470
MSN,20180302,89.1618,91.3174,87.6921,89.6517,265490
MSN,20180305,91.1214,91.1214,89.1618,89.1618,704600
MSN,20180306,89.1618,89.7497,88.6719,88.6719,846740
MSN,20180307,88.7608,89.8385,88.5649,89.5537,1140920
MSN,20180308,89.5537,93.081,89.3578,92.1012,829830
MSN,20180309,93.081,94.0608,92.0032,92.1992,398400
MSN,20180312,93.277,93.7669,92.2972,93.277,191140
MSN,20180313,93.277,93.277,91.6113,93.081,263070
MSN,20180314,92.2972,93.4729,92.1012,92.1012,315590
MSN,20180315,93.081,93.081,91.1214,91.1214,456960
MSN,20180316,90.1416,92.2972,90.1416,90.1416,3685230
MSN,20180319,90.1416,92.3951,90.1416,92.3952,368790
MSN,20180320,92.7871,98.4699,92.3951,98.4699,981900
MSN,20180321,98.4699,101.3113,97.5881,100.3316,901320
MSN,20180322,100.4295,102.3891,100.4295,101.5073,772700
MSN,20180323,97.4901,100.9194,97.4901,99.9396,946780
MSN,20180326,99.9396,106.8962,98.8618,106.8962,1326670
MSN,20180327,108.7578,111.6972,106.7982,106.7982,969010
MSN,20180328,106.7982,108.1699,104.8386,108.17,450680
MSN,20180329,109.2477,109.7376,105.8184,107.2881,515400
MSN,20180330,106.7982,112.677,104.6426,111.2073,625160
MSN,20180402,110.7174,115.6164,110.7174,112.2851,1034570
MSN,20180403,112.677,112.677,109.5416,110.7174,930340
MSN,20180404,110.7174,112.579,107.778,107.778,1266330
MSN,20180405,109.7376,110.5214,106.7982,107.2881,616480
MSN,20180406,107.2881,109.7376,102.879,104.6427,880100
MSN,20180409,102.879,107.582,99.9396,104.8386,1642750
MSN,20180410,106.7982,106.7982,101.9972,102.879,813040
MSN,20180411,102.879,104.3487,96.0204,96.0204,1688700
MSN,20180412,96.0204,100.7234,95.0406,99.9396,755630
MSN,20180413,99.9396,101.2133,97.98,100.4295,706610
MSN,20180416,101.8992,104.6426,101.4093,102.1932,859880
MSN,20180417,103.8588,103.8588,101.4093,101.8992,657510
MSN,20180418,101.8992,102.879,97.0982,97.98,1088500
MSN,20180419,97.98,97.98,91.1214,91.1214,2133260
MSN,20180420,88.6719,94.2568,85.0466,94.2568,2402060
MSN,20180423,93.081,96.0204,92.1012,93.081,1490560
MSN,20180424,93.081,94.0608,87.2022,93.8649,1408180
MSN,20180426,93.081,93.081,87.3002,87.3982,1445210
MSN,20180427,85.5365,91.1214,85.2426,89.9457,747000
MSN,20180502,91.504,91.7979,89.9365,91.5133,896400
MSN,20180503,91.5133,91.6113,89.6517,90.1416,1148110
MSN,20180504,90.1416,92.0032,88.7699,89.6517,390810
MSN,20180507,89.6517,95.0406,89.1618,94.5507,687860
MSN,20180508,94.5507,96.5103,91.2194,95.0406,877860
MSN,20180509,95.0406,96.0204,92.5911,93.081,931950
MSN,20180510,93.081,94.5507,90.1416,92.1012,623530
MSN,20180511,92.0918,92.8756,90.6223,92.0032,318610
MSN,20180514,92.5911,96.5103,91.6113,96.0204,722620
MSN,20180515,97.0002,97.3921,94.0608,94.2568,738890
MSN,20180516,94.2471,94.2471,90.7202,91.0234,461650
MSN,20180517,90.8275,92.0032,85.2426,85.2426,1142920
MSN,20180518,86.2224,90.6315,85.7325,90.6315,885640
MSN,20180521,90.6315,91.6113,87.2022,87.2022,495850
MSN,20180522,86.2224,88.084,81.1274,83.283,1126390
MSN,20180523,81.5194,83.479,81.3234,83.283,1419580
MSN,20180524,83.283,83.5769,81.3234,82.7931,1053550
MSN,20180525,82.3032,82.7931,80.8335,81.8133,776710
MSN,20180528,79.8537,80.8335,76.1305,78.384,1572560
MSN,20180529,76.4244,80.8335,73.9749,78.384,1174770
MSN,20180530,78.384,79.8537,75.6406,78.384,1337530
MSN,20180531,77.4042,82.7931,77.4042,79.3638,1464880
MSN,20180601,80.3354,82.1968,79.3557,82.2052,1027420
MSN,20180604,83.185,83.185,81.9113,82.4992,1033490
MSN,20180605,82.4907,85.038,82.3928,83.6749,2036740
MSN,20180606,83.6749,83.7729,82.7931,83.7729,1170840
MSN,20180607,84.6547,87.5941,84.2628,85.5366,1148300
MSN,20180608,85.5365,86.0264,83.8709,84.2628,672840
MSN,20180611,84.2628,84.9487,83.283,83.283,881240
MSN,20180612,82.2948,82.2948,77.8862,80.7355,1388340
MSN,20180613,81.3234,81.9113,80.7355,81.8133,665420
MSN,20180614,82.7931,83.5769,81.4214,82.7931,754200
MSN,20180615,82.2052,83.283,81.4214,83.283,1125470
MSN,20180618,82.3032,83.283,79.8537,82.3032,825840
MSN,20180619,80.3436,80.3436,77.4042,78.384,1502690
MSN,20180620,78.384,80.2456,76.4244,79.3638,986430
MSN,20180621,79.3638,79.7557,78.0901,79.3638,609310
MSN,20180622,79.3638,79.3638,77.5022,79.3638,606920
MSN,20180625,81.8133,81.8133,79.8537,81.3234,458160
MSN,20180626,80.8335,80.8335,79.2658,80.8335,258540
MSN,20180627,80.8335,81.3234,78.384,79.3638,418190
MSN,20180628,78.384,79.2658,75.4446,77.4042,810880
MSN,20180629,75.6406,77.8941,75.6406,77.4042,683730
MSN,20180702,75.8365,77.3062,72.0153,74.4648,1503790
MSN,20180703,74.4648,74.9547,70.6436,72.5052,1224710
MSN,20180704,71.5254,73.0931,69.5658,72.6032,967410
MSN,20180705,71.714,72.5958,70.3425,72.4072,1268230
MSN,20180706,70.3496,72.6032,69.6638,72.5052,1494750
MSN,20180709,72.5052,74.4648,71.6234,72.7012,414980
MSN,20180710,72.5052,73.387,72.4072,72.7012,495930
MSN,20180711,72.5052,72.7012,71.1335,72.5052,962210
MSN,20180712,72.5052,72.5052,71.1335,72.5052,521530
MSN,20180713,72.4978,73.8694,72.008,73.387,453210
MSN,20180716,72.9951,73.681,72.4072,72.7012,1011680
MSN,20180717,71.8193,72.9951,71.8193,72.9951,549360
MSN,20180718,72.9951,75.4446,72.7012,74.4648,1230190
MSN,20180719,75.4446,78.8739,75.2486,77.5022,761010
MSN,20180720,77.5022,78.384,76.5224,77.5022,766990
MSN,20180723,77.5022,79.5598,77.0123,77.5022,1161850
MSN,20180724,77.5022,79.5598,76.6204,78.8739,1009400
MSN,20180725,78.8739,82.3032,78.286,79.3638,935280
MSN,20180726,80.2456,80.4416,78.384,79.3638,433810
MSN,20180727,79.1678,79.8537,78.286,79.6578,525860
MSN,20180730,80.1395,80.1395,78.376,79.7557,515970
MSN,20180731,79.3638,82.8911,79.3638,82.4992,910850
MSN,20180801,82.7931,82.7931,81.0295,82.4992,299790
MSN,20180802,82.4992,83.087,81.7153,82.4992,491440
MSN,20180803,83.381,83.479,82.4992,83.283,478550
MSN,20180806,83.2745,86.6055,82.7847,85.6345,636030
MSN,20180807,85.6345,88.7699,85.2426,88.182,675440
MSN,20180808,88.182,88.182,86.7123,88.182,405530
MSN,20180809,88.173,89.0547,87.0953,88.084,333290
MSN,20180810,86.9083,87.6921,86.0264,87.2022,886180
MSN,20180813,86.5075,89.9365,86.1156,89.0638,744800
MSN,20180814,89.0638,91.6113,88.084,91.6113,597970
MSN,20180815,91.6113,91.9052,89.6517,89.6517,322230
MSN,20180816,88.28,89.2598,86.8103,88.182,519730
MSN,20180817,88.9658,89.4557,87.6921,87.7901,356510
MSN,20180820,88.6629,88.6629,87.4872,88.084,256130
MSN,20180821,88.9658,89.9456,88.182,88.476,292260
MSN,20180822,88.9658,90.4355,88.6719,90.1416,361550
MSN,20180823,90.9254,91.0234,89.3578,89.3578,269120
MSN,20180824,89.3578,90.1416,88.7699,88.7699,466910
MSN,20180827,88.7699,89.9456,88.6719,89.3578,317350
MSN,20180828,90.1324,90.1324,89.1527,89.5537,315060
MSN,20180829,90.1416,91.3174,89.1618,89.1618,760740
MSN,20180830,90.1416,95.0406,89.6517,95.0406,743980
MSN,20180831,93.6689,95.2366,92.885,93.081,749680
MSN,20180904,93.081,94.3547,92.1012,92.1012,822140
MSN,20180905,91.8073,92.6891,90.7295,91.1214,541780
MSN,20180906,91.1214,93.5709,91.0234,92.8851,501250
MSN,20180907,92.3951,93.081,91.7093,93.081,218340
MSN,20180910,92.1992,93.081,89.6517,89.6517,392730
MSN,20180911,90.1416,90.7295,88.182,90.6315,499990
MSN,20180912,91.7093,92.5911,90.7295,90.7295,314160
MSN,20180913,89.8385,92.0918,89.8385,90.5335,241210
MSN,20180914,90.5335,90.5335,89.6517,89.7497,422950
MSN,20180917,89.2598,89.7497,87.1042,89.7497,490340
MSN,20180918,89.6517,89.6517,87.3002,88.28,280760
MSN,20180919,90.1416,91.1214,89.1618,89.3578,447450
MSN,20180920,89.6517,90.8275,89.6517,90.6315,637980
MSN,20180921,90.6315,92.7871,89.1618,89.1618,3712030
MSN,20180924,91.1214,93.081,91.0234,92.5911,558170
MSN,20180925,92.4837,93.9532,91.9938,92.4931,289760
MSN,20180926,91.6113,92.2972,91.4153,91.6113,659600
MSN,20180927,91.6113,92.1012,90.1416,90.6315,442950
MSN,20180928,91.5133,91.5133,89.6517,90.9255,686950
MSN,20181001,90.9162,91.9938,89.7405,92.0032,1291940
MSN,20181002,92.0032,92.1992,88.7699,92.1012,2307220
MSN,20181003,91.6113,91.8073,90.6315,91.3174,604560
MSN,20181004,91.406,91.9938,90.9162,92.0032,1441430
MSN,20181005,91.9052,91.9052,89.0638,89.1618,1591190
MSN,20181008,88.5739,89.1618,85.8305,87.9861,1958530
MSN,20181009,87.986,88.182,86.2224,86.2224,669990
MSN,20181010,86.2224,86.2224,82.7931,82.7931,1323520
MSN,20181011,77.0123,80.2456,77.0123,77.0123,2375010
MSN,20181012,73.8769,79.6577,73.8769,79.6578,1444630
MSN,20181015,79.3638,79.3638,76.4244,76.9143,1242460
MSN,20181016,76.8163,77.6002,75.9345,77.0123,851250
MSN,20181017,79.3638,80.1476,77.8941,79.3638,993370
MSN,20181018,79.3638,79.6577,78.188,78.58,644320
MSN,20181019,77.5022,79.3638,76.9143,79.3638,1119580
MSN,20181022,79.3638,79.7557,77.6002,77.6002,551610
MSN,20181023,77.4042,77.4042,73.583,75.9345,1943490
MSN,20181024,74.5628,75.8365,72.7012,73.485,1772610
MSN,20181025,69.5658,75.9345,69.5658,75.9345,2117680
MSN,20181026,75.4446,75.8365,74.7587,74.9547,785650
MSN,20181029,73.485,75.0527,73.1911,74.9547,728550
MSN,20181030,73.7789,77.1103,73.681,76.4244,819270
MSN,20181031,77.4042,81.3234,76.9143,81.3234,1008000
MSN,20181101,80.8335,81.9113,79.5598,80.3436,831090
MSN,20181102,81.0295,82.7931,80.3436,82.7931,993240
MSN,20181105,81.0295,83.479,81.0295,83.479,536740
MSN,20181106,84.4588,85.2426,82.3032,82.3032,995460
MSN,20181107,82.7931,83.6749,82.0093,82.9891,892740
MSN,20181108,83.283,84.2628,82.3032,82.7931,145850
MSN,20181109,82.3032,82.7931,81.0295,82.5972,577220
MSN,20181112,81.4214,82.4992,80.7355,81.9113,241050
MSN,20181113,80.3436,80.4416,77.4042,77.4042,576150
MSN,20181114,77.5022,78.9719,75.4446,77.4042,331450
MSN,20181115,78.1801,78.278,76.8085,77.7961,383880
MSN,20181116,79.2658,79.2658,77.4042,77.9921,399900
MSN,20181119,77.9921,80.3436,77.9921,80.1477,260240
MSN,20181120,79.5598,80.7355,79.5598,80.1477,334090
MSN,20181121,78.384,79.8537,78.384,79.5598,282090
MSN,20181122,79.5598,80.8335,79.3638,80.3436,551990
MSN,20181123,80.3436,80.6375,79.8537,79.9517,450020
MSN,20181126,79.9517,80.6375,79.5598,80.4416,349670
MSN,20181127,80.4416,81.3234,80.2456,80.3436,420980
MSN,20181128,79.9517,80.3436,79.3638,79.6578,323700
MSN,20181129,80.8335,80.8335,79.3638,79.3638,359660
MSN,20181130,79.3638,79.7557,77.8941,78.384,644810
MSN,20181203,79.8537,80.7355,79.6577,80.5396,739700
MSN,20181204,80.8335,82.7931,80.7355,82.4012,1138470
MSN,20181205,81.8133,82.4012,80.8335,82.4012,642600
MSN,20181206,82.3032,83.5769,81.8133,82.1073,629700
MSN,20181207,82.3032,83.6749,82.3032,82.8911,811580
MSN,20181210,82.7931,84.2628,82.4012,83.8709,485360
MSN,20181211,83.4704,84.3522,83.4704,84.1648,646530
MSN,20181212,84.1648,85.2426,83.479,85.2426,377650
MSN,20181213,86.2224,86.4184,85.0466,85.3406,630690
MSN,20181214,85.6345,85.6345,83.7729,83.7729,367370
MSN,20181217,82.4992,83.6749,80.3436,80.3436,605910
MSN,20181218,78.6779,79.7557,78.6779,79.5598,595370
MSN,20181219,79.4618,80.6375,79.3638,79.8537,325700
MSN,20181220,79.3638,80.3436,79.3638,79.3638,337360
MSN,20181221,79.1678,80.2456,77.0123,77.0123,2407240
MSN,20181224,78.384,79.2658,77.4042,77.4042,379150
MSN,20181225,77.3062,78.7759,76.3264,78.384,562070
MSN,20181226,78.384,78.58,77.4042,77.4042,577200
MSN,20181227,78.384,78.8739,77.4042,77.4042,425950
MSN,20181228,77.7961,78.384,75.9345,75.9345,546000
MSN,20190102,77.0123,77.3062,76.6204,77.0123,433670
MSN,20190103,77.3062,77.3062,76.0325,76.4244,565640
MSN,20190104,75.4446,75.9345,73.9749,74.6608,463070
MSN,20190107,76.5224,76.9143,75.6406,76.6204,336380
MSN,20190108,76.6204,77.5022,76.5224,77.4042,279810
MSN,20190109,77.4042,78.188,77.3062,77.4042,339530
MSN,20190110,77.4042,79.4618,77.4042,78.58,450900
MSN,20190111,78.6779,79.5598,78.384,79.0699,452300
MSN,20190114,79.0699,79.6577,78.6779,78.8739,268810
MSN,20190115,78.9638,80.3354,78.7679,80.2456,403800
MSN,20190116,79.7476,80.9232,79.7476,79.7557,483100
MSN,20190117,79.6577,80.4416,78.58,78.58,320060
MSN,20190118,78.58,79.7557,78.58,79.3638,359080
MSN,20190121,79.3638,79.6577,78.9719,79.1679,266000
MSN,20190122,79.1678,79.2658,78.482,78.482,115780
MSN,20190123,78.482,78.482,76.4244,76.4244,707690
MSN,20190124,77.1103,77.3062,75.9345,76.4244,435690
MSN,20190125,76.4244,77.0123,76.2284,76.7184,677540
MSN,20190128,76.7183,77.6981,76.7183,77.5022,749070
MSN,20190129,78.384,78.384,77.6002,77.8941,604480
MSN,20190130,77.5022,77.9921,77.5022,77.5022,591400
MSN,20190131,77.7961,77.9921,76.1305,76.1305,721900
MSN,20190201,76.4166,77.0044,75.9268,76.8163,679540
MSN,20190211,78.286,80.5396,78.188,78.58,1094450
MSN,20190212,79.8537,81.3234,79.1678,80.6376,1032810
MSN,20190213,80.6293,84.1562,80.6293,84.1648,1361490
MSN,20190214,84.1648,84.6547,82.3032,84.2628,1451830
MSN,20190215,84.0668,84.0668,82.8911,82.9891,779850
MSN,20190218,83.2745,83.7644,83.1765,83.6749,659240
MSN,20190219,83.381,84.8507,83.381,84.7527,1121720
MSN,20190220,84.2628,84.6547,84.0668,84.2628,1131460
MSN,20190221,84.5567,88.084,84.5567,87.8881,2224960
MSN,20190222,88.075,89.1527,86.6055,86.6143,1234210
MSN,20190225,90.1416,90.1416,88.6719,89.3578,1139980
MSN,20190226,89.1618,89.3578,86.6143,88.182,902730
MSN,20190227,88.271,89.0547,87.9771,88.084,788910
MSN,20190228,88.075,88.075,86.7035,87.1042,835220
MSN,20190301,87.2022,87.3982,86.4184,87.2022,683440
MSN,20190304,87.3002,89.5537,87.2022,87.6921,1284390
MSN,20190305,87.6832,89.0547,87.4872,87.5941,772090
MSN,20190306,88.182,88.378,87.4961,88.182,695520
MSN,20190307,88.8679,89.1618,87.986,88.182,947510
MSN,20190308,87.3002,88.182,86.7123,87.9861,469730
MSN,20190311,86.3204,87.8881,86.3204,87.7901,602350
MSN,20190312,87.7901,88.182,86.3204,86.7123,653990
MSN,20190313,86.7123,87.6921,86.7123,87.2022,1014640
MSN,20190314,87.2022,87.4961,86.8103,86.8103,201760
MSN,20190315,86.8103,87.2022,83.5769,84.7527,1372560
MSN,20190318,84.7527,85.8305,83.087,85.0467,766250
MSN,20190319,85.5365,85.5365,84.2628,85.2426,442460
MSN,20190320,83.479,84.4588,82.3032,83.283,591560
MSN,20190321,83.381,83.6749,82.5971,83.283,665060
MSN,20190322,83.185,83.5769,82.7931,82.7931,759190
MSN,20190325,81.3234,82.0093,80.4416,80.5396,488150
MSN,20190326,80.5396,82.3032,80.5396,81.4214,488320
MSN,20190327,81.4214,83.479,81.4214,83.283,455910
MSN,20190328,83.283,83.283,82.4992,83.283,395730
MSN,20190329,83.283,85.1446,82.5971,82.5972,756010
MSN,20190401,83.8709,86.2224,83.479,86.2224,515710
MSN,20190402,86.5163,86.8103,84.5567,86.3204,393200
MSN,20190403,86.3204,86.3204,85.2426,85.9285,303680
MSN,20190404,85.3406,86.3204,85.3406,86.0265,336280
MSN,20190405,86.0264,87.0062,86.0264,86.5164,231110
MSN,20190408,86.2224,86.7123,84.0668,86.5164,582440
MSN,20190409,86.9083,86.9083,85.2426,85.7325,280380
MSN,20190410,83.479,85.2426,83.479,84.9487,292050
MSN,20190411,84.9487,86.2224,84.9487,85.9285,188220
MSN,20190412,86.0264,86.3204,85.2426,86.0265,95630
MSN,20190416,84.2628,86.3204,83.6749,86.0265,290800
MSN,20190417,86.0264,86.3204,85.2426,86.2224,730310
MSN,20190418,84.3608,86.1244,84.2628,84.2628,407720
MSN,20190419,84.2628,86.2224,84.2628,85.8305,57480
MSN,20190422,85.8217,86.2136,85.7238,86.1244,292240
MSN,20190423,85.3319,86.2136,85.3319,86.1244,338520
MSN,20190424,84.8507,86.3204,84.8507,86.2224,573510
MSN,20190425,86.2136,86.2136,85.3319,85.6345,271410
MSN,20190426,85.2339,85.6258,84.6461,85.1446,284150
MSN,20190502,85.2426,86.7123,84.7527,86.7123,678660
MSN,20190503,86.9083,88.5739,85.5365,86.8103,868120
MSN,20190506,86.6143,86.6143,84.7527,85.2426,90180
MSN,20190507,85.2339,86.8994,85.2339,86.1244,337420
MSN,20190508,85.2426,86.7123,85.2426,86.0265,509850
MSN,20190509,86.0264,86.4184,85.7325,85.9285,221500
MSN,20190510,85.3406,86.5163,85.3406,85.7325,189070
MSN,20190513,85.7325,86.1244,84.9487,84.9487,291940
MSN,20190514,82.4012,86.0264,82.4012,84.7527,327800
MSN,20190515,84.7527,86.7123,84.7527,86.0265,202520
MSN,20190516,86.0264,86.5163,85.2426,85.2426,359320
MSN,20190517,84.4588,86.0264,84.4588,84.7527,419260
MSN,20190520,84.8507,86.4184,84.7527,86.2224,396980
MSN,20190521,86.2224,89.7497,86.2224,89.4558,976350
MSN,20190522,88.182,89.7497,87.986,88.182,436560
MSN,20190523,87.986,88.9658,87.2022,88.182,254800
MSN,20190524,88.182,88.6719,85.4386,85.4386,687440
MSN,20190527,85.3319,86.9974,85.3319,86.6143,353840
MSN,20190528,86.2224,86.7123,84.7527,85.2426,642340
MSN,20190529,84.8507,85.9285,84.7527,85.5366,313820
MSN,20190530,85.5365,86.0264,83.7729,83.7729,309190
MSN,20190531,83.8709,85.0466,83.8709,84.0669,463440
MSN,20190603,84.0668,84.6547,83.283,83.283,381730
MSN,20190604,83.283,83.8709,81.8133,83.283,326580
MSN,20190605,84.1648,84.1648,83.283,83.283,214360
MSN,20190606,82.8911,83.7729,82.8911,83.479,254610
MSN,20190607,83.7729,85.1446,83.283,84.2628,293020
MSN,20190610,85.2426,85.2426,83.8709,84.9487,435320
MSN,20190611,84.9487,85.0466,84.2628,84.2628,226860
MSN,20190612,84.7527,84.7527,83.283,83.283,209690
MSN,20190613,83.283,84.4588,82.5971,82.7931,111480
MSN,20190614,83.283,83.283,81.9113,82.4992,248270
MSN,20190617,81.6173,83.087,81.3234,81.8133,334140
MSN,20190618,81.7153,82.0093,79.9517,80.3436,471770
MSN,20190619,81.1274,81.7153,80.3436,81.1275,267320
MSN,20190620,80.8335,82.7931,80.6375,80.8335,313420
MSN,20190621,80.8335,82.3032,80.7355,82.3032,739810
MSN,20190624,82.3032,83.7729,76.6204,82.4012,292000
MSN,20190625,82.3032,82.9891,82.3032,82.3032,246500
MSN,20190626,83.7729,83.7729,82.1072,83.7729,273640
MSN,20190627,80.3436,83.8709,80.3436,80.3436,598870
MSN,20190628,81.3234,81.3234,79.8537,81.3234,513210
MSN,20190701,83.8709,83.8709,82.2052,83.8709,329720
MSN,20190702,82.8911,83.8709,82.8911,82.8911,143850
MSN,20190703,82.8911,83.185,81.5194,82.7931,391950
MSN,20190704,82.8911,83.479,82.5971,83.479,305720
MSN,20190705,83.185,83.479,82.4992,83.283,96600
MSN,20190708,82.4012,82.9891,81.8133,82.7931,395430
MSN,20190709,82.3032,82.7931,82.2052,82.4992,195010
MSN,20190710,82.4992,82.8911,82.1072,82.4992,271130
MSN,20190711,82.4992,82.7931,80.8335,80.8335,585230
MSN,20190712,80.8335,82.1072,79.8537,79.8537,447220
MSN,20190715,80.8253,79.8456,77.7882,78.286,679300
MSN,20190716,78.376,79.2577,78.376,78.7759,275440
MSN,20190717,79.0699,79.0699,77.8941,78.1881,543700
MSN,20190718,77.3062,78.384,73.485,74.2689,1683640
MSN,20190719,74.4648,76.2284,74.2688,76.1305,512090
MSN,20190722,76.1305,78.286,76.1305,77.6002,473610
MSN,20190723,76.6204,78.0901,76.4244,77.9921,756340
MSN,20190724,78.286,79.2658,77.9921,79.0699,523110
MSN,20190725,78.6779,79.6577,78.286,79.1679,322150
MSN,20190726,79.1598,79.2577,78.278,79.2658,342240
MSN,20190729,79.0699,79.3638,78.482,79.3638,354020
MSN,20190730,79.3557,79.4537,78.278,78.286,345050
MSN,20190731,77.4042,78.384,77.0123,78.384,691960
MSN,20190801,78.384,79.0699,78.286,78.482,367740
MSN,20190802,77.4042,78.384,77.4042,77.4042,328940
MSN,20190805,76.6204,77.4042,75.2486,75.2487,794840
MSN,20190806,74.9547,75.0527,73.1911,73.485,1021670
MSN,20190807,74.9547,74.8567,72.1133,73.2891,890330
MSN,20190808,72.1133,73.289,71.3294,73.2891,800350
MSN,20190809,73.387,74.8567,73.387,74.5628,459400
MSN,20190812,74.4648,74.9547,73.9749,74.4648,258890
MSN,20190813,74.4648,74.4648,73.387,74.0729,352420
MSN,20190814,74.9547,74.9547,74.0729,74.0729,432980
MSN,20190815,73.583,74.5628,73.0931,74.5628,487060
MSN,20190816,73.681,75.9345,73.681,75.4446,405510
MSN,20190819,75.4446,75.9345,75.2486,75.5426,291070
MSN,20190820,75.4446,75.4446,74.4648,74.6608,258670
MSN,20190821,74.0729,75.7385,74.0729,75.4446,398000
MSN,20190822,75.4446,76.4244,74.9547,76.4244,398850
MSN,20190823,76.7183,76.7183,75.4446,75.4446,134130
MSN,20190826,74.4648,74.9547,73.681,74.4648,408280
MSN,20190827,74.4648,74.9547,73.485,73.485,363230
MSN,20190828,73.485,74.2688,73.0931,73.2891,267990
MSN,20190829,73.289,73.9749,73.289,73.485,194630
MSN,20190830,73.4775,74.2613,73.3795,73.8769,181410
MSN,20190903,73.8769,73.8769,72.5052,72.5052,290930
MSN,20190904,73.8769,73.9749,72.5052,73.485,255700
MSN,20190905,73.485,73.681,72.3092,72.9951,305580
MSN,20190906,72.9951,73.485,72.5052,72.5052,242520
MSN,20190909,72.9951,73.289,72.2113,72.5052,267130
MSN,20190910,72.5052,74.8567,72.5052,74.5628,420710
MSN,20190911,74.6608,76.6204,74.5628,76.4244,569250
MSN,20190912,76.4244,76.4244,75.2486,75.2487,291870
MSN,20190913,74.6608,75.1507,74.3668,74.9547,432610
MSN,20190916,74.6608,76.4244,74.9547,76.2285,333720
MSN,20190917,74.6608,77.9921,76.2284,77.8941,604250
MSN,20190918,74.6531,79.2577,77.3963,79.2658,906280
MSN,20190919,79.2658,79.3638,78.188,78.58,548790
MSN,20190920,78.482,78.58,77.5022,78.58,816210
MSN,20190923,78.58,79.2658,78.286,78.384,485650
MSN,20190924,78.286,78.286,76.8163,77.4042,561260
MSN,20190925,77.4042,77.6002,77.0123,77.4042,257150
MSN,20190926,77.2082,77.4042,76.7183,76.9143,220020
MSN,20190927,77.3963,78.278,77.1024,77.7961,570790
MSN,20190930,77.7961,77.8941,76.9143,76.9143,562880
MSN,20191001,77.4042,77.5022,76.5224,77.2083,246870
MSN,20191002,77.4042,77.4042,75.4446,75.4446,700310
MSN,20191003,75.4446,76.4244,74.8567,76.4244,390570
MSN,20191004,76.4166,76.9065,75.5349,75.8365,165650
MSN,20191007,75.8365,76.1305,74.9547,74.9547,357580
MSN,20191008,75.241,75.9268,75.045,75.3466,258070
MSN,20191009,75.3466,75.6406,75.0527,75.4446,223030
MSN,20191010,75.4446,75.9345,75.1507,75.4446,417560
MSN,20191011,75.7385,75.8365,75.2486,75.4446,560570
MSN,20191014,75.6406,75.8365,75.0527,75.0527,199640
MSN,20191015,75.0527,77.1103,75.0527,76.6204,411850
MSN,20191016,76.9143,76.9143,76.2284,76.2285,323340
MSN,20191017,76.2284,76.4244,75.4446,75.4446,818380
MSN,20191018,75.4446,75.9345,74.4648,74.4648,448610
MSN,20191021,74.4648,74.4648,73.1911,73.485,769240
MSN,20191022,73.4775,73.8694,72.5958,72.8971,431650
MSN,20191023,72.9951,74.4648,72.9951,74.2689,387600
MSN,20191024,74.4648,74.4648,73.681,74.0729,272770
MSN,20191025,74.0729,74.0729,72.9951,73.0931,479400
MSN,20191028,73.1911,73.485,72.9951,72.9951,502510
MSN,20191029,72.9951,73.387,72.5052,72.5052,483230
MSN,20191030,73.0931,73.289,72.3092,72.5052,638330
MSN,20191031,73.485,73.7789,72.3092,72.7012,908640
MSN,20191101,72.9951,74.4648,72.9951,74.1709,1597000
MSN,20191104,74.6608,75.5426,74.6608,74.7588,890560
MSN,20191105,74.7587,74.8567,74.0729,74.4648,764730
MSN,20191106,74.3668,75.1507,74.3668,74.4648,537760
MSN,20191107,74.4648,74.9547,74.1709,74.9547,431590
MSN,20191108,75.6406,75.8365,75.0527,75.2487,586260
MSN,20191111,75.1507,75.1507,72.9951,72.9951,1140280
MSN,20191112,73.0931,73.681,72.9951,73.485,399080
MSN,20191113,73.681,73.681,72.7991,72.7992,645910
MSN,20191114,72.8971,73.7789,72.8971,73.681,477280
MSN,20191115,73.681,73.681,72.9951,72.9951,275160
MSN,20191118,73.4775,73.4775,72.8897,72.8971,222090
MSN,20191119,72.9951,73.387,72.4072,72.5052,542900
MSN,20191120,72.5052,72.9951,72.1133,72.1133,283120
MSN,20191121,71.5254,72.3092,70.0557,70.0557,843260
MSN,20191122,71.1335,71.4274,68.488,69.0759,797010
MSN,20191125,69.1739,70.1537,69.0759,70.0557,311430
MSN,20191126,70.3496,71.1335,70.0557,70.0557,561680
MSN,20191127,70.0557,70.5456,69.4678,69.5658,213600
MSN,20191128,69.1739,69.5658,67.2143,68.0961,608710
MSN,20191129,68.0961,68.9779,67.5082,68.586,302310
MSN,20191202,69.0759,69.0759,67.6062,67.6062,273550
MSN,20191203,67.3123,67.7042,62.9032,62.9032,2271640
MSN,20191204,62.8052,62.9032,58.69,61.2375,5523420
MSN,20191205,61.2375,61.2375,59.2779,60.7476,1458980
MSN,20191206,60.2577,62.4133,60.0617,61.2375,1617700
MSN,20191209,61.0415,61.1395,59.0819,59.2779,1422780
MSN,20191210,59.2779,59.6698,55.4567,55.4567,2722140
MSN,20191211,55.0648,56.3385,53.3011,54.5749,2330190
MSN,20191212,54.8688,57.6122,54.8688,57.3183,1874500
MSN,20191213,57.8082,58.2001,55.8486,56.8284,1736100
MSN,20191216,56.1425,56.6324,55.5547,55.5547,1297380
MSN,20191217,55.6526,55.7506,54.5749,54.9668,1132900
MSN,20191218,54.8632,55.8429,53.8835,55.2607,1110730
MSN,20191219,54.8688,55.2607,54.3789,54.4769,831960
MSN,20191220,54.4769,54.5749,53.4971,53.889,1799670
MSN,20191223,54.4769,54.7708,50.5577,50.5577,2225100
MSN,20191224,50.6557,53.5951,49.186,53.3991,1401890
MSN,20191225,53.693,55.0648,53.3991,54.5749,1310750
MSN,20191226,53.889,56.9264,53.791,55.8486,1900250
MSN,20191227,55.3531,56.2348,54.8632,55.7506,629490
MSN,20191230,55.8486,56.8284,55.6526,55.9466,887370
MSN,20191231,55.9466,56.1425,54.7708,55.3587,695750
MSN,20200102,55.7506,56.2405,55.1627,55.8486,518870
MSN,20200103,56.0446,56.5345,55.6526,56.3385,777690
MSN,20200106,56.3385,56.3385,55.4567,55.4567,582020
MSN,20200107,55.6526,56.1425,55.5547,55.6527,319680
MSN,20200108,55.0648,55.3587,54.4769,54.8688,737690
MSN,20200109,55.4567,56.0446,55.3587,55.8486,505680
MSN,20200110,55.8486,56.5345,55.3587,55.3587,524930
MSN,20200113,55.4567,55.9466,55.2607,55.8486,413810
MSN,20200114,55.8486,56.1425,55.4567,55.4567,349410
MSN,20200115,55.8486,55.8486,54.8688,55.3587,373290
MSN,20200116,55.3587,55.7506,55.0648,55.0648,290210
MSN,20200117,54.9668,55.2607,53.889,53.889,496940
MSN,20200120,53.889,53.987,51.9294,53.2032,541490
MSN,20200121,53.2031,53.791,53.0072,53.3991,369330
MSN,20200122,53.0997,53.4916,52.218,52.3213,540210
MSN,20200130,51.9294,51.9294,48.99,49.088,1591110
MSN,20200131,48.99,50.6557,48.99,49.088,791350
MSN,20200203,48.99,48.99,45.6587,48.99,1290570
MSN,20200204,49.088,49.9698,48.5001,48.99,744900
MSN,20200205,49.4799,49.4799,48.2062,48.99,750710
MSN,20200206,48.936,48.936,46.5358,48.892,2389970
MSN,20200207,48.7891,48.887,47.8094,48.892,932290
MSN,20200210,48.887,48.887,47.8094,48.892,600280
MSN,20200211,48.2012,50.6505,48.2012,48.892,2081860
MSN,20200212,48.99,49.6759,48.99,49.4799,804720
MSN,20200213,49.6759,49.8718,49.088,49.186,547970
MSN,20200214,49.186,49.186,48.4511,48.7941,1120310
MSN,20200217,48.794,48.794,47.9612,48.6961,1492320
MSN,20200218,48.2062,48.6961,48.2062,48.6961,591220
MSN,20200219,48.5931,50.6505,48.5931,49.3819,1818680
MSN,20200220,49.8718,50.3617,49.3819,50.0678,1365480
MSN,20200221,50.4597,52.9092,50.4597,51.9294,2061050
MSN,20200224,50.5577,51.4395,49.9698,50.0678,1429040
MSN,20200225,49.4799,50.2637,48.794,49.5779,896710
MSN,20200226,48.794,49.2839,48.0102,48.7451,1252450
MSN,20200227,48.2062,48.794,47.8142,48.6961,1642080
MSN,20200228,48.6961,48.6961,46.7365,48.0102,2255610
MSN,20200302,47.3733,48.0102,46.8834,48.0102,1588150
MSN,20200303,48.2062,48.794,47.5203,48.0102,1225730
MSN,20200304,47.9122,48.3531,47.6673,48.0102,909830
MSN,20200305,48.4462,50.9444,48.1523,49.8718,1780900
MSN,20200306,49.7688,53.2957,49.083,53.3011,2794380
MSN,20200309,51.9294,55.6526,49.9698,50.9496,4205130
MSN,20200310,51.8261,52.7079,50.9444,51.3415,2386840
MSN,20200311,52.218,52.218,48.2012,48.941,2637580
MSN,20200312,46.2418,48.936,45.5561,48.941,4072710
MSN,20200313,45.5561,48.936,45.5561,48.843,3783330
MSN,20200316,48.0102,48.794,46.5405,48.5001,3216820
MSN,20200317,48.5001,48.5001,46.7365,48.5001,3877150
MSN,20200318,48.4952,48.6911,47.8094,48.4021,2170340
MSN,20200319,47.5203,48.2062,47.0794,48.2062,3350310
MSN,20200320,48.0102,48.2062,46.8344,48.2062,4120820
MSN,20200323,47.1284,48.2062,45.4627,48.2062,5025020
MSN,20200324,47.5203,48.1082,47.3243,48.1082,3558350
MSN,20200325,48.0102,48.6961,47.5203,48.1082,2857290
MSN,20200326,48.0102,48.2062,47.5693,48.0102,2763490
MSN,20200327,47.7163,49.9698,47.5203,48.3042,2587920
MSN,20200330,47.5203,48.1082,47.4223,48.1082,1378940
MSN,20200331,48.1082,48.892,47.2264,48.0102,3667100
MSN,20200401,47.8142,48.99,47.8142,48.2062,1725880
MSN,20200403,48.5981,51.2435,48.5001,51.2436,1841480
MSN,20200406,52.218,54.7652,52.0221,54.7708,2556830
MSN,20200407,55.6526,57.2203,53.987,56.3385,2099700
MSN,20200408,54.9612,57.7043,54.3734,57.7102,1338040
MSN,20200409,57.8023,58.4881,56.9206,58.2001,2047890
MSN,20200410,57.8082,61.2375,57.1223,58.984,1914340
MSN,20200413,58.984,60.1597,56.9264,56.9264,2106950
MSN,20200414,56.8284,59.7678,56.0446,59.7678,1449880
MSN,20200415,59.7617,61.0353,59.4678,59.6698,1106350
MSN,20200416,58.3961,59.9638,58.3961,59.5719,981480
MSN,20200417,59.7678,60.1597,59.2779,59.3759,1417150
MSN,20200420,59.3698,59.7617,58.1942,58.2001,1843690
MSN,20200421,56.9264,57.6122,54.9668,55.4567,1855040
MSN,20200422,54.3789,57.4163,54.3789,57.0244,1062970
MSN,20200423,58.2981,58.592,57.0244,57.0244,842920
MSN,20200424,56.6324,58.2981,56.0446,58.2981,1218690
MSN,20200427,58.788,59.2779,57.3183,57.3183,1122520
MSN,20200428,57.3183,59.0819,56.8284,58.4941,1095230
MSN,20200429,57.6122,58.69,57.6122,57.6123,830530
MSN,20200504,56.0446,57.5143,55.9466,56.1426,1148810
MSN,20200505,56.0388,56.3328,55.2551,55.2607,1098980
MSN,20200506,55.8486,56.8284,54.5749,56.8284,1019980
MSN,20200507,57.6122,57.8082,56.8284,57.6123,780600
MSN,20200508,57.8082,61.1395,57.7102,59.7678,3319850
MSN,20200511,61.8254,61.8254,59.3759,61.8254,1838950
MSN,20200512,61.7274,61.9234,60.5516,60.7476,1028270
MSN,20200513,60.0556,61.2313,59.2719,60.6496,1598740
MSN,20200514,60.2516,63.8764,59.7617,62.6092,2573510
MSN,20200515,63.1971,63.589,60.8456,60.8456,1305890
MSN,20200518,60.8456,61.5314,60.1597,61.2375,840070
MSN,20200519,62.0213,63.0991,61.2375,61.7274,1923440
MSN,20200520,61.2375,62.6092,61.2375,62.5113,998400
MSN,20200521,62.5112,62.7072,61.5314,62.5113,1513470
MSN,20200522,62.2173,62.4133,60.7476,60.7476,1310850
MSN,20200525,60.9436,61.4335,60.2577,60.5517,1354620
MSN,20200526,60.7476,61.5314,60.6496,61.2375,1053240
MSN,20200527,61.9234,63.2951,61.2375,61.2375,2189080
MSN,20200528,62.1193,62.1193,61.1395,61.5315,797480
MSN,20200529,61.5314,61.6294,60.9436,61.4335,698100
MSN,20200601,61.4335,62.4133,61.4335,61.8254,1076880
MSN,20200602,62.3089,64.4643,62.113,62.6092,4190080
MSN,20200603,63.1971,63.1971,62.3153,62.7072,749700
MSN,20200604,63.2951,63.2951,62.0213,62.2173,1528010
MSN,20200605,61.7274,62.0213,61.2375,61.7274,1826680
MSN,20200608,62.113,63.0927,61.5252,62.1193,1758860
MSN,20200609,62.2173,62.9032,61.4335,61.7274,1614250
MSN,20200610,61.6231,61.7211,61.2313,61.6294,1210600
MSN,20200611,62.0213,62.8052,57.3183,57.3183,2635700
MSN,20200612,55.8486,57.5143,55.8486,57.3183,3042060
MSN,20200615,57.3125,57.7043,54.1774,55.2607,2603230
MSN,20200616,56.2405,56.6324,55.3587,56.4365,1492420
MSN,20200617,56.8284,57.0244,55.7506,56.3385,1155980
MSN,20200618,55.8486,56.2405,54.7708,55.8486,928290
MSN,20200619,56.4365,56.5345,55.8486,55.8486,2419830
MSN,20200622,56.3385,57.3183,56.3385,57.1224,1621780
MSN,20200623,56.8226,58.2922,56.8226,57.2203,1453290
MSN,20200624,57.2203,57.6122,55.3587,56.0446,935890
MSN,20200625,55.4567,55.8486,55.0648,55.5547,1540010
MSN,20200626,55.549,56.7246,55.2551,55.2607,574970
MSN,20200629,55.2607,55.2607,52.8112,53.987,1720440
MSN,20200630,54.7708,54.9668,52.9092,53.0072,1378930
MSN,20200701,53.3011,54.9668,52.9092,54.3789,965870
MSN,20200702,54.8688,56.4365,54.3789,56.0446,1094380
MSN,20200703,56.0446,56.7304,55.5547,56.0446,699930
MSN,20200706,56.0446,56.8284,55.9466,56.4365,855780
MSN,20200707,56.7304,57.2203,55.8486,55.8486,959250
MSN,20200708,55.8486,56.3385,55.8486,55.8486,467170
MSN,20200709,55.9409,56.5287,55.7449,56.2405,1097650
MSN,20200710,56.2348,56.4307,54.8632,55.7506,564900
MSN,20200713,55.8486,56.3385,55.3587,55.4567,557920
MSN,20200714,55.2607,55.4567,54.5749,54.8688,929240
MSN,20200715,55.3587,55.5547,54.5749,54.5749,1250200
MSN,20200716,54.8688,55.8486,54.3789,55.8486,978700
MSN,20200717,55.5547,55.6526,54.8688,55.0648,759610
MSN,20200720,53.889,54.8688,53.889,53.889,944440
MSN,20200721,53.889,54.4769,53.2031,53.5951,1670960
MSN,20200722,53.5951,54.085,53.1052,53.1052,833760
MSN,20200723,53.0997,53.4916,52.5119,52.8112,762030
MSN,20200724,52.6153,52.8112,49.7738,50.9496,2045780
MSN,20200727,47.9122,50.4597,47.9122,48.5001,2819250
MSN,20200728,48.99,49.9698,48.5001,49.4799,1318770
MSN,20200729,48.4952,48.985,48.0053,48.3531,1352670
MSN,20200730,48.892,49.088,48.5001,48.7941,821650
MSN,20200731,48.1082,50.3617,48.1082,49.4799,2195060
MSN,20200803,49.4799,51.6355,49.4799,51.5375,1395440
MSN,20200804,52.1254,53.2031,52.1254,52.9092,1681090
MSN,20200805,52.4193,53.889,52.1254,53.889,1810780
MSN,20200806,53.3937,53.7855,52.6099,52.8112,1178020
MSN,20200807,52.9092,53.693,52.7132,53.0072,959230
MSN,20200810,53.1052,53.791,53.1052,53.3991,953690
MSN,20200811,53.693,53.693,53.0072,53.4971,658760
MSN,20200812,53.2031,53.693,52.8112,53.1052,981320
MSN,20200813,53.0997,53.4916,52.9038,53.3011,953060
MSN,20200814,53.2957,53.3937,51.9241,52.3213,1796510
MSN,20200817,51.9294,52.4193,51.2435,51.9294,1099660
MSN,20200818,51.9241,51.9241,51.2383,51.3415,771290
MSN,20200819,51.3415,51.8314,51.0476,51.6355,867050
MSN,20200820,51.6355,51.7334,50.9496,50.9496,1419940
MSN,20200821,50.9496,51.8314,50.9496,51.5375,968870
MSN,20200824,51.7334,52.9092,51.7334,52.5173,1713810
MSN,20200825,52.9092,53.3011,52.5173,52.5173,1698780
MSN,20200826,52.5173,52.8112,52.2233,52.4193,883720
MSN,20200827,52.4193,52.6153,52.3213,52.5173,816320
MSN,20200828,52.8112,54.3789,52.6153,53.3991,2380000
MSN,20200831,53.889,54.3789,53.3011,53.889,1294650
MSN,20200901,53.889,53.889,53.2031,53.4971,1624840
MSN,20200903,54.2754,54.3734,53.5896,54.2809,1754030
MSN,20200904,53.3011,55.3587,53.3011,55.1628,2640190
MSN,20200907,55.4567,55.9466,53.4971,53.4971,2265500
MSN,20200908,53.5951,53.889,53.3011,53.6931,1460040
MSN,20200909,53.0072,54.2809,53.0072,53.889,1082410
MSN,20200910,54.2809,54.3789,53.5951,53.6931,735560
MSN,20200911,53.4971,53.889,53.2031,53.889,539780
MSN,20200914,53.889,54.6728,53.889,54.4769,944590
MSN,20200915,54.4713,54.6673,53.9815,54.2809,794620
MSN,20200916,54.2754,54.2754,53.4916,53.791,908870
MSN,20200917,53.791,53.791,52.9092,52.9092,1241490
MSN,20200918,52.9092,53.4971,52.9092,53.1052,1122350
MSN,20200921,53.3011,53.693,53.3011,53.3991,879920
MSN,20200922,53.3991,53.4971,53.0072,53.2032,760350
MSN,20200923,53.4916,54.2754,53.2957,54.2809,1284870
MSN,20200924,53.987,54.5749,53.889,53.889,881030
MSN,20200925,53.889,54.1829,53.3991,53.5951,708340
MSN,20200928,53.5951,53.987,53.3991,53.5951,623360
MSN,20200929,53.791,53.791,52.5173,52.5173,1283100
MSN,20200930,52.5173,53.4971,52.5173,53.4971,843740
MSN,20201001,53.5896,53.8835,53.4916,53.791,964220
MSN,20201002,53.791,53.889,52.7132,53.0072,1483120
MSN,20201005,53.4971,55.0648,53.0072,54.8688,3268020
MSN,20201006,55.2607,57.1223,55.1627,56.8284,4400570
MSN,20201007,56.8226,60.7414,56.7246,60.6496,6435850
MSN,20201008,60.2516,62.6028,59.3698,62.6092,4846470
MSN,20201009,62.2173,66.8224,60.9436,66.7244,5339660
MSN,20201012,66.6264,68.782,65.1567,68.782,5818700
MSN,20201013,68.586,73.583,66.6264,73.2891,4664240
MSN,20201014,73.1911,78.384,71.6234,78.384,5066890
MSN,20201015,78.384,81.2254,76.7183,79.4618,5698130
MSN,20201016,79.3638,79.3638,73.9749,78.384,6539150
MSN,20201019,74.6608,80.3436,74.6608,80.3436,3072960
MSN,20201020,80.1476,82.0093,78.384,82.0093,4875310
MSN,20201021,81.3234,83.185,80.3436,82.0093,1756450
MSN,20201022,81.1274,83.283,80.8335,83.283,5130670
MSN,20201023,83.381,84.3608,82.7931,84.2628,3419860
MSN,20201026,82.9806,86.1156,82.9806,86.1244,4666520
MSN,20201027,86.2136,87.1933,83.2745,86.1244,4042910
MSN,20201028,86.0264,86.0264,82.4992,84.2628,4631980
MSN,20201029,81.3234,83.283,78.384,82.3032,6707870
MSN,20201030,80.5396,82.3032,77.8941,82.3032,4060060
MSN,20201102,82.3032,82.7931,80.6375,82.7931,3845900
MSN,20201103,82.3032,82.5971,81.5194,82.3032,3178300
MSN,20201104,82.3032,82.9891,81.4214,82.4992,2008660
MSN,20201105,82.7847,86.1156,82.0989,86.1244,1794890
MSN,20201106,86.0177,88.075,85.2339,88.084,1218300
MSN,20201109,88.182,93.6689,87.986,93.6689,2470010
MSN,20201110,94.0512,96.0106,92.9735,93.4729,3489650
MSN,20201111,91.7979,93.4634,90.1324,93.4729,2025450
MSN,20201112,93.5709,93.5709,91.2194,91.2194,484080
MSN,20201113,90.8275,90.8275,88.084,88.28,1094470
MSN,20201116,87.6832,88.271,82.1968,82.2052,2454980
MSN,20201117,82.3032,84.1648,82.1072,83.283,813710
MSN,20201118,83.3725,83.3725,81.0212,81.2254,985490
MSN,20201119,81.3234,81.7153,79.3638,80.3436,1205410
MSN,20201120,80.0497,82.2052,79.4618,80.3436,1166780
MSN,20201123,80.3436,81.7153,80.3436,81.4214,871370
MSN,20201124,81.4214,81.4214,78.384,80.3436,679550
MSN,20201125,80.3436,81.3234,80.3436,80.6376,686650
MSN,20201126,80.0497,82.2052,79.9517,82.0093,510660
MSN,20201127,82.0093,82.0093,81.1274,82.0093,420570
MSN,20201130,80.4416,81.8133,80.0497,80.3436,964680
MSN,20201201,78.8739,81.3234,78.8739,81.3234,1051590
MSN,20201202,81.3234,82.3032,80.3436,81.5194,741130
MSN,20201203,81.609,82.2948,80.8253,81.7153,542070
MSN,20201204,82.3032,85.7325,81.8133,84.2628,1978040
MSN,20201207,84.2628,85.3406,83.7729,84.2628,825210
MSN,20201208,84.3608,84.6547,83.5769,83.7729,855880
MSN,20201209,83.7644,83.9603,83.2745,83.6749,840910
MSN,20201210,83.6664,83.6664,81.9029,82.2052,1432910
MSN,20201211,82.2052,82.8911,81.5194,82.7931,791100
MSN,20201214,82.9891,83.381,82.2052,82.7931,1079350
MSN,20201215,82.7931,83.087,82.2052,82.7931,935010
MSN,20201216,82.3032,82.8911,82.2052,82.7931,648540
MSN,20201217,82.7903,83.5835,82.0962,83.286,1179730
MSN,20201218,82.9886,83.5835,82.9886,83.3852,1417470
MSN,20201221,84.2775,84.2775,82.6911,83.0877,827020
MSN,20201222,83.0877,83.286,81.7988,82.0962,805250
MSN,20201223,81.9971,83.5835,81.8979,82.0962,910150
MSN,20201224,82.0962,82.2945,81.1047,81.9971,638900
MSN,20201225,82.2945,82.3937,81.6996,81.7988,598590
MSN,20201228,82.2945,82.4928,81.4022,81.6996,553150
MSN,20201229,83.286,83.286,82.2945,82.4928,1440210
MSN,20201230,82.7903,83.4843,81.8979,82.7903,959720
MSN,20201231,82.2945,88.3427,82.2945,88.1444,3806160
MSN,20210104,90.2265,90.2265,88.1444,88.1444,1915700
MSN,20210105,88.2435,89.235,87.3512,88.541,1274800
MSN,20210106,88.541,90.2265,87.252,87.5495,2344400
MSN,20210107,87.5495,91.7138,87.5495,91.218,3028500
MSN,20210108,92.2095,93.5976,91.218,92.3087,2639600
MSN,20210111,92.4078,94.6883,92.4078,93.3002,2553900
MSN,20210112,93.3002,93.4985,92.3087,93.201,1830900
MSN,20210113,93.3993,93.4985,91.9121,92.507,2553600
MSN,20210114,92.4078,92.507,90.9206,91.5155,1447400
MSN,20210115,92.2095,92.6061,91.7138,92.2095,2144900
MSN,20210118,94.1925,97.2662,94.0934,94.2917,3740700
MSN,20210119,94.9857,94.9857,87.7478,90.1274,2416600
MSN,20210120,90.7223,91.0197,85.269,90.1274,2314800
MSN,20210121,90.7223,91.3172,88.6401,90.7223,2180900
MSN,20210122,91.218,94.3908,90.2265,92.507,3060300
MSN,20210125,94.1925,97.167,93.201,96.1755,3869900
MSN,20210126,97.3653,97.3653,90.524,94.6883,2475200
MSN,20210127,93.6968,93.9942,89.4333,90.9206,2243700
MSN,20210128,84.575,88.6401,84.575,84.575,3816800
MSN,20210129,79.8158,90.2265,79.8158,84.7733,2838500
MSN,20210201,85.1699,87.5495,80.3115,81.303,1792200
MSN,20210202,81.303,84.2775,79.32,83.286,1927500
MSN,20210203,84.7733,88.2435,84.7733,88.1444,1539300
MSN,20210204,87.252,89.7308,86.7563,88.7393,1415200
MSN,20210205,88.7393,89.235,88.3427,88.8384,1209500
MSN,20210208,84.8724,89.1359,83.286,84.8724,2260800
MSN,20210209,85.269,88.8384,84.3767,87.9461,1448200
MSN,20210217,89.0367,91.218,88.0452,91.218,1142900
MSN,20210218,91.218,95.184,90.2265,94.2917,2207200
MSN,20210219,92.8044,94.6883,92.8044,94.0934,1419300
MSN,20210222,94.0934,94.2917,93.0027,93.7959,1186200
MSN,20210223,93.6968,93.6968,91.7138,91.9121,1592900
MSN,20210224,93.201,93.201,89.7308,90.2265,1478100
MSN,20210225,91.0197,91.0197,88.6401,88.8384,1571600
MSN,20210226,87.8469,89.6316,87.7478,89.5325,1485300
MSN,20210301,89.6316,91.1189,89.5325,90.524,859200
MSN,20210302,92.0112,92.0112,89.235,90.1274,1027600
MSN,20210303,90.1274,90.2265,89.235,89.7308,803200
MSN,20210304,90.2265,90.2265,86.7563,87.6486,1647600
MSN,20210305,87.252,89.235,86.7563,88.4418,1141200
MSN,20210308,89.6316,89.6316,86.2605,86.6571,1612700
MSN,20210309,86.9546,86.9546,80.609,85.9631,1166700
MSN,20210310,85.9631,86.2605,84.575,86.2605,817400
MSN,20210311,87.0537,87.6486,86.1614,86.558,878000
MSN,20210312,87.252,87.3512,86.4588,86.558,872100
MSN,20210315,87.252,88.4418,86.558,87.7478,1188500
MSN,20210316,88.0452,88.0452,86.4588,87.252,535200
MSN,20210317,86.8554,87.3512,86.2605,87.252,576400
MSN,20210318,87.1529,89.1359,86.9546,88.9376,1222500
MSN,20210319,88.2435,88.6401,85.7648,87.9461,1148800
MSN,20210322,87.9461,88.0452,86.7563,87.3512,723300
MSN,20210323,87.3512,87.4503,85.269,85.7648,1022900
MSN,20210324,84.4758,85.7648,84.2775,84.3767,869100
MSN,20210325,84.7733,85.269,83.286,85.269,1076400
MSN,20210326,84.7733,85.269,82.9886,85.1699,912800
MSN,20210329,84.7733,85.7648,84.2775,85.3682,918800
MSN,20210330,84.8724,88.7393,84.6741,87.7478,1443600
MSN,20210331,87.7478,92.2095,87.7478,91.7138,3145400
MSN,20210401,92.1104,92.2095,91.3172,91.5155,2037400
MSN,20210402,92.2095,92.507,91.5155,91.9121,2155300
MSN,20210405,94.1925,94.2917,92.0112,92.2095,2571700
MSN,20210406,92.2095,92.4078,90.524,91.1189,1808000
MSN,20210407,91.1189,93.4985,90.0282,93.0027,1957200
MSN,20210408,93.6968,93.6968,91.6146,92.2095,1205800
MSN,20210409,92.0112,92.0112,90.8214,91.3172,1062300
MSN,20210412,91.3172,91.7138,90.6231,91.1189,1536200
MSN,20210413,91.8129,95.184,91.218,93.3993,4864100
MSN,20210414,93.7959,99.8441,92.9036,99.8441,6637200
MSN,20210415,102.6203,104.1075,99.15,99.15,2903400
MSN,20210416,98.9517,100.6373,94.3908,99.2492,3077700
MSN,20210419,100.6373,106.1897,98.5551,106.1897,6460900
MSN,20210420,106.1897,110.5523,103.2152,104.6033,4290600
MSN,20210422,103.116,106.4871,97.3653,97.3653,3474400
MSN,20210423,97.3653,100.6373,95.184,99.15,5010500
MSN,20210426,100.6373,100.8356,94.1925,94.1925,3744400
MSN,20210427,94.1925,97.7619,92.8044,97.167,2383000
MSN,20210428,97.167,98.9517,96.6713,98.1585,1830800
MSN,20210429,98.3568,98.5551,96.1755,97.167,1803600
MSN,20210504,97.167,97.167,94.2917,95.0849,2322900
MSN,20210505,95.0849,98.0594,94.9857,95.184,1788700
MSN,20210506,95.184,96.7704,94.7874,94.7874,1529000
MSN,20210507,94.2917,95.7789,93.4985,94.1925,2566600
MSN,20210510,96.5721,100.7364,95.6798,100.7364,3909900
MSN,20210511,103.116,104.9007,100.6373,100.6373,3396000
MSN,20210512,100.6373,104.1075,100.6373,103.116,2454800
MSN,20210513,102.8186,103.9092,101.9262,102.1245,2424100
MSN,20210514,102.9177,109.065,102.9177,107.1812,3609800
MSN,20210517,108.0735,108.5693,103.3143,103.3143,2365200
MSN,20210518,105.099,109.065,103.9092,104.2067,2952600
MSN,20210519,105.099,108.0735,104.2067,107.082,2094300
MSN,20210520,108.0735,113.031,106.9829,112.6344,2826500
MSN,20210521,111.5438,112.8327,110.6514,110.9489,2584400
MSN,20210524,110.9489,112.6344,110.0565,111.048,2152900
MSN,20210525,110.5523,114.5183,110.0565,112.6344,1734000
MSN,20210526,113.031,113.031,111.048,112.6344,1459300
MSN,20210527,112.6344,112.8327,104.8016,109.065,1642200
MSN,20210528,109.065,111.5438,107.6769,111.5438,2045800
MSN,20210531,111.048,111.2463,108.5693,109.1642,1011700
MSN,20210601,109.065,109.065,103.8101,106.0905,2426200
MSN,20210602,107.2803,107.5778,104.6033,104.8016,1867800
MSN,20210603,104.7024,104.8016,102.1245,104.1075,2624700
MSN,20210604,103.6118,106.388,102.1245,106.388,1560500
MSN,20210607,106.0905,106.388,103.116,103.6118,905600
MSN,20210608,103.7109,105.7931,103.116,103.116,1589500
MSN,20210609,102.1245,104.1075,102.1245,103.6118,1070000
MSN,20210610,103.116,104.0084,102.1245,102.2237,876600
MSN,20210611,102.2237,105.1982,102.1245,105.099,1791100
MSN,20210614,106.0905,107.082,104.1075,105.9914,1488600
MSN,20210615,106.0905,106.9829,105.2973,105.5948,994300
MSN,20210616,105.099,106.0905,103.116,103.3143,1031500
MSN,20210617,102.1245,105.099,102.1245,102.1245,1384400
MSN,20210618,104.5041,106.0905,102.1245,105.5948,1510800
MSN,20210621,105.5948,109.065,104.1075,107.7761,1793300
MSN,20210622,108.1727,109.065,106.4871,107.5778,1229800
MSN,20210623,107.082,107.6769,105.5948,105.8922,744300
MSN,20210624,105.5948,106.9829,104.7024,105.5948,766600
MSN,20210625,105.3965,106.0905,104.1075,105.4956,779600
MSN,20210628,106.0905,108.9659,105.7931,107.9744,1490000
MSN,20210629,108.5693,108.9659,106.6854,107.5778,990100
MSN,20210630,108.0735,111.5438,108.0735,110.4531,2251800
MSN,20210701,111.4,114,110.1,113.5,1706400
MSN,20210702,114,114.4,113.2,113.9,1294400
MSN,20210705,112.8,113.3,109,111.6,2219000
MSN,20210706,110,112,108,109,2094500
MSN,20210707,109,116,106.1,116,2469900
MSN,20210708,115,120,114,119.8,2502500
MSN,20210709,118,122.5,115,116.9,2139100
MSN,20210712,118,119.9,109.5,119.9,2102000
MSN,20210713,119.9,119.9,113.2,115,1521900
MSN,20210714,115,116.9,111.2,116.2,1433200
MSN,20210715,114,117.9,113.5,115,1054500
MSN,20210716,115.5,121,114.8,120.5,1976800
MSN,20210719,118.5,125,118.5,119.4,1431300
MSN,20210720,119.5,123,117.6,123,1779800
MSN,20210721,123,124.2,122,122,1393300
MSN,20210722,122,123,120,122.9,1098700
MSN,20210723,121.1,122.2,119,119,1647400
MSN,20210726,119.9,121.5,117.7,121.1,1257100
MSN,20210727,120.5,126.5,120.5,125.5,1932300
MSN,20210728,125,125.4,124,124.5,839900
MSN,20210729,124.5,128,123,127.7,1173800
MSN,20210730,128,136.6,127.2,134,2654400
MSN,20210802,133.8,138,131,136.2,1268100
MSN,20210803,136,138,135,137.8,1355500
MSN,20210804,137.8,138,135.2,136,1587600
MSN,20210805,135.1,136.9,134.3,135,1348900
MSN,20210806,135.1,136,134.5,134.5,670500
MSN,20210809,134,141,134,141,1525400
MSN,20210810,141,141.5,138.5,138.5,1011600
MSN,20210811,139,141,136.6,136.6,993500
MSN,20210812,138.5,138.5,134,134,1946000
MSN,20210813,132.5,134,131.8,133.5,1394600
MSN,20210816,134.5,136.5,132.2,133.5,969800
MSN,20210817,134.8,134.9,132.5,132.5,793600
MSN,20210818,135,136.9,134,134.5,1302800
MSN,20210819,136,136.3,134.5,136.3,842400
MSN,20210820,135.3,135.8,132.9,133.8,1311400
MSN,20210823,133,133.5,127,127,1719900
MSN,20210824,127,129.8,127,128.5,1302200
MSN,20210825,129.8,136.5,129.1,135,1163100
MSN,20210826,135.1,137.2,132.1,134,970800
MSN,20210827,132.1,136.4,132.1,135.9,1927000
MSN,20210830,138.5,138.5,132.6,132.6,2696800
MSN,20210831,132.6,136,132,135,3127300
MSN,20210901,134.2,135.5,133,133.3,1024900
MSN,20210906,134,134,131.1,131.1,1518900
MSN,20210907,131.2,131.2,129.5,129.8,1539300
MSN,20210908,129,130,128,128,1395400
MSN,20210909,127.8,132.2,127.6,131,1026600
MSN,20210910,131.5,132.4,130,130,711300
MSN,20210913,131,132,130.1,130.6,1264400
MSN,20210914,131.8,135.7,130.8,135.5,2566900
MSN,20210915,135,144.9,135,144.9,2796100
MSN,20210916,147,150,145.2,149.8,2286500
MSN,20210917,148,149.5,145.5,146,2389800
MSN,20210920,146.1,148.5,143,143,1053000
MSN,20210921,141,145,141,143.5,1328900
MSN,20210922,145,149,143.5,147,859600
MSN,20210923,146.5,148.5,143,145,932400
MSN,20210924,145,145.5,141.8,142.4,1161000
MSN,20210927,142.7,143.5,135,135,1213100
MSN,20210928,134.9,140.7,134.1,136,1284000
MSN,20210929,138.9,141,138,141,563500
MSN,20210930,141.1,144.4,141,142.6,754600
MSN,20211001,142,143,140,140,859300
MSN,20211004,141.9,143,140.1,141.2,495400
MSN,20211005,142.7,142.9,140.6,141.2,599300
MSN,20211006,142.5,142.5,140.9,142.2,540300
MSN,20211007,143,143,141,141.7,548300
MSN,20211008,142,146,141.9,145.5,1009100
