VIC,20150105,20.4824,20.4824,20.3106,20.4427,320790
VIC,20150106,20.3536,20.5253,20.3106,20.5286,462360
VIC,20150107,20.5253,20.6112,20.3965,20.4856,319600
VIC,20150108,20.4824,20.783,20.4824,20.6145,788420
VIC,20150109,20.6112,20.8688,20.5253,20.5286,969330
VIC,20150112,20.5253,20.6971,20.3106,20.3138,472380
VIC,20150113,20.2677,20.4394,20.1389,20.2279,784490
VIC,20150114,20.3536,20.3536,20.1818,20.2279,585600
VIC,20150115,20.2247,20.3965,20.0959,20.3568,826580
VIC,20150116,20.3536,20.3536,20.1818,20.3138,275570
VIC,20150119,20.3106,20.5683,20.2677,20.3138,407620
VIC,20150120,20.3536,20.4394,20.2247,20.2279,316350
VIC,20150121,20.2247,20.3536,20.2247,20.2279,227060
VIC,20150122,20.3536,20.3536,20.2247,20.2279,204950
VIC,20150123,20.3536,20.6112,20.3106,20.6145,770380
VIC,20150126,20.8259,20.9977,20.6112,20.7004,241650
VIC,20150127,20.6971,20.74,20.3536,20.6145,517330
VIC,20150128,20.4394,20.6112,20.3965,20.4427,323250
VIC,20150129,20.4394,20.5253,20.3536,20.4427,185770
VIC,20150130,20.4824,20.783,20.4394,20.6145,938950
VIC,20150202,20.6112,20.6541,20.4824,20.4856,408830
VIC,20150203,20.4824,20.5253,20.1389,20.1421,304890
VIC,20150204,20.3106,20.3106,19.9671,20.1421,754650
VIC,20150205,20.053,20.1818,20.053,20.0991,264080
VIC,20150206,20.1818,20.2677,20.0959,20.1421,160630
VIC,20150209,20.1389,20.3965,20.1389,20.3138,437370
VIC,20150210,20.3965,20.4824,20.2677,20.2709,362290
VIC,20150211,20.3536,20.8259,20.2677,20.8292,894030
VIC,20150212,20.9977,21.47,20.9547,21.4734,2221520
VIC,20150213,21.47,22.1141,21.47,21.6881,1455720
VIC,20150224,21.8994,22.1141,21.47,22.1176,906580
VIC,20150225,21.8994,22.1141,21.47,21.4734,756990
VIC,20150226,21.47,21.6847,21.1265,21.4305,1158830
VIC,20150227,21.47,21.47,21.2553,21.2587,538120
VIC,20150302,21.2982,21.47,21.2553,21.4305,788530
VIC,20150303,21.4271,22.5435,21.4271,22.3323,2373010
VIC,20150304,22.3288,22.3288,21.8994,22.1176,816360
VIC,20150305,21.8994,22.1141,21.6847,21.9029,845730
VIC,20150306,21.47,21.8994,21.4271,21.4305,1493200
VIC,20150309,21.4271,21.6847,21.2982,21.3446,661550
VIC,20150310,21.2553,21.4271,21.2124,21.3446,895980
VIC,20150311,21.3412,21.3412,21.1265,21.1728,844110
VIC,20150312,21.1694,21.4271,21.1694,21.3016,814790
VIC,20150313,21.2982,21.4271,21.2553,21.3016,529480
VIC,20150316,21.2553,21.2982,20.9977,21.1298,1155790
VIC,20150317,21.1694,21.2124,21.0835,21.1728,332570
VIC,20150318,21.1694,21.2124,21.1265,21.1728,709890
VIC,20150319,21.1694,21.2553,20.9547,21.0869,787290
VIC,20150320,21.2124,21.1265,20.8688,20.8722,1952070
VIC,20150323,21.0835,21.0835,20.6971,20.7433,709040
VIC,20150324,20.74,20.783,20.6541,20.7433,1057820
VIC,20150325,20.74,20.783,20.6541,20.7004,637570
VIC,20150326,20.6112,20.6971,20.3965,20.3997,581580
VIC,20150327,20.74,20.74,20.1818,20.2279,1097010
VIC,20150330,20.2677,20.3106,20.01,20.0132,934790
VIC,20150331,20.2677,20.2247,20.01,20.185,710820
VIC,20150401,20.01,20.1818,19.7524,19.7555,482240
VIC,20150402,19.9242,19.9242,19.7095,19.8844,444740
VIC,20150403,19.8812,19.8812,19.7953,19.7985,311650
VIC,20150406,19.7953,19.8383,19.7095,19.7126,455810
VIC,20150407,19.7095,19.8383,19.6236,19.8414,672070
VIC,20150408,19.8383,19.8812,19.7524,19.7555,611130
VIC,20150409,19.7524,20.01,19.7524,19.7985,639520
VIC,20150410,19.8812,20.5683,19.8812,20.3997,1224360
VIC,20150413,20.4394,20.9118,20.4394,20.8722,1697520
VIC,20150414,20.9118,20.9118,20.4394,20.4427,426570
VIC,20150415,20.5253,20.5683,20.2247,20.3997,443980
VIC,20150416,20.3965,20.783,20.3965,20.6574,601670
VIC,20150417,20.6971,21.2124,20.6541,20.958,1078340
VIC,20150420,20.8688,21.0406,20.8259,20.8722,936960
VIC,20150421,20.8688,20.9977,20.783,20.8292,591750
VIC,20150422,20.9547,20.9547,20.8259,20.8722,625130
VIC,20150423,20.9547,21.0406,20.8259,20.958,584810
VIC,20150424,20.9547,21.0406,20.9118,20.958,287890
VIC,20150427,21.0406,21.0406,20.8688,20.8722,242300
VIC,20150504,19.4089,20.9118,19.4089,20.6574,1448720
VIC,20150505,20.6541,20.9547,20.6112,20.958,762350
VIC,20150506,20.9547,20.9547,20.6112,20.6574,186040
VIC,20150507,20.6541,20.8688,20.6112,20.8722,262900
VIC,20150508,20.8688,20.8688,20.74,20.7433,70990
VIC,20150511,20.8259,20.8259,20.6112,20.6145,309660
VIC,20150512,20.6971,20.6971,20.1818,20.3997,618510
VIC,20150513,20.3965,20.4394,20.0959,20.3997,555300
VIC,20150514,20.3965,20.4394,20.3106,20.3568,83130
VIC,20150515,20.3536,20.4824,20.1818,20.185,458130
VIC,20150518,20.1818,20.2247,19.8812,19.8844,1655740
VIC,20150519,20.01,20.053,19.8812,20.0132,552310
VIC,20150520,20.01,20.4394,20.01,20.2279,617150
VIC,20150521,20.1818,20.3965,20.1389,20.2709,387320
VIC,20150522,20.2247,20.8259,20.1389,20.8292,1058290
VIC,20150525,20.74,20.74,20.4824,20.7004,334190
VIC,20150526,20.6541,20.9547,20.6541,20.7433,623860
VIC,20150527,20.8259,20.9118,20.6541,20.6574,712170
VIC,20150528,20.6112,20.6971,20.5253,20.5286,623820
VIC,20150529,20.5253,20.6541,20.3965,20.3997,618530
VIC,20150601,20.6541,21.1265,20.6112,20.9151,1238300
VIC,20150602,20.9547,20.9977,20.6541,20.6574,418090
VIC,20150603,20.6112,20.8688,20.6112,20.7433,766250
VIC,20150604,20.8259,21.0406,20.8259,20.958,1277590
VIC,20150605,20.9547,21.1265,20.8688,20.958,626020
VIC,20150608,20.9547,21.2553,20.9547,21.0439,593240
VIC,20150609,21.1265,21.1694,20.9977,21.0439,446220
VIC,20150610,21.0406,21.0835,20.8259,20.8722,476610
VIC,20150611,20.8688,21.1265,20.8688,21.1298,528030
VIC,20150612,21.2124,22.3288,21.1694,22.3323,2997570
VIC,20150615,22.3288,22.3288,21.47,21.6881,850000
VIC,20150616,21.6847,21.8994,21.4271,21.6881,739750
VIC,20150617,21.6847,22.1141,21.3841,21.6881,653080
VIC,20150618,21.6847,21.8994,21.6847,21.6881,683660
VIC,20150619,21.8994,22.1141,21.6847,21.9029,944200
VIC,20150622,22.1141,22.3288,21.8994,22.1176,532730
VIC,20150623,22.1141,22.5435,21.8994,22.3323,1356440
VIC,20150624,22.1141,22.5435,22.1141,22.5471,780150
VIC,20150625,22.3288,22.7582,22.1141,22.5471,1089400
VIC,20150626,22.3288,22.5435,22.3288,22.3323,1026800
VIC,20150629,22.7424,23.3907,22.7424,23.0699,1764630
VIC,20150630,22.9585,23.8768,22.9585,23.5022,3429780
VIC,20150701,23.7688,23.7688,23.2286,23.4481,797910
VIC,20150702,23.6067,23.7148,23.4987,23.7183,1117760
VIC,20150703,23.9849,24.255,23.9309,24.0965,1937740
VIC,20150706,24.309,24.363,23.7688,24.0965,1602770
VIC,20150707,23.9849,24.1469,23.8228,23.8804,2060130
VIC,20150708,23.8228,23.8228,23.3366,23.5022,1648750
VIC,20150709,23.2286,24.0929,23.1206,23.7723,1664850
VIC,20150710,23.9309,24.0929,23.7688,23.9344,1334490
VIC,20150713,23.9309,23.9309,23.7688,23.8263,1259500
VIC,20150714,23.6067,23.8228,23.6067,23.7723,642340
VIC,20150715,23.8768,23.8768,23.3907,23.5022,1452980
VIC,20150716,23.2286,23.3907,23.0665,23.124,940730
VIC,20150717,23.2286,23.2826,22.9585,23.0699,770060
VIC,20150720,23.0665,23.3907,22.9045,23.0159,763460
VIC,20150721,22.9585,23.3907,22.9585,23.232,575410
VIC,20150722,23.3907,24.0929,23.2826,24.0424,1978850
VIC,20150723,24.0389,24.309,23.8228,23.8263,1096080
VIC,20150724,23.9849,23.9849,23.5527,23.6642,752000
VIC,20150727,23.7688,23.9309,23.6067,23.7723,1634930
VIC,20150728,23.8768,24.255,23.6608,23.6642,2556060
VIC,20150729,23.7688,23.8228,23.2826,23.3401,1177900
VIC,20150730,23.3366,23.4447,23.1746,23.286,729400
VIC,20150731,23.1746,23.4447,23.0665,23.286,1367150
VIC,20150803,23.0665,23.4447,23.0125,23.286,1810730
VIC,20150804,23.1206,23.2826,23.0665,23.232,710800
VIC,20150805,23.3366,23.3366,23.1206,23.3401,494710
VIC,20150806,23.2286,23.3366,23.0665,23.232,490170
VIC,20150807,23.2826,23.2826,23.1746,23.232,318890
VIC,20150810,23.2286,23.4987,23.2286,23.5022,802880
VIC,20150811,23.4987,23.6067,23.4447,23.6102,1130250
VIC,20150812,23.6067,23.6067,23.2826,23.286,810320
VIC,20150813,23.2826,23.2826,22.9045,22.9619,860480
VIC,20150814,22.9585,23.1746,22.4723,22.5837,819060
VIC,20150817,22.5804,22.8505,22.1482,22.1515,758640
VIC,20150818,22.1482,22.5263,22.1482,22.5297,563880
VIC,20150819,22.5263,22.5263,21.9321,22.0434,787690
VIC,20150820,22.0402,22.2562,21.662,21.9353,1142450
VIC,20150821,21.7701,21.9321,20.9598,21.6652,3110370
VIC,20150824,21.662,21.662,20.4736,21.6652,2732410
VIC,20150825,20.9598,21.662,20.9598,21.6652,2271270
VIC,20150826,21.4459,21.8241,21.3919,21.7192,1642870
VIC,20150827,21.8241,22.3103,21.662,22.1515,1429370
VIC,20150828,22.3643,22.5263,22.0402,22.5297,930510
VIC,20150831,22.5263,22.5263,22.0402,22.4216,886190
VIC,20150901,22.4183,22.5263,21.9861,22.4216,885510
VIC,20150903,22.4183,22.4183,22.1482,22.2055,1232010
VIC,20150904,22.2562,22.4183,22.2022,22.4216,716580
VIC,20150907,22.2562,22.6344,22.2022,22.4756,433750
VIC,20150908,22.4723,22.6344,22.4183,22.5297,580480
VIC,20150909,22.6884,22.6884,22.5263,22.6377,514350
VIC,20150910,22.5263,22.9585,22.2562,22.9078,1097080
VIC,20150911,22.9045,22.9045,22.6344,22.6917,445540
VIC,20150914,22.6884,22.6884,22.4723,22.5837,477150
VIC,20150915,22.5804,22.5804,22.3643,22.5297,962630
VIC,20150916,22.5263,22.6344,22.4723,22.5297,1295070
VIC,20150917,22.6884,22.7964,22.5263,22.6917,454840
VIC,20150918,22.9045,22.9585,22.6884,22.6917,6992330
VIC,20150921,23.1746,23.2286,22.7964,23.178,1158500
VIC,20150922,23.1746,23.2286,23.0125,23.124,365500
VIC,20150923,22.9585,23.0665,22.9045,22.9619,707360
VIC,20150924,23.0665,23.0665,22.9045,22.9078,664570
VIC,20150925,22.9045,22.9045,22.6344,22.7458,636970
VIC,20150928,22.7424,22.7964,22.5263,22.6917,465240
VIC,20150929,22.5263,22.6344,22.3643,22.4756,431390
VIC,20150930,22.6344,22.6884,22.5263,22.5297,338130
VIC,20151001,22.6344,22.7424,22.4723,22.4756,417940
VIC,20151002,22.4723,22.5263,22.3643,22.4756,494680
VIC,20151005,22.4723,22.5263,22.4183,22.4756,472330
VIC,20151006,22.6884,22.7964,22.5804,22.7458,841260
VIC,20151007,22.7964,23.2826,22.5804,22.9619,2096590
VIC,20151008,22.9585,23.8228,22.9585,23.5022,2457280
VIC,20151009,23.4987,23.7148,23.3907,23.3941,1831340
VIC,20151012,23.3907,23.5527,23.2826,23.3401,974660
VIC,20151013,23.2826,23.3366,23.1206,23.124,1174250
VIC,20151014,22.9585,23.2286,22.9585,22.9619,1173050
VIC,20151015,23.0665,23.1206,22.9585,22.9619,539950
VIC,20151016,23.1206,23.1206,22.9585,23.124,368830
VIC,20151019,23.1206,23.1206,23.0125,23.0699,341820
VIC,20151020,23.0665,23.0665,22.7424,22.7998,576750
VIC,20151021,22.9585,22.9585,22.5263,22.5297,578460
VIC,20151022,22.5804,23.1206,22.5804,22.9619,478920
VIC,20151023,23.0125,23.9849,23.0125,23.9884,3208630
VIC,20151026,24.201,24.6871,24.0389,24.0424,2448930
VIC,20151027,23.9849,24.201,23.7688,23.9884,694730
VIC,20151028,24.0389,24.417,23.9849,23.9884,1220690
VIC,20151029,23.9849,24.8492,23.9849,24.8529,3769240
VIC,20151030,24.9032,24.9032,24.4711,24.5827,1867210
VIC,20151102,24.6331,24.7412,24.255,24.3126,1108090
VIC,20151103,24.309,24.8492,23.9309,24.8529,1349370
VIC,20151104,25.0113,25.2814,24.6331,24.6367,1389650
VIC,20151105,24.5791,24.9032,24.5791,24.5827,765040
VIC,20151106,24.5791,24.7412,24.309,24.3666,860260
VIC,20151109,24.4711,24.5251,24.201,24.3666,602460
VIC,20151110,24.201,24.363,24.0389,24.0424,832570
VIC,20151111,24.0389,24.201,23.7148,23.8263,1367910
VIC,20151112,23.6608,23.9849,23.0665,23.6102,2052850
VIC,20151113,23.6067,23.9309,23.6067,23.9344,758120
VIC,20151116,23.7148,23.8768,23.4447,23.4481,1007330
VIC,20151117,23.4987,23.7688,23.3907,23.4481,814300
VIC,20151118,23.5527,23.8228,23.3907,23.6102,686870
VIC,20151119,23.7148,23.7148,23.4447,23.4481,755330
VIC,20151120,23.6067,23.7148,23.4447,23.6102,679170
VIC,20151123,23.5527,23.7148,23.5527,23.6102,563750
VIC,20151124,23.6067,23.6608,23.3907,23.4481,478700
VIC,20151125,23.3907,23.4987,23.1746,23.4481,841660
VIC,20151126,23.4447,23.4447,23.2826,23.3401,236160
VIC,20151127,23.2826,23.3366,22.9585,23.0159,645100
VIC,20151130,22.8505,23.1206,22.7964,23.124,942170
VIC,20151201,23.1746,23.2286,23.0665,23.124,261670
VIC,20151202,23.0125,23.3907,23.0125,23.0159,723660
VIC,20151203,23.0125,23.1746,22.9585,23.124,417700
VIC,20151204,23.0125,23.1746,22.7964,22.8538,564530
VIC,20151207,22.9045,22.9045,22.6884,22.8538,804560
VIC,20151208,22.7424,23.0125,22.5804,22.9078,778590
VIC,20151209,22.9045,23.4447,22.5804,22.5837,1356520
VIC,20151210,22.5804,22.8505,22.3103,22.3135,622480
VIC,20151211,22.3103,22.4723,22.3103,22.4216,680860
VIC,20151214,22.3103,22.4723,22.2022,22.3135,614150
VIC,20151215,22.2562,22.5263,22.2562,22.4216,376440
VIC,20151216,22.5804,22.8505,22.4723,22.5297,522330
VIC,20151217,22.6884,22.8505,22.5804,22.6377,575650
VIC,20151218,22.6344,22.7424,21.608,21.6112,2466150
VIC,20151221,22.1482,22.4183,22.1482,22.4216,522360
VIC,20151222,22.4183,22.5804,22.3643,22.4756,366380
VIC,20151223,22.2562,22.6344,22.2562,22.5297,737670
VIC,20151224,22.6344,22.7424,22.5263,22.6917,672060
VIC,20151225,22.8505,22.9585,22.6884,22.9078,564790
VIC,20151228,22.9045,23.6067,22.9045,23.5022,1494140
VIC,20151229,23.4987,24.5791,23.2286,24.5827,2905940
VIC,20151230,24.8492,24.8492,23.7688,24.8529,2836200
VIC,20151231,24.6871,24.8492,24.363,24.6908,3361900
VIC,20160104,25.6595,25.6595,24.417,25.6633,4809120
VIC,20160105,25.3894,25.7675,25.2814,25.6633,2480100
VIC,20160106,25.6055,25.8756,25.2273,25.6633,1976280
VIC,20160107,25.2814,26.0376,25.1193,25.9334,2852010
VIC,20160108,25.6595,25.9296,25.3894,25.9334,1641950
VIC,20160111,25.9296,26.5238,25.7135,26.0955,1591300
VIC,20160112,26.0917,26.1457,25.7135,25.9334,1030900
VIC,20160113,25.9296,25.9296,25.4974,25.8794,2003030
VIC,20160114,25.4974,26.0376,25.4974,25.9334,2616100
VIC,20160115,25.9836,25.9836,25.6055,25.6633,931360
VIC,20160118,25.2814,25.7135,24.309,25.6633,2516720
VIC,20160119,25.4974,25.9836,25.4974,25.6633,736420
VIC,20160120,25.4434,25.9296,25.4434,25.6092,1569270
VIC,20160121,25.8216,25.9296,25.5515,25.8254,2201170
VIC,20160122,25.8216,26.5238,25.8216,26.0955,1432160
VIC,20160125,26.1997,26.1997,25.9296,26.0955,1960040
VIC,20160126,25.9296,26.1457,25.5515,25.9334,1779070
VIC,20160127,25.6595,25.7135,25.3354,25.6633,3440360
VIC,20160128,25.3894,26.0917,25.3894,26.0955,4244530
VIC,20160129,26.0376,26.0376,25.4974,25.7173,2231860
VIC,20160201,25.4974,25.8756,25.3894,25.3931,1133280
VIC,20160202,25.2273,25.4974,25.2273,25.3931,1017260
VIC,20160203,25.2273,25.3894,24.8492,25.3931,1102250
VIC,20160204,25.3894,25.6595,25.3894,25.3931,404050
VIC,20160205,25.0653,25.3894,25.0653,25.177,895260
VIC,20160215,25.1193,25.1733,24.5791,24.5827,685060
VIC,20160216,24.9572,24.9572,24.5791,24.6367,392060
VIC,20160217,25.0113,25.0113,24.5791,24.5827,259490
VIC,20160218,24.8492,24.9572,24.6871,24.8529,595150
VIC,20160219,24.7952,24.7952,23.9309,24.3666,1393710
VIC,20160222,24.363,24.417,24.0929,24.4206,724960
VIC,20160223,24.417,25.0113,24.417,24.6367,418590
VIC,20160224,24.5251,24.7952,24.363,24.5287,534860
VIC,20160225,24.5791,24.7952,24.5251,24.5827,528840
VIC,20160226,24.6331,24.7412,24.1469,24.3126,1235270
VIC,20160229,24.309,24.309,23.8228,23.8263,259290
VIC,20160301,23.9849,24.0929,23.5527,23.8263,956870
VIC,20160302,23.9849,24.363,23.8768,24.3126,560340
VIC,20160303,24.5251,24.5791,24.309,24.5287,491450
VIC,20160304,24.5251,24.8492,24.417,24.7448,802550
VIC,20160307,24.7412,25.1193,24.5791,24.7448,557500
VIC,20160308,24.6331,25.0653,24.6331,25.069,1079780
VIC,20160309,25.1193,25.3354,25.1193,25.123,1123530
VIC,20160310,25.1193,25.2814,25.0653,25.123,575310
VIC,20160311,25.1193,25.1193,24.5251,24.5287,560370
VIC,20160314,24.363,24.5791,24.309,24.5287,346630
VIC,20160315,24.5251,24.8492,24.201,24.3126,1073480
VIC,20160316,24.1469,24.255,24.0929,24.0965,434350
VIC,20160317,24.309,24.4711,24.255,24.3126,488110
VIC,20160318,24.309,24.363,23.8228,23.8263,5451040
VIC,20160321,24.1469,24.6331,24.1469,24.4206,1039980
VIC,20160322,24.417,24.6331,24.255,24.5827,657090
VIC,20160323,24.309,24.6331,24.0929,24.5287,1615870
VIC,20160324,24.5251,24.5791,24.309,24.3666,510060
VIC,20160325,24.309,24.8492,24.309,24.7448,1257200
VIC,20160328,24.9032,25.2814,24.7952,25.2311,820660
VIC,20160329,25.3894,25.6055,25.1733,25.2851,1482760
VIC,20160330,24.7952,25.3894,24.7952,25.3931,650730
VIC,20160331,25.0653,25.7135,25.0653,25.5012,1398070
VIC,20160401,25.4974,25.6055,25.2814,25.5012,548420
VIC,20160404,25.5515,25.5515,25.2814,25.4472,351710
VIC,20160405,25.4434,25.5515,25.1193,25.4472,323780
VIC,20160406,25.4434,25.7135,25.3354,25.7173,547050
VIC,20160407,25.7135,25.7675,25.4434,25.5012,289730
VIC,20160408,25.4974,25.7135,25.3354,25.6633,600280
VIC,20160411,25.6595,27.2801,25.6595,27.2841,1288260
VIC,20160412,28.0904,28.3605,27.5502,28.0945,1157120
VIC,20160413,28.0904,28.6306,27.2801,28.0945,807840
VIC,20160414,27.8203,29.4409,27.8203,28.3647,1075850
VIC,20160415,28.3605,29.4409,28.0904,28.0945,1549470
VIC,20160419,28.0904,28.0904,26.8479,26.8519,1021510
VIC,20160420,26.8479,27.5502,26.8479,27.2841,1417390
VIC,20160421,27.8203,28.3605,27.2801,27.8244,1196330
VIC,20160422,27.8203,29.711,27.8203,29.4452,1729690
VIC,20160425,29.9811,30.2512,28.3605,28.3647,1404690
VIC,20160426,28.3605,29.4409,28.3605,29.1751,724510
VIC,20160427,29.711,29.711,28.0904,28.6348,974580
VIC,20160428,28.6306,28.9007,28.0904,28.0945,520580
VIC,20160429,28.3605,28.6306,28.0904,28.3647,421970
VIC,20160504,27.8203,28.3605,27.5502,27.5543,755160
VIC,20160505,27.8203,28.6306,27.8203,27.8244,413180
VIC,20160506,28.0904,28.3605,28.0904,28.3647,813560
VIC,20160509,28.6306,28.6306,28.0904,28.0945,786590
VIC,20160510,28.0904,28.0904,27.5502,28.0945,698580
VIC,20160511,28.0904,28.9007,28.0904,28.905,865680
VIC,20160512,29.1708,29.4409,28.9007,28.905,469130
VIC,20160513,28.9007,29.1708,28.6306,28.905,793060
VIC,20160516,28.9007,29.9811,28.6306,29.7154,1233650
VIC,20160517,29.9811,29.9811,29.4409,29.4452,518280
VIC,20160518,29.4409,29.4409,28.9007,28.905,586250
VIC,20160519,29.4409,29.4409,28.6306,28.905,623940
VIC,20160520,28.9007,29.1708,27.8203,27.8244,1554880
VIC,20160523,28.0904,28.0904,27.2801,28.0945,1410160
VIC,20160524,28.6306,28.6306,27.8203,28.0945,471240
VIC,20160525,28.0904,28.3605,27.8203,28.0945,283630
VIC,20160526,28.0904,28.0904,27.2801,27.5543,611130
VIC,20160527,27.5502,28.0904,27.5502,27.8244,383940
VIC,20160530,28.0904,29.1708,28.0904,28.905,1078090
VIC,20160531,28.9007,29.1708,28.3605,28.3647,418750
VIC,20160601,28.6306,28.9007,28.3605,28.905,469570
VIC,20160602,28.9007,29.1708,28.6306,28.905,510870
VIC,20160603,28.9007,29.1708,28.6306,29.1751,345410
VIC,20160606,29.1708,29.4409,28.6306,28.905,295810
VIC,20160607,28.9007,29.4409,28.9007,29.4452,401370
VIC,20160608,29.4409,30.2512,29.1708,29.4452,1064310
VIC,20160609,29.4409,29.711,29.1708,29.4452,113090
VIC,20160610,29.4409,29.711,29.1708,29.1751,170630
VIC,20160613,28.9007,28.9007,28.3605,28.3647,631990
VIC,20160614,28.3605,28.9007,28.3605,28.905,278210
VIC,20160615,29.1708,29.4409,28.6306,28.905,311910
VIC,20160616,28.9007,29.1708,28.6306,28.905,455360
VIC,20160617,28.6306,28.9007,28.0904,28.0945,3234450
VIC,20160620,28.3605,29.1708,28.0904,28.905,231660
VIC,20160621,29.1708,29.4409,28.9007,29.1751,333390
VIC,20160622,29.1708,29.1708,28.3605,28.3647,464600
VIC,20160623,28.6306,28.9007,28.3605,28.6348,291630
VIC,20160624,28.6306,28.6306,26.6859,28.0945,1143290
VIC,20160627,28.7856,29.3253,28.7256,29.026,527320
VIC,20160628,29.0255,29.0255,28.6057,28.6062,414530
VIC,20160629,28.6057,29.0855,28.6057,28.7861,625710
VIC,20160630,29.0855,30.5847,28.9055,29.6257,814400
VIC,20160701,30.2849,30.8846,29.925,30.5853,888200
VIC,20160704,30.8846,31.1844,30.5847,30.5853,459790
VIC,20160705,30.8846,31.4843,30.5847,30.5853,579190
VIC,20160706,30.5847,30.8846,30.2849,30.5853,528660
VIC,20160707,30.8846,31.1844,30.2849,30.8851,640510
VIC,20160708,31.1844,31.1844,30.5847,30.8851,718620
VIC,20160711,30.8846,31.1844,30.2849,30.5853,632350
VIC,20160712,30.5847,31.1844,30.5847,31.185,1001810
VIC,20160713,31.4843,32.9835,31.4843,32.9841,1578230
VIC,20160714,32.9835,33.2834,32.084,32.0845,973530
VIC,20160715,32.3838,32.6837,31.7841,32.6842,373250
VIC,20160718,32.6837,32.6837,32.084,32.3844,519810
VIC,20160719,32.3838,32.6837,30.2849,31.185,1550450
VIC,20160720,31.1844,31.4843,29.985,29.9855,1193970
VIC,20160721,30.2849,30.8846,29.925,30.2854,622420
VIC,20160722,30.2849,30.5847,29.7451,29.9855,628770
VIC,20160725,30.2849,30.5847,29.985,30.2854,148890
VIC,20160726,30.2849,30.5847,29.8651,30.2854,266140
VIC,20160727,30.5847,30.5847,29.985,30.5853,335420
VIC,20160728,30.8846,31.7841,30.5847,31.4848,528660
VIC,20160729,31.4843,31.4843,30.5847,30.5853,359260
VIC,20160801,30.8846,31.1844,30.2849,30.8851,460650
VIC,20160802,30.2849,31.1844,30.2849,30.5853,1349020
VIC,20160803,29.985,30.2849,29.3853,29.5657,1214100
VIC,20160804,29.6852,29.7451,28.4858,28.4863,732590
VIC,20160805,27.8861,28.3658,26.6867,26.8071,1844020
VIC,20160808,26.8066,27.2864,24.9475,26.8071,3019390
VIC,20160809,26.6867,27.4663,26.6867,27.2868,827360
VIC,20160810,27.4063,29.1454,27.4063,29.1459,2852080
VIC,20160811,29.1454,29.5052,28.9055,29.3858,1964870
VIC,20160812,29.6852,29.6852,29.1454,29.3858,1226560
VIC,20160815,29.3853,29.3853,29.0855,29.3858,543500
VIC,20160816,29.3853,29.3853,28.4858,28.7261,1691880
VIC,20160817,28.7256,29.2054,28.1859,28.7261,1763870
VIC,20160818,29.3253,29.3253,28.6057,28.7261,432750
VIC,20160819,28.7856,29.0255,28.3058,28.6062,1158000
VIC,20160822,28.7856,28.7856,28.006,28.1264,1594810
VIC,20160823,28.006,29.0855,27.8261,29.086,1687820
VIC,20160824,29.0855,29.2654,28.9655,29.086,478690
VIC,20160825,29.0855,29.0855,28.6657,28.966,644830
VIC,20160826,28.7856,28.9655,28.7256,28.7861,240700
VIC,20160829,28.7856,29.2054,28.7856,28.7861,858310
VIC,20160830,28.7856,29.0255,28.4858,28.8461,233880
VIC,20160831,28.7856,29.0855,28.7256,28.8461,482190
VIC,20160901,28.9055,28.9655,28.5457,28.7861,349770
VIC,20160905,28.8456,28.8456,28.5457,28.7261,394080
VIC,20160906,28.9655,29.0255,28.7256,28.7261,598070
VIC,20160907,28.8456,28.8456,28.4258,28.4863,515100
VIC,20160908,28.7856,28.7856,28.5457,28.6662,334150
VIC,20160909,29.0855,29.3253,28.9055,29.2659,918320
VIC,20160912,29.985,29.985,29.3253,29.8656,728040
VIC,20160913,29.6852,29.925,29.3853,29.4458,393290
VIC,20160914,29.6852,29.6852,28.9655,28.966,801730
VIC,20160915,29.7513,30.4124,29.384,30.2684,824280
VIC,20160916,29.8982,31.5878,29.8982,31.5908,2866190
VIC,20160919,31.5878,31.5878,30.8532,31.0765,447860
VIC,20160920,30.6328,31.5878,30.4492,31.2969,779080
VIC,20160921,31.5878,32.2489,31.294,32.1051,739790
VIC,20160922,32.102,32.6162,32.102,32.3255,1031190
VIC,20160923,32.3959,32.5795,32.3224,32.5826,464830
VIC,20160926,32.5795,33.057,32.102,32.8397,420940
VIC,20160927,32.9835,33.7549,32.8366,33.7581,362780
VIC,20160928,33.4243,33.4243,32.3224,32.803,1071170
VIC,20160929,32.7999,33.0203,32.7632,33.0234,218130
VIC,20160930,32.6897,32.9101,31.2205,32.6928,170270
VIC,20161003,32.6897,32.6897,31.5878,31.5908,1050750
VIC,20161004,31.5878,32.3224,31.4409,32.3255,446930
VIC,20161005,32.5428,32.6897,32.102,32.1785,254440
VIC,20161006,32.1755,32.1755,31.294,31.3704,797640
VIC,20161007,31.5878,31.8816,31.147,31.4439,250280
VIC,20161010,31.7347,31.7347,30.8532,30.9296,286190
VIC,20161011,31.0001,31.2205,30.6328,30.9296,307500
VIC,20161012,30.9267,31.4409,30.9267,31.0031,164250
VIC,20161013,31.2205,31.6613,30.7797,31.5908,1097150
VIC,20161014,31.4776,31.8816,31.147,31.5908,628940
VIC,20161017,31.5878,31.6613,31.3674,31.5908,542930
VIC,20161018,31.5878,31.5878,31.2205,31.5173,320680
VIC,20161019,31.4776,32.1755,31.3674,32.1785,654870
VIC,20161020,32.0286,32.0286,31.5878,31.8112,331270
VIC,20161021,31.8082,31.8082,31.3674,31.5908,751380
VIC,20161024,31.5878,31.5878,31.2205,31.5908,587640
VIC,20161025,31.147,31.4776,31.0736,31.3704,555710
VIC,20161026,31.147,31.4409,30.8532,31.1867,434490
VIC,20161027,31.147,31.5143,30.8532,31.4439,1053560
VIC,20161028,31.4409,31.7347,31.294,31.4806,711780
VIC,20161031,31.2205,31.7715,31.0736,31.2235,980500
VIC,20161101,31.2205,31.4776,31.2205,31.4071,207880
VIC,20161102,31.4409,31.7347,31.0736,31.0765,481870
VIC,20161103,30.9267,31.4409,30.743,31.15,488460
VIC,20161104,30.8532,31.3674,30.8532,31.15,166620
VIC,20161107,31.147,31.4776,31.0736,31.4071,195260
VIC,20161108,31.3674,31.5143,31.294,31.4439,351360
VIC,20161109,31.5143,31.5143,30.8532,31.2235,846210
VIC,20161110,31.4409,31.5878,31.294,31.4439,254060
VIC,20161111,31.4409,32.3224,31.1103,32.3255,1006070
VIC,20161114,32.102,32.9101,31.5143,31.5173,1412440
VIC,20161115,31.5878,31.9551,31.2572,31.4071,404110
VIC,20161116,31.4042,31.8082,31.294,31.3704,465120
VIC,20161117,31.294,31.4409,30.8899,31.3704,993910
VIC,20161118,31.5878,31.5878,31.0736,31.2969,376190
VIC,20161121,31.2205,31.294,31.0001,31.2969,326180
VIC,20161122,31.147,31.3674,31.147,31.2969,261260
VIC,20161123,31.294,31.4409,31.2572,31.3704,286930
VIC,20161124,31.3674,31.3674,30.8899,31.2235,619360
VIC,20161125,31.0736,31.2205,30.4859,31.2235,1651400
VIC,20161128,30.7063,31.2205,30.1921,31.2235,1107530
VIC,20161129,31.2205,31.2205,30.4859,30.4888,986930
VIC,20161130,30.1553,30.8532,29.6778,30.8561,1461410
VIC,20161201,30.9267,31.0001,30.4859,30.8561,701120
VIC,20161202,30.4859,31.0001,30.4859,30.8561,627590
VIC,20161205,30.8532,30.9634,30.4124,30.8194,672940
VIC,20161206,30.7797,30.7797,30.0819,30.6357,563020
VIC,20161207,30.6328,30.9267,30.0084,30.8561,981090
VIC,20161208,30.4859,30.8532,30.4859,30.8561,713700
VIC,20161209,30.8532,30.8532,30.2655,30.8561,705920
VIC,20161212,30.5594,30.8532,30.339,30.8561,756230
VIC,20161213,30.8532,30.8532,30.1921,30.8561,1231230
VIC,20161214,30.8532,31.2205,30.5594,31.1867,830990
VIC,20161215,31.0736,31.147,30.743,30.8561,388600
VIC,20161216,30.8532,31.2205,30.3757,31.2235,3293250
VIC,20161219,31.294,31.8082,31.294,31.4439,620190
VIC,20161220,31.3307,31.5878,30.743,30.7459,876460
VIC,20161221,30.743,30.743,30.339,30.4153,766850
VIC,20161222,30.5594,30.9267,30.3757,30.8561,667670
VIC,20161223,30.5594,30.9267,30.5594,30.9296,282360
VIC,20161226,31.0001,31.0001,30.7797,30.8561,205460
VIC,20161227,30.9267,31.3307,30.8532,31.0765,260080
VIC,20161228,31.1838,31.1838,30.5226,30.5623,1112890
VIC,20161229,30.5594,30.8899,30.5594,30.7827,386900
VIC,20161230,30.5594,30.8532,30.5594,30.8561,704400
VIC,20170103,30.8532,30.8532,30.5594,30.5623,321500
VIC,20170104,30.5594,30.8899,30.5594,30.8929,314110
VIC,20170105,30.7797,31.147,30.7797,31.0765,359450
VIC,20170106,31.147,31.9551,31.1103,31.6643,850050
VIC,20170109,31.8082,31.9551,31.7347,31.7377,459010
VIC,20170110,31.7347,31.8082,31.4776,31.5173,432520
VIC,20170111,31.5143,31.9184,31.294,31.5908,415040
VIC,20170112,31.7347,31.8082,31.4776,31.5908,518850
VIC,20170113,31.6245,31.9184,31.5511,31.8112,506040
VIC,20170116,31.8082,31.8082,31.4776,31.4806,249960
VIC,20170117,31.5878,31.5878,31.0736,31.3337,662430
VIC,20170118,31.0736,31.3307,30.9267,30.9296,743470
VIC,20170119,30.9267,31.0736,30.7063,30.8561,1160620
VIC,20170120,30.9634,31.0001,30.743,30.8561,714290
VIC,20170123,31.0001,31.0001,30.6328,30.8561,729750
VIC,20170124,31.0001,31.0001,30.4859,30.4888,539560
VIC,20170125,30.7797,30.8532,30.4859,30.8561,788030
VIC,20170202,31.0736,31.4776,31.0736,31.2235,390520
VIC,20170203,31.2205,31.2205,30.8165,30.8561,397270
VIC,20170206,31.2205,31.294,30.8532,31.15,473180
VIC,20170207,31.147,31.4409,31.0001,31.4439,794850
VIC,20170208,31.5143,31.5143,31.3674,31.4071,334800
VIC,20170209,31.4409,31.4776,31.2572,31.3337,282170
VIC,20170210,31.294,31.4042,30.8899,31.2235,834560
VIC,20170213,31.2205,31.294,31.0736,31.2235,316160
VIC,20170214,31.294,31.4776,31.1838,31.2602,496140
VIC,20170215,31.294,32.8366,31.294,32.6928,2270860
VIC,20170216,32.6897,32.8366,32.3224,32.3255,871460
VIC,20170217,32.3959,32.3959,32.0286,32.3255,692670
VIC,20170220,32.1755,33.3508,31.8082,33.2805,804050
VIC,20170221,33.2774,34.5262,33.2774,34.1254,1291740
VIC,20170222,34.012,34.3793,33.4243,33.5744,885490
VIC,20170223,33.5712,33.7916,33.057,33.2438,584670
VIC,20170224,33.2407,33.7916,32.9835,33.2438,508290
VIC,20170227,33.7549,34.1589,33.2774,33.7581,788600
VIC,20170228,33.9385,33.9385,33.057,33.0601,1009600
VIC,20170301,32.8366,33.3141,32.5428,32.8397,651080
VIC,20170302,32.7632,33.0203,32.3224,32.3989,794680
VIC,20170303,32.653,32.9835,32.5428,32.6928,290560
VIC,20170306,32.9835,33.3508,32.7632,32.8765,366910
VIC,20170307,32.8734,33.2774,32.7632,32.9499,238620
VIC,20170308,32.9468,32.9468,32.3224,32.6928,554530
VIC,20170309,32.6897,32.6897,32.4693,32.4724,271170
VIC,20170310,32.4693,32.8366,32.3224,32.4724,841330
VIC,20170313,32.7632,32.8366,32.4693,32.4724,362880
VIC,20170314,32.4693,32.6897,32.3591,32.3622,370080
VIC,20170315,32.3959,32.4693,31.8082,31.9581,557540
VIC,20170316,31.7347,32.3224,31.7347,32.3255,192350
VIC,20170317,32.4693,32.9101,32.1755,32.1785,1070220
VIC,20170320,32.5428,32.6897,31.8082,31.8112,1170670
VIC,20170321,32.1755,32.1755,30.1186,30.4521,6736840
VIC,20170322,30.4492,31.147,30.4492,30.599,1495860
VIC,20170323,30.5961,31.294,30.5961,31.2235,1028940
VIC,20170324,31.0736,31.1838,30.9634,31.1133,1562480
VIC,20170327,30.9267,31.147,30.8532,31.1133,1056690
VIC,20170328,31.1103,31.1103,30.8532,30.8561,710950
VIC,20170329,31.0736,31.147,30.8532,31.0031,732520
VIC,20170330,31.0736,31.1103,30.8532,31.0031,665180
VIC,20170331,30.9267,31.1103,30.7063,30.7092,604220
VIC,20170403,30.7797,30.8532,30.4859,30.4888,623430
VIC,20170404,30.6328,30.8532,30.5226,30.8561,529490
VIC,20170405,30.8532,30.9267,30.5594,30.5623,526530
VIC,20170407,30.5594,30.8532,30.4859,30.8561,370920
VIC,20170410,30.8532,31.2205,30.7797,31.15,949330
VIC,20170411,30.9267,31.5511,30.9267,31.2602,1211260
VIC,20170412,31.2572,31.5143,30.8532,30.8929,660120
VIC,20170413,30.8899,31.4042,30.8899,31.15,860710
VIC,20170414,31.0001,31.1103,30.6328,30.6725,700080
VIC,20170417,30.6696,30.8532,29.935,30.6725,1273790
VIC,20170418,30.4859,30.8532,30.339,30.6357,420640
VIC,20170419,30.6328,30.6328,30.4492,30.4888,961170
VIC,20170420,30.4859,30.5594,29.7513,29.8276,1169510
VIC,20170421,29.5309,30.3023,29.5309,29.7541,473170
VIC,20170424,29.6044,30.0451,29.1269,29.3868,422960
VIC,20170425,29.384,29.7513,29.384,29.6439,291630
VIC,20170426,29.6778,29.7513,29.4575,29.6807,418510
VIC,20170427,29.6778,30.1186,29.6778,30.048,532960
VIC,20170428,29.7513,30.0451,29.6778,30.048,868180
VIC,20170503,30.1921,30.1921,29.6044,29.7541,330500
VIC,20170504,29.788,29.788,29.4575,29.6072,695060
VIC,20170505,29.6044,29.6778,29.4575,29.6807,518030
VIC,20170508,29.6778,29.788,29.4942,29.6807,457360
VIC,20170509,29.6778,30.0451,29.6044,29.9378,579970
VIC,20170510,29.788,29.9717,29.6778,29.7174,722530
VIC,20170511,29.7513,30.0084,29.7146,29.7541,861350
VIC,20170512,29.6778,29.8248,29.6044,29.7541,372820
VIC,20170515,29.7513,30.339,29.6044,30.048,655580
VIC,20170516,30.1186,30.4859,29.9717,30.4888,1007010
VIC,20170517,30.339,30.6328,30.2288,30.3419,538140
VIC,20170518,30.339,30.6328,30.1553,30.3419,815460
VIC,20170519,30.339,30.339,29.8982,30.048,645030
VIC,20170522,29.9717,30.4124,29.9717,30.2684,825830
VIC,20170523,30.2655,30.2655,29.9717,30.0113,799020
VIC,20170524,30.0084,30.0819,29.6778,29.7541,1407180
VIC,20170525,29.6044,29.7513,29.3473,29.4235,1822220
VIC,20170526,29.4575,29.7513,29.384,29.7541,724620
VIC,20170529,29.7513,29.935,29.384,29.8643,784880
VIC,20170530,29.6044,29.8248,29.5677,29.5705,665930
VIC,20170531,29.6044,29.8982,29.5309,29.5705,633970
VIC,20170601,29.7513,29.8615,29.5677,29.7909,710890
VIC,20170602,29.788,29.8615,29.6778,29.8276,630520
VIC,20170605,29.7513,29.8615,29.5677,29.8276,494100
VIC,20170606,29.935,29.935,29.788,29.8643,439540
VIC,20170607,29.8615,30.1186,29.8615,30.1215,494480
VIC,20170608,30.1921,30.7063,29.8982,30.3419,702230
VIC,20170609,30.4124,30.7063,30.4124,30.5623,538240
VIC,20170612,30.7063,31.1103,30.5594,31.1133,1150090
VIC,20170613,31.2572,31.5878,31.0369,31.5908,953070
VIC,20170614,31.5878,31.6613,30.2655,30.4888,1835800
VIC,20170615,30.5594,31.0736,30.5594,31.0765,777300
VIC,20170616,31.4776,31.5878,31.147,31.5908,3660640
VIC,20170619,31.2205,31.6613,31.1103,31.6643,756020
VIC,20170620,31.7347,31.7347,31.0736,31.0765,475170
VIC,20170621,31.0736,31.4409,30.8165,31.4439,556290
VIC,20170622,31.3307,31.3674,30.9267,30.9296,291210
VIC,20170623,30.7063,30.9267,30.7063,30.8929,452090
VIC,20170626,30.8899,31.5511,30.8899,31.4439,579860
VIC,20170627,31.4409,31.4409,31.2205,31.2969,217480
VIC,20170628,31.294,31.294,31.0369,31.1867,240730
VIC,20170629,31.4409,31.4409,31.0736,31.1133,171730
VIC,20170630,31.294,31.3674,31.0369,31.3704,452240
VIC,20170703,31.3674,31.3674,31.0001,31.0765,537620
VIC,20170704,31.0001,31.0736,30.4859,30.8561,938440
VIC,20170705,31.0736,31.147,30.5961,30.8561,493510
VIC,20170706,31.2205,31.2205,30.8532,31.15,324260
VIC,20170707,31.3307,31.3674,30.8532,30.8561,238900
VIC,20170710,31.0736,31.0736,30.1186,30.1949,555810
VIC,20170711,30.1921,30.9267,30.1921,30.9296,436010
VIC,20170712,31.1838,31.294,30.8532,31.2969,459760
VIC,20170713,31.294,31.294,30.7797,31.2969,552600
VIC,20170714,31.294,31.294,31.0001,31.2969,355150
VIC,20170717,31.2205,31.2205,30.7063,31.15,489240
VIC,20170718,30.4859,31.0736,30.4859,31.0765,146220
VIC,20170719,31.2205,31.2205,30.8165,30.8561,300130
VIC,20170720,30.8532,31.147,30.7063,31.15,259280
VIC,20170721,30.9267,31.1838,30.5961,31.1867,563380
VIC,20170724,31.1838,31.1838,30.7797,31.0031,222770
VIC,20170725,30.7063,30.9267,30.7063,30.8561,193720
VIC,20170726,30.8532,31.294,30.7063,31.2969,508260
VIC,20170727,30.9267,31.294,30.9267,31.0765,254710
VIC,20170728,31.0736,31.5143,30.8532,31.5173,431700
VIC,20170731,32.0286,32.6897,31.9551,32.6928,1244560
VIC,20170801,32.6897,32.6897,32.3224,32.6193,404610
VIC,20170802,32.2489,32.6897,32.2489,32.6193,388850
VIC,20170803,32.4693,32.9101,32.3224,32.6193,481890
VIC,20170804,32.7632,32.9835,32.6162,32.7295,436280
VIC,20170807,32.7264,32.7632,32.5428,32.6928,342670
VIC,20170808,32.6897,32.9835,32.6897,32.9867,655500
VIC,20170809,32.5428,33.057,31.9551,31.9581,631740
VIC,20170810,31.9551,32.1755,31.5878,31.7377,178660
VIC,20170811,31.7347,32.102,31.5143,31.9581,125330
VIC,20170814,31.9551,31.9918,31.7347,31.9581,227890
VIC,20170815,31.8816,31.9551,31.2205,31.2969,508250
VIC,20170816,31.2205,31.4776,31.147,31.4439,259540
VIC,20170817,31.5878,31.5878,31.147,31.4071,334020
VIC,20170818,31.4042,31.6613,31.147,31.4071,523350
VIC,20170821,31.0736,31.5143,31.0736,31.5173,297760
VIC,20170822,31.294,31.5878,31.294,31.4439,219070
VIC,20170823,31.7715,31.8082,31.4409,31.8112,141920
VIC,20170824,31.9551,32.2857,31.8082,31.9949,391490
VIC,20170825,31.9918,32.8734,31.9918,32.7295,625340
VIC,20170828,32.7264,33.4243,32.3959,33.4275,815250
VIC,20170829,33.3508,33.9385,33.0203,33.8315,1051820
VIC,20170830,33.8283,36.1423,33.8283,36.1457,1588730
VIC,20170831,35.9954,37.1708,35.6281,35.9988,1464890
VIC,20170901,35.775,36.6565,35.775,36.2927,613910
VIC,20170905,36.6565,36.9504,36.4362,36.8804,1083940
VIC,20170906,36.8769,36.8769,35.9954,36.7335,977140
VIC,20170907,36.73,36.73,36.2892,36.6967,468460
VIC,20170908,36.73,37.685,36.2525,37.1743,1674650
VIC,20170911,37.0238,37.0238,36.2158,36.2192,678430
VIC,20170912,35.7016,36.2158,35.7016,36.2192,1762650
VIC,20170913,36.2158,36.2525,35.2608,35.3376,983030
VIC,20170914,34.9302,36.73,34.9302,36.109,1038060
VIC,20170915,35.4077,36.3627,35.4077,35.9253,3535620
VIC,20170918,35.9219,36.2892,35.8485,35.9988,309400
VIC,20170919,35.9954,36.2158,35.8852,36.0723,677170
VIC,20170920,36.0689,36.1056,35.775,35.9988,587010
VIC,20170921,35.9954,36.0689,35.2975,36.0723,642630
VIC,20170922,36.1423,36.5096,35.4812,36.0723,635450
VIC,20170925,35.9954,36.2158,35.8485,35.9988,991050
VIC,20170926,35.9954,36.6933,35.8485,36.2927,1097210
VIC,20170927,36.5831,37.8319,36.5831,37.5416,1612010
VIC,20170928,37.7584,38.0523,37.3177,37.3212,802280
VIC,20170929,37.0973,37.6115,37.0973,37.6151,771460
VIC,20171002,37.6115,37.685,37.3911,37.4681,719100
VIC,20171003,37.5381,38.5665,37.5381,37.5416,2940110
VIC,20171004,37.7584,38.1992,37.6115,38.2028,1930800
VIC,20171005,38.2727,39.0807,38.1992,38.7171,1639860
VIC,20171006,38.7134,38.8603,38.4196,38.6436,1246450
VIC,20171009,38.493,38.493,37.685,38.2028,655850
VIC,20171010,37.8319,38.3461,37.2442,38.3498,1812200
VIC,20171011,38.3461,40.3295,38.3461,40.3334,1820720
VIC,20171012,40.0357,40.9907,39.5949,40.4068,955520
VIC,20171013,40.0357,41.1376,39.9622,41.1415,1163690
VIC,20171016,41.1376,41.2845,40.1092,40.113,1164490
VIC,20171017,40.2561,40.9907,40.0357,40.6272,611740
VIC,20171018,40.6234,40.9172,40.3295,40.3334,645210
VIC,20171019,40.3295,40.5499,40.0357,40.4068,652270
VIC,20171020,40.403,40.9907,40.1092,40.6272,1699930
VIC,20171023,40.6968,40.8438,40.403,40.7007,1042390
VIC,20171024,40.7703,40.9907,40.1826,40.7742,1015940
VIC,20171025,40.7703,40.8438,40.403,40.6272,639470
VIC,20171026,40.6234,40.6968,38.9338,40.6272,1424800
VIC,20171027,40.9907,42.166,40.5499,41.8762,1881040
VIC,20171030,42.166,42.9741,41.9457,42.6108,1520110
VIC,20171031,42.8272,43.1945,42.3864,42.9782,1225710
VIC,20171101,43.0476,43.1945,42.7537,43.0516,1443760
VIC,20171102,43.0476,44.076,42.9741,44.0802,1396970
VIC,20171103,44.0025,44.5168,43.3414,44.2271,1227960
VIC,20171106,44.3698,44.6637,44.076,44.4475,1023210
VIC,20171107,44.6637,45.9125,44.2964,45.5495,1645400
VIC,20171108,47.0144,48.1898,45.9125,48.1209,2031740
VIC,20171109,49.5855,51.422,49.2182,50.3983,1902810
VIC,20171110,49.8059,51.422,47.9694,48.4882,2037660
VIC,20171113,48.4836,50.3936,47.9694,50.3983,1213210
VIC,20171114,50.3201,51.0547,49.512,50.3983,1697460
VIC,20171115,50.6874,51.0547,49.4386,50.6922,2415870
VIC,20171116,49.9528,51.3485,49.9528,51.3534,1449350
VIC,20171117,51.5689,52.8912,51.3485,52.4554,1572620
VIC,20171120,52.7443,56.05,52.5239,56.0553,1958970
VIC,20171121,57.2988,59.9434,56.1969,56.5696,3764030
VIC,20171122,56.5642,57.8865,53.9931,55.8349,1670670
VIC,20171123,55.8296,57.1519,55.2419,56.2022,1302120
VIC,20171124,56.1969,56.1969,54.7277,54.7329,858280
VIC,20171127,54.3604,58.4007,52.8912,55.8349,2152690
VIC,20171128,56.9315,57.9599,55.8296,55.9818,1786250
VIC,20171129,56.5642,56.5642,55.9031,55.9818,1324620
VIC,20171130,55.9765,56.3438,54.7277,54.7329,1728020
VIC,20171201,54.7277,55.3888,54.2135,54.8064,966230
VIC,20171204,55.1685,56.7111,54.7277,55.9084,1716220
VIC,20171205,56.5642,57.6661,52.0097,53.6309,3682370
VIC,20171206,54.0666,54.0666,51.3485,53.6309,2680770
VIC,20171207,53.2585,54.2135,52.1566,52.8962,1010070
VIC,20171208,52.3035,53.9931,51.0547,53.6309,1767290
VIC,20171211,52.8912,53.7727,52.1566,52.8962,1057910
VIC,20171212,53.6258,53.6993,50.6874,52.3085,1138470
VIC,20171213,52.5239,53.0381,52.0831,52.8962,547600
VIC,20171214,52.8177,53.2585,52.1566,52.8962,477210
VIC,20171215,51.9362,52.6708,51.4955,51.5738,4185530
VIC,20171218,52.4504,54.3604,52.4504,54.3656,1199690
VIC,20171219,54.8012,55.4623,53.8462,53.9982,1006310
VIC,20171220,53.8462,54.2869,53.185,53.9982,1506770
VIC,20171221,54.2869,55.4623,53.6258,53.6309,1721550
VIC,20171222,54.14,55.5358,53.9196,55.541,2254940
VIC,20171225,55.8296,57.2988,55.6827,57.3042,1399540
VIC,20171226,57.5192,58.0334,57.1519,57.3042,2308080
VIC,20171227,57.2988,58.0334,56.3438,56.7165,2925370
VIC,20171228,56.9315,57.6661,56.858,56.8634,1109290
VIC,20171229,57.005,58.6945,56.5642,56.79,2105550
VIC,20180102,57.005,57.6661,56.858,57.4512,1435130
VIC,20180103,58.4007,61.1187,57.7396,59.1409,5014340
VIC,20180104,59.8699,61.0453,59.1353,59.5082,2937490
VIC,20180105,59.5026,59.5026,58.0334,58.7736,2825160
VIC,20180108,58.768,60.1637,58.1069,58.994,3978990
VIC,20180109,59.4291,60.6045,58.768,59.2144,3276860
VIC,20180110,59.5026,60.4576,59.2088,59.3613,3525280
VIC,20180111,59.3557,60.3841,58.8415,59.5082,3234530
VIC,20180112,59.8699,63.396,59.723,62.7408,5641810
VIC,20180115,63.4694,65.2325,63.2491,64.0632,3992270
VIC,20180116,64.0571,64.2775,62.441,63.1816,4033950
VIC,20180117,63.1756,63.7633,60.9718,61.7122,3664360
VIC,20180118,60.9718,62.0002,59.1353,62.0061,2516550
VIC,20180119,62.441,63.3225,61.7064,61.7122,4547470
VIC,20180122,62.0737,62.8818,61.7064,62.4469,1971820
VIC,20180125,62.441,65.7467,62.441,62.5204,6498690
VIC,20180126,63.1756,63.5429,62.3675,62.8143,1879950
VIC,20180129,63.1756,64.1306,62.5879,62.8143,1648430
VIC,20180130,62.8083,63.0287,61.3391,62.4469,2528460
VIC,20180131,62.8083,64.9386,62.5145,63.1816,5163910
VIC,20180201,64.2775,64.4979,62.441,63.6224,2444650
VIC,20180202,63.5429,65.0121,63.5429,64.0632,4141270
VIC,20180205,62.7348,63.1756,59.5761,59.5817,2587460
VIC,20180206,59.5761,59.5761,55.4623,59.5817,6416850
VIC,20180207,60.2372,60.8983,59.5026,59.5082,1569240
VIC,20180208,58.768,59.5026,58.0334,58.0389,1035980
VIC,20180209,55.8296,57.7396,54.7277,57.4512,1512070
VIC,20180212,58.0334,61.4126,58.0334,61.4184,1403590
VIC,20180213,62.441,63.9102,61.7064,63.2551,1361140
VIC,20180221,64.5713,67.5832,64.1306,66.1203,3032580
VIC,20180222,66.114,67.5832,65.4529,66.4876,2059700
VIC,20180223,66.8486,67.5832,66.8486,67.2957,1315690
VIC,20180226,67.5832,70.8889,67.5832,69.7936,2663650
VIC,20180227,70.8889,71.1827,67.9505,68.6916,2312070
VIC,20180228,67.8036,69.8605,67.8036,69.7201,1652330
VIC,20180301,69.3462,70.3747,68.5382,69.0589,1228940
VIC,20180302,67.5832,70.1543,67.5832,69.4263,876310
VIC,20180305,69.787,73.1662,69.0524,69.0589,1957990
VIC,20180306,70.5216,72.3581,69.0524,72.365,1563590
VIC,20180307,72.3581,73.46,70.8889,72.4384,1554880
VIC,20180308,71.9908,76.6922,71.9173,75.8179,2497640
VIC,20180309,75.8107,77.8676,73.46,76.0383,3193390
VIC,20180312,73.46,76.4719,73.2396,73.467,4156360
VIC,20180313,73.46,75.5903,73.3865,75.3771,1364520
VIC,20180314,75.2965,77.0595,75.2965,75.3036,2048400
VIC,20180315,75.5903,75.5903,73.0927,73.0996,2784640
VIC,20180316,73.2396,74.1946,73.0192,73.2466,3090070
VIC,20180319,76.6922,77.133,73.6069,76.6995,1201010
VIC,20180320,75.6638,77.5003,75.6638,76.5526,1045660
VIC,20180321,77.0595,79.7776,76.7657,79.3443,3520200
VIC,20180322,80.0714,81.3202,79.3368,79.3443,2262170
VIC,20180323,77.5738,81.6875,77.5003,80.4463,3455080
VIC,20180326,80.806,86.0217,79.7041,83.6054,4681960
VIC,20180327,85.9482,86.5359,82.9363,83.0177,3149210
VIC,20180328,83.0098,85.2136,82.4221,84.1197,1452270
VIC,20180329,84.1117,84.8463,83.3771,84.487,1580300
VIC,20180330,84.5525,86.0951,83.7444,86.1033,1733950
VIC,20180402,87.197,91.4577,86.6828,90.3644,2458390
VIC,20180403,89.7681,90.3558,88.7397,89.8501,2412640
VIC,20180404,90.3558,94.6899,90.3558,93.6704,1939060
VIC,20180405,96.9672,97.7018,95.2776,96.2417,3190050
VIC,20180406,95.498,97.3345,95.2776,97.2703,1954390
VIC,20180409,99.171,99.5383,97.7018,99.1069,3209490
VIC,20180410,99.171,100.4933,96.2326,96.2417,4492970
VIC,20180411,96.6734,98.0691,91.0904,92.5684,3216110
VIC,20180412,91.0904,93.8819,89.1804,93.303,3592730
VIC,20180413,94.0288,95.9388,93.2942,93.7438,2093210
VIC,20180416,94.0288,94.9103,91.4577,94.552,1686590
VIC,20180417,95.498,96.9672,93.6615,95.507,2303090
VIC,20180418,96.2326,96.9672,95.4245,95.4336,2306360
VIC,20180419,94.4696,94.7634,88.8131,88.8216,5509300
VIC,20180420,88.8131,91.4577,83.6709,90.3644,4165000
VIC,20180423,90.5027,92.4127,90.2089,90.5113,4834080
VIC,20180424,88.152,93.735,86.8297,93.303,8719000
VIC,20180426,93.1473,93.2942,90.2823,93.303,6434440
VIC,20180427,90.1354,92.9269,89.6212,92.5684,3015830
VIC,20180502,91.825,92.5596,88.152,91.8337,5204200
VIC,20180503,90.3558,92.6331,89.6212,90.3644,4728270
VIC,20180504,89.3274,91.8985,88.152,91.4664,3214170
VIC,20180507,90.7231,91.825,90.7231,91.5398,1059820
VIC,20180508,91.5312,91.7515,90.5027,91.0256,1263540
VIC,20180509,90.062,90.5027,89.4743,90.2909,1685960
VIC,20180510,90.2089,90.2089,88.152,88.5277,1783310
VIC,20180511,88.2255,91.0904,87.4174,91.099,1349320
VIC,20180514,91.825,96.9672,91.825,96.9764,2365670
VIC,20180515,98.3629,99.0241,96.9672,96.9764,1713520
VIC,20180516,96.9672,96.9672,94.0288,95.507,879210
VIC,20180517,95.498,95.498,89.9885,90.3644,1772650
VIC,20180518,89.6212,91.825,88.5193,90.3644,1523270
VIC,20180521,90.3558,90.3558,84.0382,84.0462,2255860
VIC,20180522,81.3937,83.7444,78.1614,78.1688,2590430
VIC,20180523,74.2681,78.088,72.7254,75.671,2360420
VIC,20180524,75.6638,77.133,74.3415,76.4791,3032350
VIC,20180525,76.4719,81.2468,73.46,78.6096,2656380
VIC,20180528,75.5169,81.5406,75.2965,81.5483,3154610
VIC,20180529,78.088,81.9079,77.9411,80.8137,1698700
VIC,20180530,80.8795,83.3771,77.7941,81.5483,1827510
VIC,20180531,82.1283,85.9482,80.0714,85.2217,5567040
VIC,20180601,84.7728,88.152,83.7444,87.4257,4227700
VIC,20180604,87.4174,88.2255,87.0501,88.1604,901540
VIC,20180605,88.152,89.9885,87.1236,88.9685,996780
VIC,20180606,88.152,91.3842,86.4624,91.1725,2053160
VIC,20180607,91.7515,92.1188,90.5027,91.246,1475370
VIC,20180608,90.5027,91.6781,89.6212,91.246,902860
VIC,20180611,91.0904,91.8985,89.9885,91.3194,1434380
VIC,20180612,88.152,91.5312,88.152,91.3929,2086270
VIC,20180613,89.6212,94.0288,89.6212,94.0377,1823230
VIC,20180614,94.6165,94.6165,91.825,92.5684,1578250
VIC,20180615,92.5596,93.1473,90.7231,90.7317,4770820
VIC,20180618,90.7231,92.4861,89.9885,90.6582,1411490
VIC,20180619,89.2539,90.6496,85.9482,90.3644,2024310
VIC,20180620,90.3558,91.825,89.6212,91.8337,872130
VIC,20180621,91.825,92.1923,89.7681,91.099,1700320
VIC,20180622,91.7515,91.7515,90.2089,90.2174,461620
VIC,20180625,91.825,91.825,90.3558,90.8786,562650
VIC,20180626,88.8866,91.0169,88.5193,90.8052,762320
VIC,20180627,90.7966,92.4127,90.3558,91.9806,1177710
VIC,20180628,93.345,98.4123,93.345,95.5675,1193310
VIC,20180629,93.4339,95.8342,93.4339,95.5675,2967850
VIC,20180702,94.234,96.4565,94.234,95.3008,953200
VIC,20180703,94.234,95.123,88.6333,88.6333,3208300
VIC,20180704,88.4555,94.4118,86.233,93.345,1971010
VIC,20180705,92.456,95.3897,91.567,94.6785,1420080
VIC,20180706,92.5449,95.0341,90.5002,94.4118,1431620
VIC,20180709,94.234,95.3897,92.9005,93.345,701990
VIC,20180710,93.345,94.6785,91.1225,91.567,795030
VIC,20180711,89.789,92.9005,88.9,92.9005,840120
VIC,20180712,91.567,93.2561,89.789,91.567,357710
VIC,20180713,92.6338,92.6338,90.678,91.567,564040
VIC,20180716,92.0115,92.0115,89.789,91.1225,1073340
VIC,20180717,89.789,92.5449,88.9,92.456,1207830
VIC,20180718,91.1225,93.345,91.1225,93.345,1918790
VIC,20180719,93.345,93.345,91.567,93.345,2857260
VIC,20180720,92.1004,93.345,92.0115,92.1004,2187590
VIC,20180723,92.456,94.6785,91.8337,92.456,1255810
VIC,20180724,92.456,93.8784,92.456,92.9005,1493670
VIC,20180725,92.9005,93.7006,92.5449,92.8116,755570
VIC,20180726,93.6117,94.234,92.8116,94.234,1297470
VIC,20180727,95.123,95.6564,93.9673,94.5896,1187590
VIC,20180730,95.0341,95.0341,93.8784,94.5896,1158200
VIC,20180731,94.234,95.5675,93.4339,94.5896,1902890
VIC,20180801,94.5007,95.5675,94.5007,94.6785,1267370
VIC,20180802,94.6785,95.4786,94.4118,94.8563,1629230
VIC,20180803,95.3008,100.1903,94.9452,99.1235,2531090
VIC,20180806,99.568,100.3681,97.5233,99.1235,3669840
VIC,20180807,98.679,99.1235,97.7011,98.0567,1103740
VIC,20180808,97.5233,98.5901,96.5454,96.7232,1617710
VIC,20180809,95.5675,96.6343,92.456,92.6338,2819240
VIC,20180810,92.456,94.0562,89.789,92.6338,1885210
VIC,20180813,92.0115,92.456,90.1446,91.3892,1730190
VIC,20180814,91.3892,92.9894,90.5002,91.8337,1167680
VIC,20180815,91.8337,92.7227,90.5891,90.5891,644810
VIC,20180816,88.9889,91.6559,88.9889,90.7669,1225510
VIC,20180817,90.7669,91.8337,90.7669,90.9447,449530
VIC,20180820,90.678,91.7448,90.678,91.2114,1000000
VIC,20180821,91.1225,91.6559,90.678,91.6559,1041910
VIC,20180822,92.0115,92.5449,91.6559,92.1004,795470
VIC,20180823,92.456,94.1451,92.456,92.9894,1808380
VIC,20180824,92.9894,93.4339,92.2782,92.456,1261290
VIC,20180827,92.5449,93.345,92.2782,92.6338,839360
VIC,20180828,92.1004,92.9005,92.0115,92.6338,617620
VIC,20180829,92.6338,92.6338,91.567,91.567,533720
VIC,20180830,91.567,92.0115,91.1225,91.9226,1172570
VIC,20180831,91.8337,91.9226,90.2335,91.9226,1811230
VIC,20180904,91.9226,91.9226,90.678,90.7669,343190
VIC,20180905,90.7669,91.3892,90.2335,90.2335,610500
VIC,20180906,89.8779,90.2335,87.122,87.122,918940
VIC,20180907,85.4329,88.011,85.4329,86.4108,698830
VIC,20180910,87.122,88.8111,86.3219,88.2777,896450
VIC,20180911,87.5665,90.678,87.5665,89.9668,726370
VIC,20180912,89.9668,91.567,89.8779,90.1446,629760
VIC,20180913,90.1446,90.678,88.9,89.1667,422540
VIC,20180914,89.1667,90.2335,88.6333,89.789,614370
VIC,20180917,89.6112,90.0557,87.9221,88.011,465650
VIC,20180918,87.122,88.5444,87.122,88.5444,613160
VIC,20180919,88.5444,88.9889,87.5665,87.6554,416470
VIC,20180920,87.2998,88.4555,87.2998,87.5665,449420
VIC,20180921,87.5665,88.2777,87.4776,87.6554,1584980
VIC,20180924,87.6554,89.1667,87.6554,88.5444,323610
VIC,20180925,88.4555,88.5444,88.1888,88.4555,426720
VIC,20180926,88.1888,88.2777,88.011,88.011,505180
VIC,20180927,87.6554,88.1888,87.5665,87.6554,497460
VIC,20180928,87.6554,87.6554,87.2109,87.3887,857910
VIC,20181001,88.8111,91.1225,87.5665,87.5665,1269410
VIC,20181002,88.8111,90.678,88.6333,90.678,1206840
VIC,20181003,91.567,92.3671,90.5002,90.8558,860380
VIC,20181004,90.7669,90.8558,89.4334,89.4334,635150
VIC,20181005,88.8111,89.2556,87.3887,87.5665,1868060
VIC,20181008,86.7664,87.3887,85.6996,85.8774,1766100
VIC,20181009,85.8774,86.4997,85.4329,85.8774,944590
VIC,20181010,85.8774,86.8553,85.7885,85.8774,1213420
VIC,20181011,82.677,83.9216,79.9211,82.677,3276160
VIC,20181012,82.677,86.6775,82.4992,85.344,1735640
VIC,20181015,85.344,85.9663,83.566,84.8995,720500
VIC,20181016,84.455,87.6554,83.7438,87.6554,1290720
VIC,20181017,88.011,88.5444,87.2998,88.011,1310430
VIC,20181018,87.5665,88.1888,87.122,88.0999,896140
VIC,20181019,85.7885,88.0999,85.7885,88.0999,915870
VIC,20181022,87.2109,88.5444,86.3219,88.0999,536930
VIC,20181023,87.2109,88.011,85.7885,88.011,608750
VIC,20181024,87.122,88.4555,86.6775,87.8332,681290
VIC,20181025,85.9663,87.2998,84.0994,86.0552,404050
VIC,20181026,85.5218,87.122,85.0773,85.6996,653110
VIC,20181029,84.8995,86.8553,84.455,86.4108,643700
VIC,20181030,84.8995,86.4997,84.8995,85.8774,452080
VIC,20181031,84.9884,86.4108,84.9884,86.4108,582470
VIC,20181101,85.7885,86.0552,84.455,84.8995,1225020
VIC,20181102,84.9884,85.9663,84.8995,85.344,1484060
VIC,20181105,85.344,85.7885,84.5439,85.344,664130
VIC,20181106,85.344,85.7885,84.8106,85.1662,597170
VIC,20181107,85.6107,85.6107,83.8327,85.344,608180
VIC,20181108,85.344,85.8774,85.1662,85.344,383030
VIC,20181109,84.455,85.344,84.455,85.2551,602570
VIC,20181112,85.1662,85.344,84.8995,85.2551,720990
VIC,20181113,84.2772,84.455,82.9437,82.9437,598800
VIC,20181114,83.2104,84.5439,83.0326,84.1883,450950
VIC,20181115,84.1883,84.1883,80.8101,81.5213,689540
VIC,20181116,81.5213,82.2325,79.8322,80.0989,895700
VIC,20181119,80.0989,85.6996,80.0989,85.6996,1553130
VIC,20181120,84.1883,86.4108,84.1883,86.4108,1470120
VIC,20181121,86.233,86.4997,84.455,86.4997,1609020
VIC,20181122,86.4108,87.122,85.7885,87.122,1345610
VIC,20181123,87.8332,88.011,86.233,88.011,1055870
VIC,20181126,88.011,89.3445,87.122,89.3445,642520
VIC,20181127,89.3445,91.7448,89.3445,90.2335,467400
VIC,20181128,90.2335,90.678,89.6112,90.678,577600
VIC,20181129,91.1225,91.567,90.4113,90.678,367130
VIC,20181130,89.789,90.678,86.6775,90.4113,1024240
VIC,20181203,90.5002,91.567,90.0557,90.5891,262710
VIC,20181204,91.0336,91.0336,90.3224,90.678,966490
VIC,20181205,90.5891,90.8558,89.789,90.7669,461240
VIC,20181206,90.7669,90.8558,89.8779,90.7669,251610
VIC,20181207,90.7669,90.8558,90.2335,90.8558,460960
VIC,20181210,90.678,90.8558,89.8779,90.7669,806730
VIC,20181211,90.7669,90.8558,90.1446,90.8558,457470
VIC,20181212,90.8558,91.0336,90.678,90.8558,403320
VIC,20181213,91.1225,92.3671,90.5002,91.3892,488820
VIC,20181214,90.8558,91.567,90.3224,91.3003,234660
VIC,20181217,90.678,91.3003,90.5891,91.1225,205950
VIC,20181218,90.5002,90.678,88.9,90.678,531470
VIC,20181219,90.678,90.9447,89.3445,90.678,506600
VIC,20181220,89.789,90.678,89.6112,90.5891,387370
VIC,20181221,89.3445,90.678,88.9,90.678,791040
VIC,20181224,90.678,90.8558,90.0557,90.678,216960
VIC,20181225,88.9889,90.5891,88.9889,90.5891,293610
VIC,20181226,89.789,90.5891,89.789,90.5891,367750
VIC,20181227,89.789,91.4781,89.789,91.0336,690680
VIC,20181228,91.8337,91.9226,84.7217,84.7217,381320
VIC,20190102,89.2556,90.0557,86.6775,89.2556,602450
VIC,20190103,88.9,89.1667,87.2998,89.1667,496950
VIC,20190104,88.9,89.5223,87.122,89.4334,458000
VIC,20190107,89.7001,91.567,88.8111,89.789,589150
VIC,20190108,90.678,90.678,88.6333,89.789,494300
VIC,20190109,89.789,90.5891,88.011,90.2335,659210
VIC,20190110,89.9668,90.2335,88.9,90.1446,551980
VIC,20190111,89.789,90.1446,88.9889,90.1446,569030
VIC,20190114,90.0557,90.5891,89.0778,90.1446,562930
VIC,20190115,90.1446,90.2335,89.2556,90.2335,711450
VIC,20190116,90.678,90.7669,89.6112,90.678,518160
VIC,20190117,90.678,90.8558,89.5223,90.678,325130
VIC,20190118,90.2335,90.8558,89.7001,90.8558,498290
VIC,20190121,90.8558,91.0336,90.0557,91.0336,404250
VIC,20190122,91.0336,91.0336,90.2335,91.0336,258070
VIC,20190123,90.678,92.1893,90.678,91.2114,299570
VIC,20190124,91.1225,91.4781,90.8558,91.3892,184720
VIC,20190125,91.3892,92.0115,90.8558,91.4781,306670
VIC,20190128,91.4781,92.1893,91.2114,92.1893,381260
VIC,20190129,93.2561,93.2561,91.567,92.3671,225310
VIC,20190130,92.3671,92.456,91.4781,92.3671,370040
VIC,20190131,92.456,92.9005,91.1225,92.3671,651020
VIC,20190201,92.2782,92.2782,87.8332,87.8332,2095840
VIC,20190211,90.5002,92.456,89.9668,92.456,527310
VIC,20190212,93.2561,96.9899,92.456,96.9899,769110
VIC,20190213,96.012,97.1677,95.3008,96.901,822040
VIC,20190214,96.901,100.457,96.901,100.3681,995310
VIC,20190215,100.457,100.457,99.568,99.568,670900
VIC,20190218,100.0125,101.0793,99.3013,101.0793,829150
VIC,20190219,100.9015,103.6574,100.9015,103.124,1002020
VIC,20190220,102.4128,103.9241,102.4128,103.5685,678800
VIC,20190221,103.5685,105.2576,103.3907,105.2576,1162700
VIC,20190222,104.902,105.2576,103.6574,104.013,720970
VIC,20190225,104.013,104.8131,103.0351,103.3907,624890
VIC,20190226,103.124,103.6574,100.9015,102.6795,792710
VIC,20190227,102.6795,104.8131,102.6795,104.3686,824620
VIC,20190228,104.013,104.3686,100.5459,101.346,1132410
VIC,20190301,101.346,104.013,101.346,102.3239,739260
VIC,20190304,103.7463,104.5464,102.9462,104.3686,660550
VIC,20190305,104.3686,104.7242,103.9241,104.2797,706060
VIC,20190306,104.6353,104.6353,104.1019,104.6353,377280
VIC,20190307,105.9688,108.9025,104.7242,105.9688,1797980
VIC,20190308,105.791,106.3244,104.9909,104.9909,845280
VIC,20190311,104.013,105.1687,104.013,105.1687,429390
VIC,20190312,105.791,106.1466,105.0798,105.4354,902200
VIC,20190313,105.3465,106.68,104.013,104.4575,1262350
VIC,20190314,103.5685,105.6132,102.7684,105.6132,1155340
VIC,20190315,106.0577,106.0577,104.8131,105.5243,1704580
VIC,20190318,106.68,107.8357,105.8799,107.8357,1114570
VIC,20190319,107.8357,108.8136,107.3023,107.569,1190080
VIC,20190320,107.569,107.569,105.8799,106.8578,780190
VIC,20190321,106.68,106.9467,104.013,104.013,1208480
VIC,20190322,104.013,105.7021,104.013,105.4354,1114660
VIC,20190325,104.013,104.2797,102.235,102.4128,886800
VIC,20190326,102.6795,103.8352,100.457,101.0793,846570
VIC,20190327,102.235,103.0351,101.2571,101.2571,772080
VIC,20190328,101.2571,103.0351,101.2571,103.0351,561880
VIC,20190329,103.0351,103.8352,103.0351,103.0351,1099970
VIC,20190401,103.4796,103.5685,102.9462,103.5685,828430
VIC,20190402,103.9241,104.1908,103.3018,103.3907,1036350
VIC,20190403,102.6795,103.124,101.7905,102.1461,464270
VIC,20190404,102.3239,102.9462,101.4349,102.3239,383730
VIC,20190405,102.5017,102.5906,101.8794,102.3239,235790
VIC,20190408,102.4128,102.9462,102.0572,102.6795,435190
VIC,20190409,103.124,103.124,100.2792,100.457,1156710
VIC,20190410,100.457,101.346,98.5901,99.3902,696000
VIC,20190411,99.3902,102.235,99.3902,102.235,350810
VIC,20190412,102.235,102.235,100.457,100.6348,551990
VIC,20190416,97.3455,100.5459,96.012,100.5459,1231190
VIC,20190417,98.9457,100.457,97.79,97.79,960220
VIC,20190418,97.3455,97.79,93.345,96.901,891240
VIC,20190419,97.79,98.3234,96.1898,97.8789,414050
VIC,20190422,96.901,99.4791,95.123,99.4791,794060
VIC,20190423,99.4791,100.457,98.679,100.457,534660
VIC,20190424,100.457,101.346,99.6569,101.1682,447820
VIC,20190425,101.1682,101.1682,99.568,100.9904,503490
VIC,20190426,99.568,101.0793,99.568,101.0793,826050
VIC,20190502,101.1682,101.2571,100.457,100.9904,190970
VIC,20190503,101.0793,101.0793,99.6569,100.0125,705500
VIC,20190506,99.568,99.8347,97.9678,99.7458,290580
VIC,20190507,99.7458,100.7237,98.679,100.1014,421350
VIC,20190508,99.1235,100.1903,99.0346,100.1014,348500
VIC,20190509,100.1903,100.1903,99.2124,100.1014,314140
VIC,20190510,100.1014,100.457,99.7458,100.1903,289160
VIC,20190513,99.4791,100.3681,99.3013,100.3681,439200
VIC,20190514,99.568,100.9015,99.4791,100.9015,539280
VIC,20190515,100.9015,103.3018,100.8126,102.5017,456790
VIC,20190516,102.5017,105.7021,102.5017,103.9241,773010
VIC,20190517,104.013,104.9909,103.2129,103.9241,464260
VIC,20190520,104.013,104.4575,103.2129,104.4575,406340
VIC,20190521,105.5243,105.5243,103.3907,104.4575,708620
VIC,20190522,104.4575,104.9909,103.124,104.4575,382330
VIC,20190523,104.013,104.5464,103.3018,104.013,249830
VIC,20190524,102.6795,103.3018,101.6127,102.235,628560
VIC,20190527,101.346,103.0351,101.346,102.235,166080
VIC,20190528,103.124,103.124,101.346,101.346,503270
VIC,20190529,102.1461,102.5906,101.346,102.4128,357950
VIC,20190530,102.4128,103.3018,102.235,102.235,572810
VIC,20190531,102.9462,102.9462,101.8794,101.8794,296610
VIC,20190603,101.346,102.6795,100.457,101.7905,281510
VIC,20190604,100.9904,102.5906,100.9904,101.8794,262740
VIC,20190605,102.235,103.0351,102.235,103.0351,244400
VIC,20190606,103.0351,103.0351,101.7016,103.0351,167500
VIC,20190607,103.6574,104.013,103.2129,104.013,286940
VIC,20190610,104.1908,105.5243,104.1908,104.5464,955890
VIC,20190611,104.5464,104.7242,104.013,104.013,308910
VIC,20190612,104.013,104.4575,103.124,103.124,258350
VIC,20190613,102.4128,103.0351,102.4128,102.6795,267940
VIC,20190614,103.124,103.124,101.6127,102.6795,350180
VIC,20190617,103.0351,103.5685,101.1682,101.7905,415390
VIC,20190618,101.9683,102.235,101.1682,101.346,433860
VIC,20190619,103.0351,103.0351,101.7905,103.0351,135220
VIC,20190620,103.3018,104.1019,102.7684,103.124,317480
VIC,20190621,101.7905,103.8352,101.7905,101.7905,594210
VIC,20190624,102.235,103.6574,102.235,103.4796,228390
VIC,20190625,103.5685,104.1908,103.3907,103.4796,510700
VIC,20190626,103.9241,104.013,103.124,103.9241,515020
VIC,20190627,102.1461,104.013,102.1461,102.1461,398280
VIC,20190628,102.8573,103.0351,101.0793,102.8573,468590
VIC,20190701,104.1908,104.1908,103.2129,104.1908,562110
VIC,20190702,102.9462,104.2797,102.9462,102.9462,268150
VIC,20190703,102.6795,103.124,101.6127,102.5906,260170
VIC,20190704,102.6795,103.5685,102.235,103.5685,265260
VIC,20190705,103.124,103.8352,102.9462,103.7463,307400
VIC,20190708,103.5685,103.7463,102.9462,103.124,285840
VIC,20190709,103.124,103.2129,102.4128,103.124,187330
VIC,20190710,104.013,104.4575,103.5685,103.8352,377060
VIC,20190711,104.2797,104.4575,102.7684,103.5685,363380
VIC,20190712,103.9241,104.013,103.124,103.124,169920
VIC,20190715,103.9241,103.3018,101.1682,101.5238,514900
VIC,20190716,102.235,103.5685,101.5238,103.0351,473360
VIC,20190717,103.124,103.3907,102.235,102.6795,213640
VIC,20190718,102.235,103.0351,102.0572,102.0572,454560
VIC,20190719,102.235,103.124,102.0572,103.124,476260
VIC,20190722,103.124,103.5685,102.235,103.5685,395900
VIC,20190723,103.5685,106.9467,103.5685,106.5022,1502160
VIC,20190724,107.1245,108.6358,106.8578,108.458,661870
VIC,20190725,107.2134,111.2139,107.2134,109.5248,740440
VIC,20190726,109.0803,109.6137,108.1024,108.5469,416560
VIC,20190729,109.347,110.5916,108.5469,110.5916,566870
VIC,20190730,110.5916,111.125,108.458,108.9025,366670
VIC,20190731,108.9025,109.5248,106.8578,108.458,406490
VIC,20190801,109.347,110.6805,108.9025,110.5916,365850
VIC,20190802,108.458,109.4359,108.3691,108.9025,483120
VIC,20190805,108.5469,108.5469,104.902,104.902,760020
VIC,20190806,103.124,106.5022,102.6795,106.5022,441590
VIC,20190807,103.124,106.8578,104.5464,104.902,345950
VIC,20190808,104.902,108.9025,104.902,108.458,545170
VIC,20190809,108.458,108.9025,106.8578,106.8578,400990
VIC,20190812,106.8578,107.7468,106.68,106.68,107460
VIC,20190813,106.5911,106.68,104.902,104.9909,310330
VIC,20190814,106.2355,106.68,105.0798,105.4354,302420
VIC,20190815,104.013,107.569,104.013,107.569,327120
VIC,20190816,106.3244,108.7247,106.3244,108.458,347380
VIC,20190819,108.9025,108.9025,108.0135,108.3691,211950
VIC,20190820,108.3691,108.9025,107.569,107.569,206540
VIC,20190821,107.569,108.9025,107.569,108.8136,252820
VIC,20190822,109.347,112.4585,109.0803,112.1029,671970
VIC,20190823,112.1029,112.1029,110.7694,111.125,513250
VIC,20190826,111.125,111.125,109.7026,110.9472,355930
VIC,20190827,111.0361,111.7473,108.9025,108.9025,397260
VIC,20190828,108.6358,109.7915,108.3691,108.458,242730
VIC,20190829,109.7915,109.7915,107.6579,108.9025,350460
VIC,20190830,109.7915,110.1471,108.458,109.7915,220710
VIC,20190903,109.7915,110.5916,108.6358,109.347,174400
VIC,20190904,109.347,109.7915,108.1913,108.8136,385500
VIC,20190905,109.2581,109.7026,108.458,108.458,303110
VIC,20190906,108.458,109.347,107.569,107.6579,280330
VIC,20190909,108.3691,109.1692,107.6579,108.9914,165730
VIC,20190910,109.347,109.5248,108.458,108.458,247180
VIC,20190911,108.458,109.1692,107.569,108.0135,176620
VIC,20190912,108.0135,108.5469,107.8357,108.0135,188180
VIC,20190913,108.5469,109.2581,107.3912,108.8136,278500
VIC,20190916,108.458,110.8583,108.458,109.1692,330670
VIC,20190917,108.5469,110.0582,108.458,109.1692,416830
VIC,20190918,108.9025,109.1692,108.5469,108.6358,181830
VIC,20190919,108.9025,109.1692,107.9246,108.0135,345240
VIC,20190920,107.9246,108.3691,106.1466,106.1466,1827050
VIC,20190923,106.2355,107.0356,105.7021,105.791,478830
VIC,20190924,105.791,107.0356,105.791,106.7689,258080
VIC,20190925,106.7689,106.9467,105.791,106.4133,256590
VIC,20190926,106.68,106.68,105.6132,105.791,334000
VIC,20190927,105.791,106.9467,105.6132,106.5022,264300
VIC,20190930,106.68,107.7468,106.3244,106.5022,308680
VIC,20191001,107.1245,107.4801,106.4133,106.5911,151960
VIC,20191002,106.5911,107.1245,104.902,104.902,545260
VIC,20191003,104.1908,104.902,104.1019,104.902,650460
VIC,20191004,104.902,105.5243,104.6353,104.902,249050
VIC,20191007,104.902,104.9909,103.5685,104.013,467120
VIC,20191008,104.902,104.2797,103.4796,104.1019,353740
VIC,20191009,103.9241,105.1687,103.7463,104.013,221530
VIC,20191010,104.4575,104.6353,103.8352,103.9241,273470
VIC,20191011,104.4575,104.902,103.7463,104.902,328950
VIC,20191014,105.3465,106.5022,104.4575,104.902,358150
VIC,20191015,104.902,106.0577,104.902,105.2576,222070
VIC,20191016,104.902,105.791,104.6353,104.902,224670
VIC,20191017,104.8131,105.3465,103.9241,104.013,479110
VIC,20191018,104.013,104.013,103.5685,104.013,261460
VIC,20191021,104.013,105.1687,103.124,103.9241,205580
VIC,20191022,104.902,104.902,103.8352,103.8352,175690
VIC,20191023,103.8352,104.4575,103.8352,104.1019,130200
VIC,20191024,104.1019,104.1908,103.5685,104.1908,396910
VIC,20191025,104.013,104.3686,103.7463,104.1908,293710
VIC,20191028,104.013,104.9909,103.7463,104.6353,268360
VIC,20191029,104.6353,104.8131,104.3686,104.7242,187020
VIC,20191030,104.902,106.5911,104.7242,106.3244,600930
VIC,20191031,106.68,107.0356,105.791,105.791,840720
VIC,20191101,106.68,108.9025,106.2355,108.9025,749070
VIC,20191104,108.9025,108.9025,107.3023,108.1913,309680
VIC,20191105,107.569,108.458,107.4801,108.0135,260520
VIC,20191106,108.0135,108.9025,107.569,108.3691,517800
VIC,20191107,108.458,108.7247,107.3912,107.3912,246740
VIC,20191108,108.1024,108.1024,106.68,107.1245,492950
VIC,20191111,107.1245,107.1245,105.7021,105.7021,281300
VIC,20191112,105.7021,106.5911,105.4354,106.1466,158520
VIC,20191113,105.7021,106.1466,105.2576,105.791,323490
VIC,20191114,105.791,106.5022,105.6132,106.0577,250100
VIC,20191115,105.9688,107.3912,105.6132,106.3244,238410
VIC,20191118,106.5022,106.5022,104.8131,104.9909,267820
VIC,20191119,104.902,105.0798,103.8352,104.1019,491510
VIC,20191120,104.1908,104.1908,103.124,103.124,705410
VIC,20191121,104.013,104.013,101.1682,102.5017,1567980
VIC,20191122,103.3018,103.9241,102.5017,103.3018,308940
VIC,20191125,103.3018,103.3018,102.6795,103.124,234180
VIC,20191126,103.124,103.124,102.3239,102.4128,1027110
VIC,20191127,102.4128,103.3907,102.3239,102.7684,304630
VIC,20191128,102.3239,103.124,101.6127,102.8573,232980
VIC,20191129,102.8573,103.2129,101.7905,102.8573,205040
VIC,20191202,102.6795,103.3907,101.1682,102.235,300040
VIC,20191203,102.235,103.3907,101.5238,102.235,300130
VIC,20191204,101.5238,102.6795,101.5238,102.6795,179900
VIC,20191205,103.124,103.2129,102.6795,102.9462,167250
VIC,20191206,103.124,103.3907,102.5906,103.0351,144740
VIC,20191209,102.9462,103.0351,102.235,103.0351,188330
VIC,20191210,102.6795,103.0351,100.9904,103.0351,575810
VIC,20191211,103.0351,103.0351,101.7905,103.0351,301370
VIC,20191212,103.124,103.124,102.4128,103.124,334050
VIC,20191213,102.9462,103.124,102.1461,103.124,295370
VIC,20191216,103.124,103.124,102.0572,102.9462,377010
VIC,20191217,102.9462,102.9462,101.7905,102.9462,273030
VIC,20191218,102.235,103.0351,101.7905,102.9462,847090
VIC,20191219,102.235,103.124,101.346,102.9462,974360
VIC,20191220,102.9462,102.9462,101.9683,102.9462,839200
VIC,20191223,102.9462,102.9462,101.6127,102.8573,591380
VIC,20191224,102.7684,102.7684,101.6127,102.6795,449960
VIC,20191225,102.5017,102.6795,101.6127,102.6795,348350
VIC,20191226,102.5017,102.8573,101.7016,102.5906,507390
VIC,20191227,102.5906,102.5906,101.346,102.4128,564070
VIC,20191230,101.7905,102.235,101.5238,102.235,504080
VIC,20191231,102.235,102.235,101.4349,102.235,614630
VIC,20200102,102.1461,102.235,101.346,102.235,440280
VIC,20200103,102.235,102.5017,101.6127,102.5017,248940
VIC,20200106,102.235,102.235,101.7016,101.7905,301910
VIC,20200107,101.7905,102.235,101.6127,101.9683,183910
VIC,20200108,101.7905,101.9683,100.9904,101.6127,468910
VIC,20200109,101.6127,102.3239,101.5238,101.9683,273870
VIC,20200110,102.235,102.235,101.9683,102.0572,159120
VIC,20200113,101.9683,102.3239,101.7905,102.1461,146680
VIC,20200114,102.1461,102.3239,101.6127,102.235,101150
VIC,20200115,102.235,102.235,101.6127,102.235,205600
VIC,20200116,102.235,102.3239,101.6127,102.235,186740
VIC,20200117,102.1461,102.3239,101.7016,102.1461,169100
VIC,20200120,102.1461,102.1461,101.6127,102.1461,370670
VIC,20200121,101.6127,102.235,101.6127,102.1461,181510
VIC,20200122,102.1461,102.1461,101.5238,102.1461,371780
VIC,20200130,101.4349,102.1461,99.6569,102.1461,682720
VIC,20200131,102.1461,102.1461,100.9904,102.0572,831740
VIC,20200203,102.0572,102.0572,99.8347,102.0572,760420
VIC,20200204,100.9904,102.0572,99.3902,102.0572,1485500
VIC,20200205,102.0572,102.0572,100.457,101.7905,468420
VIC,20200206,101.7016,101.9683,100.2792,101.7016,676290
VIC,20200207,101.346,101.7016,99.568,101.7016,1295520
VIC,20200210,100.457,101.4349,100.457,101.0793,192700
VIC,20200211,100.9015,101.5238,100.457,100.8126,290630
VIC,20200212,100.8126,100.8126,99.568,99.568,452790
VIC,20200213,99.1235,100.1903,99.0346,99.9236,285340
VIC,20200214,99.8347,100.1014,97.79,97.79,252390
VIC,20200217,97.79,97.79,93.345,96.012,742220
VIC,20200218,95.123,95.123,92.456,92.9005,791870
VIC,20200219,92.0115,95.123,92.0115,93.345,875320
VIC,20200220,94.234,97.79,93.345,97.79,353570
VIC,20200221,96.5454,97.79,95.8342,97.7011,309060
VIC,20200224,95.2119,96.012,93.7895,95.3897,1428650
VIC,20200225,94.8563,95.3897,94.1451,95.123,543820
VIC,20200226,92.456,94.7674,92.456,94.1451,625410
VIC,20200227,94.0562,94.234,92.5449,93.8784,740420
VIC,20200228,93.345,93.7006,91.567,93.7006,870840
VIC,20200302,92.456,93.7006,91.3003,93.7006,742130
VIC,20200303,93.4339,93.8784,92.9005,93.7895,557950
VIC,20200304,92.9894,93.7895,92.0115,93.7895,443810
VIC,20200305,93.4339,94.1451,92.2782,93.8784,352300
VIC,20200306,93.345,93.345,91.6559,93.345,750830
VIC,20200309,90.2335,90.678,86.8553,86.8553,966890
VIC,20200310,82.677,88.1888,81.0768,86.8553,825490
VIC,20200311,87.122,87.122,80.9879,86.233,1049580
VIC,20200312,80.899,82.0547,80.2767,81.6102,1896270
VIC,20200313,76.454,82.2325,75.9206,82.2325,1226880
VIC,20200316,81.788,82.2325,76.9874,82.2325,971340
VIC,20200317,78.6765,82.0547,77.8764,78.6765,681330
VIC,20200318,78.1431,80.01,76.8985,79.121,785390
VIC,20200319,77.2541,78.8543,73.8759,78.8543,1103680
VIC,20200320,78.8543,78.8543,73.3425,73.3425,1083480
VIC,20200323,69.342,69.6087,68.2752,68.2752,678160
VIC,20200324,63.8302,66.675,63.5635,63.5635,1474050
VIC,20200325,63.5635,68.0085,60.452,68.0085,1401570
VIC,20200326,68.9864,72.7202,67.2084,72.7202,1242250
VIC,20200327,72.898,77.6986,70.6755,77.1652,1149310
VIC,20200330,71.8312,72.898,71.8312,72.3646,881240
VIC,20200331,72.3646,77.343,71.4756,74.1426,1296450
VIC,20200401,73.3425,77.343,72.009,76.454,437820
VIC,20200403,76.454,80.899,76.454,80.899,1184500
VIC,20200406,81.788,86.4997,81.1657,86.4997,2698260
VIC,20200407,86.7664,89.7001,82.677,86.4997,2855700
VIC,20200408,86.233,86.233,83.566,83.566,760120
VIC,20200409,83.566,86.4997,83.3882,85.344,1560610
VIC,20200410,85.344,86.0552,83.2993,84.455,983120
VIC,20200413,85.1662,85.344,84.3661,85.344,1411550
VIC,20200414,85.7885,85.7885,84.0105,84.9884,631630
VIC,20200415,84.9884,85.344,84.3661,85.344,1176850
VIC,20200416,85.344,85.344,84.1883,85.2551,845580
VIC,20200417,84.7217,85.4329,79.2988,85.4329,1191510
VIC,20200420,85.4329,85.6996,84.3661,85.5218,1055020
VIC,20200421,84.8995,84.8995,82.2325,82.677,892270
VIC,20200422,81.788,82.4992,80.4545,82.2325,884070
VIC,20200423,82.677,84.3661,82.4103,82.677,347420
VIC,20200424,82.677,83.4771,82.1436,82.677,300240
VIC,20200427,84.455,84.455,81.788,81.788,453720
VIC,20200428,82.2325,82.5881,81.3435,81.788,222920
VIC,20200429,81.6991,83.0326,80.4545,81.6991,314400
VIC,20200504,81.6991,82.2325,80.01,81.6102,259550
VIC,20200505,81.6102,82.677,81.6102,82.4103,274700
VIC,20200506,82.3214,84.455,82.2325,84.455,773570
VIC,20200507,84.455,85.344,83.566,85.344,617800
VIC,20200508,85.6996,88.9,85.4329,86.6775,1683960
VIC,20200511,86.6775,87.122,85.2551,86.6775,1358920
VIC,20200512,86.5886,86.5886,84.455,86.233,770030
VIC,20200513,84.5439,85.344,81.3435,84.455,2652530
VIC,20200514,84.455,85.9663,83.4771,85.344,1002810
VIC,20200515,85.344,86.6775,85.1662,86.233,327650
VIC,20200518,86.233,86.233,84.8995,85.7885,229440
VIC,20200519,86.3219,86.5886,85.344,85.7885,729850
VIC,20200520,85.6996,86.233,85.4329,85.8774,254730
VIC,20200521,86.233,87.122,86.1441,87.122,674380
VIC,20200522,87.122,87.122,85.6996,85.6996,292930
VIC,20200525,85.5218,86.3219,85.344,86.3219,216400
VIC,20200526,86.233,86.6775,85.6996,86.1441,360000
VIC,20200527,86.1441,87.0331,85.7885,86.1441,591440
VIC,20200528,86.1441,86.6775,85.6107,86.233,314790
VIC,20200529,86.233,86.6775,85.8774,86.233,493500
VIC,20200601,86.233,86.4108,85.7885,86.4108,481490
VIC,20200602,86.4108,86.4108,85.7885,85.9663,501700
VIC,20200603,85.7885,86.0552,84.8995,86.0552,466430
VIC,20200604,86.0552,86.0552,85.344,85.344,550740
VIC,20200605,85.344,85.5218,84.455,84.455,525870
VIC,20200608,84.6328,86.7664,84.6328,85.344,482180
VIC,20200609,86.233,86.233,85.4329,85.5218,318400
VIC,20200610,85.5218,85.5218,84.8106,84.9884,488490
VIC,20200611,84.9884,85.5218,82.677,82.677,761540
VIC,20200612,80.01,82.2325,79.9211,81.6102,875940
VIC,20200615,82.677,82.677,79.121,79.121,791710
VIC,20200616,81.3435,84.2772,79.9211,83.0326,658480
VIC,20200617,82.677,83.0326,80.4545,81.6991,380880
VIC,20200618,81.6991,82.2325,80.8101,80.899,312850
VIC,20200619,80.899,86.4997,80.899,86.4997,1840100
VIC,20200622,86.233,86.233,84.6328,86.1441,508020
VIC,20200623,85.5218,85.6107,83.7438,83.7438,432630
VIC,20200624,84.0105,84.5439,83.566,84.1883,214320
VIC,20200625,82.9437,83.9216,82.4992,83.0326,169470
VIC,20200626,83.1215,83.9216,81.3435,81.3435,222240
VIC,20200629,81.3435,81.6991,79.121,79.121,359370
VIC,20200630,80.899,80.899,79.121,79.121,350550
VIC,20200701,80.4545,81.3435,79.121,80.899,92060
VIC,20200702,80.5434,80.9879,79.5655,79.9211,420700
VIC,20200703,80.8101,80.899,79.9211,80.1878,163320
VIC,20200706,80.1878,81.6991,80.1878,81.2546,284020
VIC,20200707,81.3435,81.9658,80.899,80.899,336860
VIC,20200708,80.7212,81.3435,80.0989,80.7212,187450
VIC,20200709,80.7212,81.6102,80.6323,80.899,399710
VIC,20200710,80.899,81.788,80.899,81.2546,193330
VIC,20200713,81.3435,81.4324,80.899,81.1657,349810
VIC,20200714,81.1657,81.6102,80.1878,81.1657,340990
VIC,20200715,81.5213,81.5213,80.4545,80.4545,384240
VIC,20200716,80.8101,82.677,80.5434,82.677,328050
VIC,20200717,81.3435,81.788,80.899,81.3435,214530
VIC,20200720,80.1878,81.2546,80.1878,80.1878,222400
VIC,20200721,81.0768,81.0768,80.1878,80.1878,220660
VIC,20200722,80.01,80.899,79.8322,79.8322,202110
VIC,20200723,80.01,80.2767,79.5655,80.01,181680
VIC,20200724,79.9211,80.01,74.676,78.232,674430
VIC,20200727,74.5871,76.454,73.6981,75.565,825080
VIC,20200728,75.565,77.343,71.0311,75.7428,534300
VIC,20200729,74.676,75.565,73.787,74.2315,379370
VIC,20200730,74.2315,76.0095,74.2315,75.6539,242030
VIC,20200731,74.676,80.01,74.4982,77.7875,939040
VIC,20200803,75.565,78.3209,75.565,77.8764,164310
VIC,20200804,78.8543,78.8543,77.6986,78.232,229230
VIC,20200805,78.232,78.6765,75.3872,77.343,434490
VIC,20200806,78.232,78.4098,77.4319,77.7875,332340
VIC,20200807,77.8764,78.4098,77.6097,77.7875,182500
VIC,20200810,78.232,79.9211,77.6986,78.4098,542550
VIC,20200811,79.2988,79.2988,77.7875,77.7875,215330
VIC,20200812,77.7875,78.6765,77.6986,77.6986,302330
VIC,20200813,78.6765,79.121,77.7875,78.232,458680
VIC,20200814,78.232,79.121,77.6986,77.6986,654070
VIC,20200817,77.9653,78.6765,77.1652,77.9653,376200
VIC,20200818,77.6097,77.9653,76.6318,76.8985,772670
VIC,20200819,76.8985,77.8764,76.8985,76.8985,347140
VIC,20200820,76.9874,77.5208,76.454,76.454,990220
VIC,20200821,76.454,77.2541,76.3651,76.5429,376790
VIC,20200824,76.8985,79.121,76.8985,79.121,1052840
VIC,20200825,79.121,81.6991,79.121,80.899,1074660
VIC,20200826,80.7212,81.0768,80.01,80.899,547280
VIC,20200827,80.0989,80.899,80.0989,80.899,437950
VIC,20200828,81.1657,82.0547,79.9211,79.9211,636020
VIC,20200831,80.01,81.3435,80.01,80.01,276580
VIC,20200901,80.1878,83.566,79.9211,82.4103,675310
VIC,20200903,83.1215,84.9884,82.4103,84.0105,1037080
VIC,20200904,84.0105,84.8995,82.9437,83.566,825960
VIC,20200907,83.566,84.7217,81.3435,81.3435,465400
VIC,20200908,81.4324,82.2325,80.4545,80.4545,622290
VIC,20200909,80.3656,82.1436,79.4766,80.4545,865880
VIC,20200910,80.899,82.2325,80.4545,80.4545,421160
VIC,20200911,80.01,82.0547,79.9211,80.9879,411350
VIC,20200914,81.1657,83.2104,81.0768,82.7659,608930
VIC,20200915,82.8548,84.455,82.8548,84.455,983560
VIC,20200916,84.3661,84.8995,82.7659,84.8995,544300
VIC,20200917,82.7659,84.8995,82.677,83.566,833870
VIC,20200918,84.455,84.8106,83.1215,83.566,1089310
VIC,20200921,83.566,85.344,83.566,85.344,571860
VIC,20200922,85.344,85.5218,84.0994,84.0994,505230
VIC,20200923,84.455,85.0773,84.0105,84.0105,111830
VIC,20200924,83.3882,84.8995,82.677,82.677,388940
VIC,20200925,84.0105,84.2772,82.4992,82.4992,412210
VIC,20200928,82.677,83.7438,82.4992,82.4992,202840
VIC,20200929,83.566,83.566,81.3435,81.3435,394490
VIC,20200930,81.3435,83.0326,81.3435,81.3435,417360
VIC,20201001,81.6991,83.0326,81.6991,82.2325,212510
VIC,20201002,82.2325,83.566,81.788,83.566,400770
VIC,20201005,83.566,83.566,81.788,82.9437,90450
VIC,20201006,82.9437,82.9437,81.6102,81.6102,521190
VIC,20201007,81.3435,83.1215,80.899,82.2325,381520
VIC,20201008,81.788,82.5881,81.3435,82.0547,216990
VIC,20201009,82.0547,83.2993,82.0547,83.2104,309580
VIC,20201012,83.2104,83.566,82.2325,83.4771,326290
VIC,20201013,83.4771,83.6549,83.0326,83.6549,271990
VIC,20201014,83.6549,84.455,83.566,84.455,389260
VIC,20201015,84.5439,86.6775,80.899,86.6775,1358580
VIC,20201016,87.2109,87.2109,86.1441,86.7664,596590
VIC,20201019,86.9442,87.0331,86.5886,86.8553,370590
VIC,20201020,86.5886,87.0331,85.1662,86.9442,511250
VIC,20201021,86.9442,87.0331,85.9663,86.4997,172010
VIC,20201022,86.233,88.9889,86.0552,88.9889,621610
VIC,20201023,89.0778,93.2561,88.9,92.456,1761080
VIC,20201026,96.901,97.3455,93.2561,93.4339,974720
VIC,20201027,95.123,95.2119,92.456,93.9673,804020
VIC,20201028,93.9673,95.123,87.8332,89.0778,1184890
VIC,20201029,89.0778,91.567,88.9,89.5223,1327780
VIC,20201030,90.2335,94.6785,89.5223,94.6785,972400
VIC,20201102,94.6785,95.123,93.345,94.6785,691110
VIC,20201103,95.123,95.123,92.8116,92.8116,751070
VIC,20201104,92.7227,92.8116,91.567,92.0115,495340
VIC,20201105,92.6338,95.0341,92.456,92.9005,789860
VIC,20201106,94.234,94.234,92.9005,93.4339,592830
VIC,20201109,93.4339,94.4118,93.0783,94.3229,803680
VIC,20201110,94.6785,95.3008,93.8784,93.8784,781980
VIC,20201111,93.8784,94.234,91.567,94.0562,1032780
VIC,20201112,94.0562,94.9452,93.345,94.9452,682660
VIC,20201113,94.9452,96.012,94.3229,95.4786,535350
VIC,20201116,95.4786,96.4565,88.9,90.678,1781800
VIC,20201117,91.567,94.234,90.8558,94.234,862320
VIC,20201118,94.234,94.234,91.567,93.2561,751270
VIC,20201119,93.1672,93.1672,91.567,92.456,1192700
VIC,20201120,92.9005,92.9005,91.9226,92.2782,533840
VIC,20201123,92.456,93.4339,91.6559,92.2782,735650
VIC,20201124,92.3671,93.345,91.6559,92.456,812220
VIC,20201125,93.8784,94.4118,92.5449,93.8784,1222490
VIC,20201126,93.345,94.4118,92.9005,94.3229,545450
VIC,20201127,94.234,94.3229,93.1672,93.5228,720830
VIC,20201130,93.5228,93.7895,92.2782,92.3671,1596840
VIC,20201201,91.567,93.345,91.3892,93.345,953230
VIC,20201202,93.2561,93.7895,92.6338,93.345,497910
VIC,20201203,93.345,94.0562,92.7227,94.0562,731750
VIC,20201204,94.0562,94.6785,92.9005,94.0562,797060
VIC,20201207,94.0562,94.234,93.4339,94.0562,678660
VIC,20201208,94.0562,94.0562,93.1672,93.345,747280
VIC,20201209,93.345,94.234,92.8116,94.234,789790
VIC,20201210,94.234,95.123,93.2561,93.2561,979550
VIC,20201211,93.2561,94.9452,93.2561,94.9452,569360
VIC,20201214,94.8563,96.8121,93.7895,96.8121,1122380
VIC,20201215,96.8121,96.8121,94.8563,95.123,1205700
VIC,20201216,94.9452,95.2119,94.1451,95.123,756200
VIC,20201217,95.123,95.123,92.9894,93.0783,1352580
VIC,20201218,93.0783,94.3229,92.9005,93.0783,1350780
VIC,20201221,93.7895,94.5896,93.2561,94.5896,587100
VIC,20201222,94.234,95.5675,93.6117,93.9673,518320
VIC,20201223,93.9673,95.123,93.7006,93.9673,701430
VIC,20201224,95.123,95.123,92.456,93.9673,831440
VIC,20201225,93.9673,94.5896,93.345,94.1451,370300
VIC,20201228,94.1451,94.7674,93.7006,94.1451,711710
VIC,20201229,94.3229,94.7674,94.0562,94.6785,612360
VIC,20201230,96.4565,97.4344,94.8563,96.4565,1528950
VIC,20201231,96.4565,97.1677,93.7895,96.1898,656040
VIC,20210104,96.4565,96.901,94.6785,96.012,991100
VIC,20210105,95.3008,97.7011,95.3008,97.5233,1192200
VIC,20210106,97.79,98.2345,96.8121,97.9678,1283000
VIC,20210107,98.1456,98.679,96.901,97.8789,862300
VIC,20210108,97.8789,100.1903,97.8789,99.3902,1348700
VIC,20210111,100.2792,101.8794,100.2792,101.1682,1536700
VIC,20210112,103.124,103.124,101.0793,101.7016,981100
VIC,20210113,101.7016,101.8794,98.7679,98.7679,1237900
VIC,20210114,99.1235,99.8347,97.79,98.1456,1439100
VIC,20210115,99.0346,99.7458,97.6122,98.8568,1238000
VIC,20210118,99.568,99.6569,97.8789,98.0567,826900
VIC,20210119,98.0567,98.0567,91.2114,91.3003,1367600
VIC,20210120,91.567,93.345,91.1225,91.8337,1875500
VIC,20210121,93.345,93.5228,91.567,93.4339,1564600
VIC,20210122,93.4339,94.6785,93.345,93.345,1094200
VIC,20210125,93.345,94.0562,92.5449,93.1672,827300
VIC,20210126,93.1672,93.345,88.5444,90.2335,1028600
VIC,20210127,90.2335,91.567,88.4555,88.9,1488900
VIC,20210128,83.8327,85.344,82.677,82.677,1742900
VIC,20210129,82.2325,88.4555,82.2325,88.3666,1692900
VIC,20210201,88.3666,91.567,87.8332,88.011,1340000
VIC,20210202,88.011,94.1451,88.011,94.1451,1771200
VIC,20210203,93.345,96.012,93.345,95.5675,1698900
VIC,20210204,95.4786,95.5675,90.678,93.345,1022400
VIC,20210205,93.345,95.5675,93.345,95.5675,922900
VIC,20210208,89.789,95.8342,89.789,89.789,3422500
VIC,20210209,94.4118,94.6785,90.2335,94.4118,1758000
VIC,20210217,94.5007,96.012,94.4118,96.012,1253600
VIC,20210218,95.5675,97.79,94.3229,97.79,1434400
VIC,20210219,95.6564,97.3455,95.123,96.901,1433200
VIC,20210222,97.0788,98.4123,94.234,97.5233,1481000
VIC,20210223,96.1898,99.3013,95.5675,97.79,1393900
VIC,20210224,99.0346,99.0346,94.234,96.1898,950100
VIC,20210225,97.3455,97.7011,94.3229,96.8121,1013500
VIC,20210226,94.4118,97.7011,94.4118,96.901,926800
VIC,20210301,97.7011,97.7011,95.7453,96.4565,777700
VIC,20210302,96.4565,96.9899,94.4118,96.1898,926300
VIC,20210303,94.7674,96.1898,94.6785,95.0341,1075300
VIC,20210304,95.6564,95.9231,94.7674,95.0341,1671400
VIC,20210305,95.0341,95.5675,94.0562,94.5007,1294800
VIC,20210308,94.6785,95.123,93.345,94.234,1390100
VIC,20210309,93.345,94.5007,88.9,92.7227,1587600
VIC,20210310,92.9005,94.234,90.7669,94.234,576300
VIC,20210311,94.234,96.012,93.8784,94.1451,1108700
VIC,20210312,94.1451,94.6785,93.345,94.1451,1122300
VIC,20210315,94.1451,94.4118,93.7006,94.234,2632400
VIC,20210316,94.234,94.234,93.2561,93.7006,1360600
VIC,20210317,92.6338,93.6117,92.456,93.0783,1260400
VIC,20210318,93.7895,94.7674,93.5228,94.7674,1473900
VIC,20210319,93.8784,96.3676,93.8784,96.3676,1625700
VIC,20210322,96.3676,96.3676,92.9005,95.3897,973900
VIC,20210323,94.234,95.123,93.4339,94.6785,1034700
VIC,20210324,93.7895,96.012,92.2782,95.9231,1104100
VIC,20210325,95.3897,99.9236,95.2119,98.1456,4322000
VIC,20210326,97.79,100.9015,97.79,99.9236,2927800
VIC,20210329,100.0125,100.9015,99.8347,100.2792,3140900
VIC,20210330,100.2792,105.4354,99.568,104.013,5179600
VIC,20210331,104.4575,106.2355,104.013,104.8131,2823600
VIC,20210401,105.3465,110.5916,104.013,109.347,2230900
VIC,20210402,110.1471,110.1471,108.0135,109.347,2255500
VIC,20210405,112.014,112.1918,109.5248,110.5027,2249000
VIC,20210406,110.5027,115.1255,110.236,112.903,1979400
VIC,20210407,112.903,113.792,111.7473,113.5253,1698500
VIC,20210408,114.1476,114.1476,110.236,111.4806,1509200
VIC,20210409,110.9472,111.4806,109.4359,111.0361,1755500
VIC,20210412,111.0361,118.0592,109.7026,117.348,3481900
VIC,20210413,123.571,125.5268,120.904,125.0823,5053200
VIC,20210414,124.46,126.0602,122.7709,124.46,4102600
VIC,20210415,124.3711,128.905,124.3711,125.2601,3419000
VIC,20210416,125.2601,128.1049,124.46,127.127,2988000
VIC,20210419,126.3269,128.1938,125.4379,128.016,2820300
VIC,20210420,128.016,129.7051,127.127,127.2159,3108200
VIC,20210422,126.238,127.0381,122.2375,123.3932,3319500
VIC,20210423,123.3932,124.0155,118.237,122.9487,4410000
VIC,20210426,123.571,124.0155,116.459,116.9035,2434500
VIC,20210427,116.9035,118.237,116.9035,117.4369,1631700
VIC,20210428,117.4369,118.4148,115.3922,116.9035,1613300
VIC,20210429,116.9035,118.237,116.1923,116.459,2181100
VIC,20210504,116.1034,119.9261,112.8141,118.7704,1732600
VIC,20210505,118.7704,120.7262,118.7704,118.8593,1268600
VIC,20210506,118.8593,119.126,116.459,117.7925,1064200
VIC,20210507,117.348,117.348,114.2365,117.348,1769100
VIC,20210510,117.348,117.7925,114.7699,117.7925,1099300
VIC,20210511,117.7925,118.5926,116.0145,116.459,1164200
VIC,20210512,115.57,117.348,113.792,115.3922,1390400
VIC,20210513,113.792,115.57,112.4585,112.4585,1723500
VIC,20210514,112.4585,112.903,109.5248,111.3917,2609800
VIC,20210517,112.014,115.57,110.236,110.236,2417900
VIC,20210518,110.236,112.014,107.569,107.569,2452700
VIC,20210519,106.68,107.569,104.9909,106.7689,2178400
VIC,20210520,106.7689,109.5248,106.68,109.2581,2084900
VIC,20210521,109.347,109.347,107.1245,108.9025,1622400
VIC,20210524,108.9025,109.8804,107.569,108.5469,1985800
VIC,20210525,108.8136,108.8136,107.7468,108.7247,1514900
VIC,20210526,108.458,108.6358,107.1245,108.1913,1677500
VIC,20210527,107.4801,107.569,105.791,106.9467,2081300
VIC,20210528,106.7689,109.347,105.791,106.5022,1847400
VIC,20210531,106.5022,106.68,103.124,104.4575,1846800
VIC,20210601,103.3018,107.569,103.124,106.68,2155400
VIC,20210602,106.8578,108.3691,104.013,104.4575,3130600
VIC,20210603,104.902,105.6132,104.013,105.3465,2488900
VIC,20210604,105.3465,107.569,105.3465,107.569,3689200
VIC,20210607,109.1692,112.4585,108.458,109.347,3681800
VIC,20210608,111.0361,111.7473,105.791,106.5022,2699600
VIC,20210609,106.68,107.569,104.013,105.6132,1813300
VIC,20210610,105.3465,105.9688,103.5685,103.5685,2929000
VIC,20210611,104.013,104.902,103.3907,104.902,1729000
VIC,20210614,105.0798,107.1245,104.9909,106.68,1933100
VIC,20210615,106.68,108.458,106.2355,108.1913,1348000
VIC,20210616,108.1913,108.1913,105.791,105.8799,1180600
VIC,20210617,104.902,105.7021,104.013,104.013,2848500
VIC,20210618,104.902,105.1687,104.013,104.3686,1788400
VIC,20210621,104.4575,105.7021,104.2797,104.3686,1497200
VIC,20210622,104.902,105.5243,104.1019,104.4575,2161600
VIC,20210623,104.902,104.9909,103.5685,103.9241,1281200
VIC,20210624,104.8131,105.0798,103.8352,104.4575,1374300
VIC,20210625,104.1908,104.902,103.7463,104.4575,1763300
VIC,20210628,104.4575,104.5464,103.7463,103.7463,1711000
VIC,20210629,103.9241,106.0577,103.9241,104.902,2339900
VIC,20210630,104.902,108.0135,104.902,105.791,2685900
VIC,20210701,106.4133,106.5911,105.3465,105.4354,2194700
VIC,20210702,104.9909,105.7021,104.4575,104.4575,1789100
VIC,20210705,104.4575,104.4575,102.1461,102.235,2765200
VIC,20210706,102.235,103.124,99.568,99.568,3006500
VIC,20210707,99.568,101.346,97.79,101.346,2507000
VIC,20210708,100.457,100.457,98.2345,98.679,1480900
VIC,20210709,98.5012,98.679,95.5675,96.5454,1787900
VIC,20210712,96.4565,97.79,90.4113,92.456,2863900
VIC,20210713,92.5449,93.4339,88.011,91.567,2355200
VIC,20210714,91.567,94.5896,90.678,91.567,2585100
VIC,20210715,91.567,92.1893,89.9668,90.678,2584200
VIC,20210716,90.7669,94.3229,90.7669,94.0562,2158200
VIC,20210719,91.6559,93.345,89.3445,91.4781,1851300
VIC,20210720,91.2114,91.8337,88.9,91.567,2130300
VIC,20210721,91.6559,94.6785,90.678,92.456,2765100
VIC,20210722,92.456,94.9452,92.1893,94.4118,2242200
VIC,20210723,94.4118,96.7232,92.456,92.456,3088800
VIC,20210726,93.1672,93.7006,91.6559,92.6338,1940200
VIC,20210727,93.345,94.0562,92.7227,92.7227,1442800
VIC,20210728,92.7227,93.7895,92.456,93.5228,1192400
VIC,20210729,93.7895,93.8784,92.9005,93.4339,1076500
VIC,20210730,95.123,95.3897,94.234,95.3008,2339200
VIC,20210802,95.5675,97.4344,95.0341,95.5675,1682400
VIC,20210803,97.2566,102.235,96.901,101.7905,7293100
VIC,20210804,102.6795,103.4796,101.346,101.346,2882400
VIC,20210805,101.0793,102.235,100.3681,101.346,2049200
VIC,20210806,102.235,103.0351,100.7237,100.7237,3021900
VIC,20210809,100.6348,101.0793,99.2124,100.5459,3219800
VIC,20210810,102.235,102.235,100.457,100.457,2830600
VIC,20210811,100.457,101.346,98.679,98.679,2382000
VIC,20210812,98.679,100.3681,98.2345,98.7679,1833400
VIC,20210813,99.1235,99.7458,98.2345,98.5901,2119300
VIC,20210816,99.568,100.1903,98.3234,98.3234,3085800
VIC,20210817,100,103.4,98.9,98.9,4887500
VIC,20210818,99,100.2,97.9,97.9,2297700
VIC,20210819,97.9,104,96.7,104,3521100
VIC,20210820,100,102,97.2,97.7,4953900
VIC,20210823,97.5,97.7,95.8,96.2,2161000
VIC,20210824,96.4,97,95.1,95.4,1417400
VIC,20210825,95.4,95.4,93,94.6,2057000
VIC,20210826,94.6,94.6,93,93.1,1766200
VIC,20210827,93,95,91.5,94.8,2485900
VIC,20210830,95,95.3,94.1,94.1,1414900
VIC,20210831,94.1,95.1,93.8,94.1,1529600
VIC,20210901,94.1,95,94.1,94.1,1303100
VIC,20210906,94.4,95.8,94.2,95,1928800
VIC,20210907,95.5,95.5,93.9,93.9,2280200
VIC,20210908,94,94.3,92,92,2505700
VIC,20210909,92.2,92.4,91.3,91.3,2696600
VIC,20210910,91.8,92,91.3,91.3,1614600
VIC,20210913,91.8,93.4,91.6,92,1828100
VIC,20210914,92.3,92.9,91.9,92,1419300
VIC,20210915,92,92.4,91.3,91.4,1037000
VIC,20210916,91.4,91.4,87.8,87.8,15130200
VIC,20210917,88,89.2,86.8,86.8,5567900
VIC,20210920,87,88.9,86,86.7,4014800
VIC,20210921,85.5,86.4,85,85.6,4524800
VIC,20210922,85.6,86.9,85.4,86.1,2845500
VIC,20210923,86.5,87.4,86.4,87.1,2664100
VIC,20210924,87.1,87.5,86.3,87,3207900
VIC,20210927,87,87.5,83.2,86.1,3000800
VIC,20210928,85.3,87,85.2,86.5,2387300
VIC,20210929,86.7,86.9,86,86.7,1911200
VIC,20210930,86.5,89.4,86.5,88,3404700
VIC,20211001,88,88.4,87.2,87.7,1734200
VIC,20211004,87.6,88,87.1,87.8,1565200
VIC,20211005,87.8,88.8,87.1,88.6,2370600
VIC,20211006,88.8,89,88.1,88.6,1736800
VIC,20211007,88.3,89.5,88.3,88.8,2290900
VIC,20211008,89,89.5,88.8,89.3,1298500
